t_h,R_measured_cm,R_implied_cm,Cbar,rho_dry,m_dry
0.0,2.0,2.0,2.55,278.7323943661972,0.3502654569833353
0.016666666666666666,1.995766666666667,1.9979915838572504,2.5394854812218375,279.2930493865777,0.34948579631699317
0.03333333333333333,1.9915333333333334,1.9961739162718346,2.529995978893031,279.8019159245912,0.34863879857102015
0.05,1.9873000000000003,1.9944652900540025,2.521098543617321,280.2815248424404,0.34775325950001107
0.06666666666666667,1.9830666666666668,1.99283581802706,2.512633803539162,280.7400649976493,0.3468397766737918
0.08333333333333333,1.9788333333333334,1.9912685421785197,2.5045109919885364,281.18216536676556,0.3459043938033087
0.1,1.9746,1.9897520508140385,2.496668910501144,281.610935192596,0.3449511942685239
0.11666666666666667,1.9703666666666668,1.98827846603596,2.4890651728298634,282.0285138888895,0.34398301221138144
0.13333333333333333,1.9661333333333333,1.986841877741558,2.481667917020824,282.4365034139448,0.34300198336419463
0.15,1.9619000000000002,1.9854377100828071,2.4744524245083186,282.83614168204184,0.3420097690207678
0.16666666666666666,1.9576666666666667,1.9840620247568406,2.467397465563522,283.22849677722525,0.341007799539076
0.18333333333333332,1.9534333333333334,1.9827115046819803,2.4604851721915413,283.61446926116605,0.33999728166421006
0.2,1.9491999999999998,1.9813833462935047,2.4537004490419756,283.9948208843218,0.3389792372660231
0.21666666666666667,1.9449666666666667,1.9800753980424406,2.447031647422498,284.3701330682558,0.33795445769413585
0.23333333333333334,1.9407333333333332,1.97878580236571,2.440468708929357,284.7409079062655,0.33692362803357867
0.25,1.9365,1.9775129759703647,2.4340030480489365,285.1075728895079,0.3358873347834226
0.26666666666666666,1.9322666666666668,1.9762552700367537,2.4276258152876355,285.4705782094758,0.33484618196466176
0.2833333333333333,1.9280333333333333,1.9750113370623674,2.421329752942382,285.8302906709862,0.33380066669423564
0.3,1.9238000000000002,1.9737801612474686,2.4151093328713267,286.18698398644915,0.3327511700866431
0.31666666666666665,1.9195666666666666,1.972560374384768,2.408957292901406,286.5410365788874,0.3316981886500226
0.3333333333333333,1.9153333333333336,1.9713511428152217,2.4028691127909525,286.89267432636626,0.3306420351612977
0.35,1.9111,1.9701515652339887,2.3968399656708153,287.24214469070137,0.3295830423863713
0.36666666666666664,1.9068666666666667,1.9689608274890587,2.3908654961643854,287.5896716510513,0.32852151107700134
0.38333333333333336,1.9026333333333332,1.967778228617308,2.3849419461898287,287.93544783069854,0.32745770163962507
0.4,1.8984,1.9666030168573423,2.379065330200451,288.2796822576539,0.3263918890279496
0.4166666666666667,1.8941666666666666,1.9654347085645694,2.3732330274843854,288.6225068179347,0.3253242569086344
0.43333333333333335,1.8899333333333335,1.964272937939993,2.3674430222274454,288.9640197555053,0.32425494843851516
0.45,1.8857,1.963117142343439,2.3616923338967664,289.3043781086764,0.32318417038551966
0.4666666666666667,1.8814666666666666,1.9619669436095153,2.355978917597512,289.64368562828804,0.32211206702097356
0.48333333333333334,1.8772333333333335,1.9608217858136077,2.3502998613322417,289.9820994332058,0.3210388395473364
0.5,1.873,1.9596811073232794,2.3446522440955437,290.3197794876222,0.319964689097362
0.5166666666666667,1.8703666666666667,1.958545090651791,2.3390368393806162,290.6566660475311,0.31943585979808325
0.5333333333333333,1.8677333333333335,1.9574140228256778,2.3334549311733976,290.99266791771373,0.31890524225424255
0.55,1.8651,1.9562878143407816,2.3279059416334267,291.3278054580911,0.3183728713154211
0.5666666666666667,1.8624666666666667,1.9551660171779477,2.322387534583042,291.662206177307,0.3178388983222551
0.5833333333333334,1.8598333333333334,1.9540483578355545,2.3168982453264046,291.9959463465746,0.3173034173439713
0.6,1.8572000000000002,1.952934749620887,2.3114375338778363,292.3290468702881,0.31676646149714255
0.6166666666666667,1.854566666666667,1.9518249726252708,2.306004212050932,292.66156877772244,0.31622810698024173
0.6333333333333333,1.8519333333333332,1.9507186633716458,2.300596397971536,292.99361667235814,0.31568847617587514
0.65,1.8493,1.949615408085691,2.2952119763254375,293.32531103116816,0.31514770722477414
0.6666666666666666,1.8466666666666667,1.9485150116375902,2.289849909618627,293.6567072683474,0.3146058670774982
0.6833333333333333,1.8440333333333332,1.9474174243441018,2.2845098738859426,293.9878172773812,0.3140629755060367
0.7,1.8414,1.9463223611320815,2.2791904045840647,294.3187242385772,0.31351912806688154
0.7166666666666667,1.8387666666666667,1.9452298287547087,2.273891460514652,294.6494235012534,0.3129743260026615
0.7333333333333333,1.8361333333333334,1.944139668960564,2.2686122022448547,294.97996046758004,0.31242862362083285
0.75,1.8335000000000001,1.9430514673938213,2.263350558113589,295.3104587045346,0.31188215722320667
0.7666666666666667,1.8308666666666666,1.9419652956580276,2.258106813422354,295.64089465692626,0.31133490667688174
0.7833333333333333,1.8282333333333334,1.9408812395858792,2.2528813201887994,295.971240279099,0.31078684741791507
0.8,1.8256000000000001,1.939798985482315,2.2476725067823446,296.30158940003696,0.3102380828268299
0.8166666666666667,1.8229666666666668,1.9387185534962645,2.242480414196103,296.631934326151,0.3096886091576979
0.8333333333333334,1.8203333333333336,1.9376398094125855,2.2373043429908686,296.96231463397197,0.30913847196574445
0.85,1.8177000000000003,1.9365628196441849,2.2321445583768567,297.29270857132263,0.3085876526708829
0.8666666666666667,1.8150666666666668,1.9354872674567696,2.226999492430468,297.6232120803274,0.3080362547675532
0.8833333333333333,1.8124333333333333,1.93441295224667,2.2218681409270924,297.9538859734984,0.30748434434558963
0.9,1.8097999999999999,1.9333399209279838,2.216750685203033,298.28471509526116,0.30693190859838154
0.9166666666666666,1.8071666666666666,1.9322679890679955,2.211646204593602,298.6157556961605,0.30637900816766733
0.9333333333333333,1.8045333333333333,1.9311970634759308,2.2065542174202806,298.9470361549117,0.3058256745138099
0.95,1.8019,1.9301271664021977,2.2014747924855134,299.278549240063,0.30527190244072644
0.9666666666666667,1.7992666666666668,1.929058260662438,2.19640771656794,299.6103061343486,0.30471770557286953
0.9833333333333333,1.7966333333333333,1.9279904648516917,2.1913535144500464,299.94226962519963,0.3041630483313854
1.0,1.794,1.9269234835874036,2.1863107526196055,300.27453127387645,0.3036080257893613
1.0166666666666666,1.7909666666666668,1.9258571078437585,2.181278413305947,300.60715629215986,0.3029173812670099
1.0333333333333334,1.7879333333333334,1.9247912869755432,2.176256230499299,300.9401607988905,0.30222658496782007
1.05,1.7849,1.9237259332887373,2.171243765530816,301.27357262233437,0.30153566663704323
1.0666666666666667,1.7818666666666667,1.9226608314423836,2.1662399830598487,301.6074598213219,0.30084469578356804
1.0833333333333333,1.7788333333333333,1.9215959498872028,2.1612447153767924,301.9418331459803,0.3001536840373599
1.1,1.7758,1.9205314300976994,2.156258605537906,302.2766489489904,0.29946258900818395
1.1166666666666667,1.7727666666666666,1.9194671513885246,2.1512810675208107,302.6119459496849,0.2987714502343837
1.1333333333333333,1.7697333333333336,1.9184031437595168,2.146312221903315,302.94771553049924,0.298080260170476
1.15,1.7667000000000002,1.9173395650810703,2.1413527843000515,303.2839085595691,0.29738897167701306
1.1666666666666667,1.763666666666667,1.9162762474021482,2.136401950102657,303.6205788221979,0.29669763886263356
1.1833333333333333,1.7606333333333335,1.9152130742716118,2.131459158679717,303.9577641122692,0.29600629955502883
1.2,1.7576,1.9141499748694386,2.126524064348817,304.2954879637383,0.2953149772525153
1.2166666666666666,1.7545666666666668,1.913086904526396,2.1215964445569617,304.6337657349206,0.2946236872492162
1.2333333333333334,1.7515333333333334,1.9120240101911747,2.1166769642463126,304.9725517549818,0.2939323858328165
1.25,1.7485,1.9109613145013649,2.1117657102835468,305.3118397653881,0.2932410677736294
1.2666666666666666,1.7454666666666667,1.9098987992931686,2.1068625808225656,305.6516365209215,0.29254974039844545
1.2833333333333334,1.7424333333333333,1.908836220211368,2.1019664330973598,305.9920213356387,0.2918584801694782
1.3,1.7394,1.9077736480620227,2.097077580036615,306.3329728382455,0.29116726681323296
1.3166666666666667,1.7363666666666666,1.9067110748873253,2.0921959710869253,306.674494845969,0.29047610421783654
1.3333333333333333,1.7333333333333332,1.9056481845115718,2.0873201430999226,307.01669050986885,0.28978508999921443
1.35,1.7303,1.9045850647238416,2.0824504905553045,307.35953328460414,0.2890941984422284
1.3666666666666667,1.7272666666666665,1.9035218980867379,2.077587838713864,307.7029658006433,0.2884033753141118
1.3833333333333333,1.7242333333333333,1.902458744334866,2.0727324473773496,308.0469700744238,0.2877126039454002
1.4,1.7212,1.9013956555828493,2.067884540043544,308.39153046825237,0.2870218701065839
1.4166666666666667,1.7181666666666668,1.900332644969575,2.0630441614992074,308.73664389875086,0.28633117143622866
1.4333333333333333,1.7151333333333334,1.899269516228691,2.0582104048144716,309.0823754131613,0.28564056859591685
1.45,1.7121000000000002,1.8982061314139147,2.053382632951715,309.4287714777197,0.28495010430556456
1.4666666666666666,1.7090666666666667,1.8971425398189274,2.048561060786608,309.7758177187773,0.28425976487203175
1.4833333333333334,1.7060333333333333,1.8960789436209862,2.0437465934226124,310.12344964848165,0.2835694909891077
1.5,1.703,1.8950151326712457,2.0389382682824353,310.4717374462083,0.2828793469101441
1.5166666666666666,1.7004,1.8939514102656152,2.0341374440130675,310.82058323430203,0.28233312576183156
1.5333333333333334,1.6978,1.8928878993276201,2.029344658945568,311.1699477712149,0.28178675650499013
1.55,1.6952000000000003,1.8918243290994994,2.0245586779602527,311.5199211978406,0.281240320650896
1.5666666666666667,1.6926,1.8907609470863407,2.019780600153905,311.8704232903056,0.2806937453923406
1.5833333333333333,1.69,1.8896976655905544,2.015010015271277,312.2214840436331,0.28014705772039267
1.6,1.6874,1.8886345750471236,2.01024731287857,312.5730746884407,0.2796002317431634
1.6166666666666667,1.6848,1.8875716276756827,2.005492262355898,312.92521208316504,0.27905328258890927
1.6333333333333333,1.6822,1.8865091123442261,2.0007461370501733,313.27780138663474,0.27850612591221197
1.65,1.6795999999999998,1.8854466656098356,1.9960072954039256,313.6309641260969,0.2779588701821853
1.6666666666666667,1.677,1.88438421815657,1.9912754144539984,313.98472463034506,0.2774115366699849
1.6833333333333333,1.6744,1.8833218646058605,1.9865509016178522,314.33905266340935,0.2768640983353351
1.7,1.6718,1.8822595082404383,1.981833312827481,314.6939817587194,0.2763165844763875
1.7166666666666666,1.6691999999999998,1.8811973161984223,1.9771233756950952,315.04945729485235,0.27576894687604414
1.7333333333333334,1.6666,1.8801351405853945,1.9724204196878574,315.4055299722233,0.27522122983112896
1.75,1.6640000000000001,1.8790730514601122,1.9677247410576433,315.76217758026445,0.2746734136772805
1.7666666666666666,1.6614,1.8780108534558637,1.9630354633643325,316.11946710865857,0.2741255563573916
1.7833333333333334,1.6587999999999998,1.8769488226265032,1.9583537918626797,316.4773070222089,0.2735775780660907
1.8,1.6562000000000001,1.8758869785131167,1.9536797964289845,316.83569180722765,0.27302947413381423
1.8166666666666667,1.6536000000000002,1.874825398894046,1.9490138022675,317.19459620190185,0.27248122300032124
1.8333333333333333,1.651,1.8737637939220124,1.9443545203387549,317.5541193738161,0.2719329099453355
1.85,1.6483999999999999,1.8727023974696986,1.939702962605695,317.9141833452877,0.2713844679743979
1.8666666666666667,1.6458,1.8716413273815753,1.9350596277004422,318.2747490635926,0.27083586407128174
1.8833333333333333,1.6432000000000002,1.870580366908152,1.9304235502881975,318.6358911953556,0.27028716211716347
1.9,1.6406,1.8695195195283996,1.9257947308406083,318.9976097562739,0.2697383620814907
1.9166666666666667,1.638,1.8684589121353328,1.92117370709949,319.3598625688236,0.26918942838343435
1.9333333333333333,1.6354,1.867398321431336,1.9165594911952928,319.72272707710624,0.2686404264175491
1.95,1.6328000000000003,1.8663376182873024,1.9119515097598847,320.08624894830314,0.2680913941499799
1.9666666666666666,1.6302,1.86527694652521,1.9073503759076924,320.450380371104,0.2675422910309124
1.9833333333333334,1.6276,1.8642165385065277,1.9027570823887072,320.8150427278091,0.26699305139808044
2.0,1.625,1.8631559813631404,1.8981698273375947,321.1803793138982,0.2664437945342557
2.0166666666666666,1.6238,1.862095885402798,1.8935912352373792,321.5461810365332,0.2663534354476571
2.033333333333333,1.6226,1.8610369615507354,1.8890243489095522,321.9122025582402,0.2662626533771306
2.05,1.6214,1.85997957095373,1.8844706882432098,322.27831807438616,0.2661713446064662
2.066666666666667,1.6202,1.8589235237042838,1.8799293963021984,322.6445922112791,0.2660795630807986
2.0833333333333335,1.619,1.8578688927557077,1.8754007489661475,323.010998637633,0.2659872875299754
2.1,1.6178000000000001,1.8568155472406953,1.8708841471396147,323.3775818392219,0.26589455504197274
2.1166666666666667,1.6166,1.8557633667556719,1.8663790398878164,323.7443829571899,0.2658013997424954
2.1333333333333333,1.6154000000000002,1.8547127049770913,1.8618869048697049,324.11127772377984,0.2657077199548189
2.15,1.6142,1.8536634657044433,1.8574072918833853,324.4782985271893,0.26561354284504446
2.1666666666666665,1.6130000000000002,1.85261525833779,1.8529384990439373,324.8455812224929,0.2655189799928694
2.183333333333333,1.6118000000000001,1.8515682527775943,1.8484812185831796,325.2130656958499,0.2654239823771901
2.2,1.6106000000000003,1.8505223813408695,1.844035129454435,325.58077502668704,0.2653285690678979
2.216666666666667,1.6094000000000002,1.8494777166681076,1.839600507635844,325.9486829919676,0.2652327189052468
2.2333333333333334,1.6082000000000003,1.8484343403378483,1.835177665337854,326.3167600363272,0.26513640815038964
2.25,1.6070000000000002,1.8473925897310437,1.8307679949664615,326.68488593602956,0.2650395396495777
2.2666666666666666,1.6058,1.8463522006279216,1.8263703398497158,327.05315278521687,0.26494218882883497
2.283333333333333,1.6046,1.8453128130329228,1.8219831458383218,327.4216872939417,0.2648444586686828
2.3,1.6034,1.8442748038890038,1.8176079714946043,327.79035507363267,0.26474624065607133
2.316666666666667,1.6022,1.8432380936881863,1.8132444466720887,328.1591833559194,0.26464755726940553
2.3333333333333335,1.601,1.8422029092755157,1.808893489974579,328.5280902929728,0.26454834301967706
2.35,1.5998,1.841169054079389,1.80455423888781,328.8971447618353,0.26444865400363493
2.3666666666666667,1.5986,1.8401362684148368,1.800225571354518,329.26643869476175,0.26434856449592314
2.3833333333333333,1.5974000000000002,1.8391045311397447,1.7959073692505811,329.6359791345977,0.26424808027851393
2.4,1.5962,1.8380742991767531,1.7916015117333837,330.00560151007306,0.26414706973531843
2.4166666666666665,1.5950000000000002,1.8370454678761237,1.7873075252264896,330.3753421307746,0.2640455625933506
2.433333333333333,1.5938,1.8360180424846269,1.7830253964577154,330.74519796074736,0.26394355700667055
2.45,1.5926000000000002,1.834991690412429,1.7787537070788495,331.11528786922753,0.2638411482817495
2.466666666666667,1.5914000000000001,1.8339666944994808,1.7744936026646168,331.4855090516459,0.26373825478566365
2.4833333333333334,1.5902000000000003,1.8329431684872568,1.7702455210273746,331.85581924576974,0.26363484347638755
2.5,1.5890000000000002,1.83192095931432,1.7660087924565993,332.22627268113166,0.26353095805512317
2.5166666666666666,1.5877666666666668,1.830899996574506,1.761783092770303,332.5968939247626,0.2634155581412894
2.533333333333333,1.5865333333333336,1.829880307157612,1.7575685013965785,332.9676723028554,0.26329968833483075
2.55,1.5853000000000002,1.8288616777615292,1.7533641065677192,333.3386846301293,0.263183409767168
2.566666666666667,1.584066666666667,1.8278442989787425,1.749170665122346,333.7098607591112,0.2630666673416069
2.5833333333333335,1.5828333333333333,1.826828466602973,1.7449893624087074,334.08109159741156,0.2629493756542328
2.6,1.5816000000000001,1.8258136832834144,1.7408181192527297,334.4525579036497,0.2628316776183697
2.6166666666666667,1.5803666666666667,1.8248000534127988,1.7366573362036795,334.82422082460323,0.262713542947521
2.6333333333333333,1.5791333333333335,1.8237875786319164,1.7325069906552062,335.1960790187571,0.2625949709337314
2.65,1.5779,1.8227761374877975,1.7283665565253126,335.5681764598642,0.2624759963216063
2.6666666666666665,1.5766666666666669,1.821766090653655,1.7242374801462186,335.9403796045119,0.26235651500779983
2.683333333333333,1.5754333333333335,1.82075740873999,1.7201196085987236,336.31269811887137,0.2622365352090078
2.7,1.5742000000000003,1.8197495329560356,1.716010632921765,336.685337634059,0.26211621765794635
2.716666666666667,1.5729666666666666,1.818743175752183,1.7119134287752973,337.05803396628806,0.2619953568976687
2.7333333333333334,1.5717333333333334,1.8177383164691072,1.7078278775136757,337.4307933542634,0.26187395863067614
2.75,1.5705,1.816734338884245,1.7037514445746995,337.80384356128974,0.26175220018095796
2.7666666666666666,1.5692666666666668,1.8157315845045614,1.699685489827141,338.17705711449355,0.2616299829367916
2.783333333333333,1.5680333333333334,1.8147297139898564,1.695628610651335,338.5505597294096,0.26150740447885784
2.8,1.5668000000000002,1.8137291236116497,1.6915823846393279,338.9242030352268,0.2613843503977353
2.816666666666667,1.5655666666666668,1.8127298104580438,1.687546769866908,339.2979871130501,0.261260821314532
2.8333333333333335,1.5643333333333336,1.8117314744773474,1.6835205270470865,339.6720234658536,0.26113690351093544
2.85,1.5631000000000002,1.8107341473020337,1.6795037584784378,340.0462997597962,0.2610125876743712
2.8666666666666667,1.5618666666666667,1.8097382085279463,1.6754979644814483,340.42067267274336,0.26088776416811277
2.8833333333333333,1.5606333333333335,1.8087432986352834,1.6715016704508447,340.795276458476,0.26076253644008535
2.9,1.5594000000000001,1.8077493178729123,1.6675144509558035,341.1701482104176,0.26063693306391666
2.9166666666666665,1.5581666666666667,1.8067566803830437,1.6635379400791797,341.5451309772155,0.26051083442922096
2.933333333333333,1.5569333333333335,1.8057655672856614,1.6595728315260798,341.9201550181086,0.2603841880988253
2.95,1.5557,1.8047754536600564,1.6556169962778537,342.29541795337224,0.2602571452549903
2.966666666666667,1.5544666666666667,1.8037863933435996,1.651670624314311,342.6708988124246,0.260129690190067
2.9833333333333334,1.5532333333333335,1.802798400480312,1.6477337465029982,343.04659159362393,0.2600018186440376
3.0,1.552,1.8018110927083324,1.6438048166817902,343.4226414039557,0.2598736407334362
3.0166666666666666,1.5506,1.8008245329607167,1.6398840653391118,343.7990242817477,0.25968930959072595
3.033333333333333,1.5492000000000001,1.7998389297200705,1.6359722989943641,344.1756604405927,0.25950456605237476
3.05,1.5478,1.7988546331195194,1.6320708809491893,344.55241530516133,0.2593193091889563
3.066666666666667,1.5464,1.7978715988716927,1.628179607017506,344.92930475947384,0.2591335518404372
3.0833333333333335,1.545,1.7968892667191747,1.6242962356513178,345.3065431021031,0.2589474555535408
3.1,1.5436,1.7959079871671855,1.6204221303918485,345.6839954255044,0.25876091931414485
3.1166666666666667,1.5422,1.7949276197599724,1.6165567130756195,346.0617152503649,0.258573983634856
3.1333333333333333,1.5408000000000002,1.793948399572297,1.6127008862706151,346.4396114077804,0.25838658082509625
3.15,1.5394,1.7929703438232518,1.6088546916229824,346.8176764123223,0.25819870599095124
3.1666666666666665,1.538,1.7919931885233251,1.6050170668418633,347.196011699171,0.25801043522208883
3.183333333333333,1.5366000000000002,1.791016794057601,1.6011874426524106,347.5746710959077,0.2578218087466765
3.2,1.5352000000000001,1.790041489889267,1.5973670889339877,347.9535264208579,0.2576327317401774
3.216666666666667,1.5338,1.7890668690203777,1.5935543897639102,348.3327354322381,0.25744332140299125
3.2333333333333334,1.5324,1.7880929584479361,1.5897494320593621,348.71228764676965,0.25725356997010446
3.25,1.5310000000000001,1.7871201214026255,1.5859536133127716,349.09204115292977,0.25706337295487075
3.2666666666666666,1.5296,1.7861484064618103,1.582167098396742,349.47197623887337,0.25687271645784526
3.283333333333333,1.5282,1.7851776971454136,1.5783894093574826,349.85213776027706,0.25668163405940164
3.3,1.5268,1.7842078076244117,1.5746198013197787,350.23259809333814,0.25649017925461626
3.316666666666667,1.5254,1.7832389691493997,1.5708591511163488,350.6132660784099,0.2562982856069032
3.3333333333333335,1.524,1.7822707744954764,1.5671058575041925,350.9943014392836,0.25610607023023674
3.35,1.5226,1.7813033517117975,1.563360398488863,351.3756537687695,0.25591349634168375
3.3666666666666667,1.5211999999999999,1.7803365961701598,1.5596223504878353,351.75736427379826,0.25572059403259256
3.3833333333333333,1.5198,1.7793706514142849,1.555892249790169,352.1393762021873,0.2555273220928936
3.4,1.5184000000000002,1.7784059682796967,1.5521718142419991,352.521510605661,0.2553335511111085
3.4166666666666665,1.5170000000000001,1.777442548736088,1.5484610250510442,352.9037656114753,0.2551392806541184
3.433333333333333,1.5156,1.7764799817901662,1.5447582759423748,353.28630358884897,0.2549446288228526
3.45,1.5142,1.7755179403089338,1.5410622908023723,353.6692545574863,0.2547496895521416
3.466666666666667,1.5128000000000001,1.774556791081586,1.5373744608167894,354.0524724854071,0.2545543576126475
3.4833333333333334,1.5114,1.773596459368507,1.5336944791735017,354.4359868592191,0.2543586545147998
3.5,1.51,1.772637098837028,1.5300229141691328,354.81973591928113,0.25416253625324914
3.5166666666666666,1.5089,1.7716787423406808,1.5263598696860945,355.2037059483726,0.2540670108346106
3.533333333333333,1.5078,1.7707211193885304,1.5227042918098392,355.5880049735549,0.25397118957666526
3.55,1.5067000000000002,1.769764388203807,1.5190567653802058,355.97256926001654,0.2538750268721465
3.566666666666667,1.5056,1.7688085952134003,1.515417446821727,356.35737970512866,0.2537785091653082
3.5833333333333335,1.5045000000000002,1.767854127590416,1.5117877867026692,356.74227956157773,0.2536815251011555
3.6,1.5034,1.7669006759416774,1.5081665843321355,357.12739264820596,0.25358416319814525
3.6166666666666667,1.5023000000000002,1.7659484035894129,1.5045544370237331,357.51265218902125,0.2534863763236835
3.6333333333333333,1.5012,1.7649972397719593,1.5009510527990817,357.89808591021057,0.2533881845299616
3.65,1.5001,1.7640469022057337,1.497355341307053,358.2838076416225,0.25328966862601887
3.6666666666666665,1.499,1.7630974226896485,1.4937674037782986,358.6698041625234,0.2531908192627273
3.683333333333333,1.4979,1.7621492650090793,1.4901889702318831,359.05588612321674,0.25309150299716443
3.7,1.4968000000000001,1.7612020450276142,1.4866185678584944,359.44220905460867,0.25299182991419583
3.716666666666667,1.4957000000000003,1.7602556527403015,1.4830557625587175,359.8288174203483,0.252891831396372
3.7333333333333334,1.4946000000000002,1.7593103145997788,1.4795013866300408,360.21561819354963,0.2527914421557019
3.75,1.4935,1.758366006146066,1.4759553265374423,360.6026206607602,0.25269066898541964
3.7666666666666666,1.4924000000000002,1.7574227754223082,1.4724177410346506,360.98980438460217,0.2525894978430709
3.783333333333333,1.4913,1.7564804066925996,1.4688878006004018,361.3772573371154,0.2524879905151829
3.8,1.4902000000000002,1.7555389393130412,1.4653656335582166,361.7649629247899,0.2523861354761585
3.816666666666667,1.4891,1.7545985548962078,1.4618518987702793,362.1528457234458,0.2522838802871874
3.8333333333333335,1.488,1.7536593338109645,1.458346874202047,362.54087168535756,0.25218120160220814
3.85,1.4869,1.7527210668280606,1.4548497576864357,362.9291264779638,0.2520781593660379
3.8666666666666667,1.4858000000000002,1.7517836261782154,1.4513600540562406,363.3176625324206,0.25197479012148316
3.8833333333333333,1.4847000000000001,1.7508470792105446,1.4478779955617358,363.70645155305186,0.25187107429280725
3.9,1.4836000000000003,1.749911475902485,1.4444037488066508,364.09547229138866,0.2517669972947028
3.9166666666666665,1.4825000000000002,1.7489767555480757,1.4409370692939802,364.48474949573017,0.2516625763891191
3.933333333333333,1.4814000000000003,1.7480430737969812,1.4374785146354312,364.87421775293495,0.2515577665770406
3.95,1.4803000000000002,1.747110425618341,1.4340280455710204,365.26387841715217,0.25145256909192176
3.966666666666667,1.4792,1.7461786493090807,1.4305850444420514,365.6537984680147,0.2513470302728976
3.9833333333333334,1.4781000000000002,1.7452479723900471,1.4271503321640298,366.0438820460836,0.2512410844185251
4.0,1.477,1.7443182423633634,1.423723325696969,366.4341923422031,0.25113477522483607
4.016666666666667,1.4760000000000002,1.7433896118029049,1.4203045672640529,366.8246645740861,0.25106207665436
4.033333333333333,1.475,1.7424619958449576,1.4168937238829193,367.2153336240185,0.2509890188438762
4.05,1.4740000000000002,1.7415353985094528,1.413490790396129,367.6061970760751,0.2509156003333491
4.066666666666666,1.473,1.7406098201067997,1.4100957480447653,367.99725406907584,0.2508418207322088
4.083333333333333,1.4720000000000002,1.7396852597104644,1.4067085736043392,368.38850426189885,0.2507676800078169
4.1,1.471,1.7387617157730357,1.4033292416649488,368.7799475763236,0.2506931783082442
4.116666666666666,1.4700000000000002,1.7378391863801017,1.3999577255719462,369.1715840912693,0.2506183158892561
4.133333333333334,1.469,1.7369176693765729,1.396593997894421,369.56341399028906,0.2505430930779899
4.15,1.4680000000000002,1.7359971624392598,1.3932380306944747,369.95543753145944,0.2504675102520882
4.166666666666667,1.467,1.7350776631236593,1.389889795700646,370.34765502799075,0.25039156782624633
4.183333333333334,1.4660000000000002,1.7341591688966755,1.386549264428985,370.7400668346592,0.2503152662427999
4.2,1.465,1.7332416771607688,1.3832164082721015,371.13267333778083,0.2502386059647747
4.216666666666667,1.4640000000000002,1.7323251852723616,1.3798911985667668,371.5254749475487,0.2501615874705845
4.233333333333333,1.463,1.7314096905561838,1.3765736066463037,371.91847209204224,0.2500842112498953
4.25,1.4620000000000002,1.730495190316626,1.3732636038817774,372.31166521246485,0.25000647780034807
4.266666666666667,1.461,1.7295816818468133,1.3699611617146656,372.70505475931736,0.24992838762493477
4.283333333333333,1.46,1.7286691624359627,1.3666662516830854,373.09864118927663,0.24984994122986845
4.3,1.459,1.7277576293753945,1.3633788454429805,373.49242496262525,0.24977113912283896
4.316666666666666,1.4580000000000002,1.7268470799634894,1.3600989147853721,373.8864065411131,0.24969198181157096
4.333333333333333,1.457,1.7259375115098206,1.3568264316505045,374.2805863861572,0.24961246980261967
4.35,1.456,1.725028921338627,1.3535613681395395,374.6749649573092,0.2495326036003546
4.366666666666666,1.455,1.7241213067917625,1.350303696524264,375.0695427109383,0.24945238370609513
4.383333333333334,1.4540000000000002,1.7232146652312,1.347053389255157,375.46432009909506,0.24937181061737318
4.4,1.453,1.722308994041203,1.3438104189681965,375.8592975685084,0.24929088482729053
4.416666666666667,1.452,1.7214042906301927,1.3405747584905274,376.25447555970965,0.24920960682396587
4.433333333333334,1.451,1.7205005524323742,1.3373463808452382,376.6498545062511,0.24912797709004914
4.45,1.4500000000000002,1.7195977769091673,1.334125259255393,377.04543483400545,0.24904599610229294
4.466666666666667,1.449,1.7186959615504445,1.330911367147371,377.4412169605416,0.24896366433117892
4.483333333333333,1.448,1.7177951038756363,1.3277046781536748,377.83720129455645,0.24888098224058347
4.5,1.447,1.716895201434697,1.3245051661152623,378.2333882353599,0.24879795028748283
4.516666666666667,1.4462333333333335,1.7159963444970598,1.321313134044852,378.62973726967004,0.2487948160167049
4.533333333333333,1.4454666666666667,1.7150986055180104,1.318128820356693,379.02621550467,0.24879135413909645
4.55,1.4446999999999999,1.7142019892882825,1.3149522227365407,379.4228197971113,0.24878756276294373
4.566666666666666,1.4439333333333333,1.7133064982962691,1.311783330715663,379.8195480078087,0.24878344066323257
4.583333333333333,1.4431666666666667,1.7124121339133294,1.308622129905813,380.21639848325225,0.24877898693895986
4.6,1.4424,1.7115188968249218,1.3054686035434617,380.61336986772346,0.24877420088863456
4.616666666666666,1.4416333333333333,1.710626787248489,1.3023227332716718,381.01046100861333,0.24876908194741765
4.633333333333334,1.4408666666666667,1.7097358050619076,1.2991844996016493,381.40767090074,0.24876362965009446
4.65,1.4401000000000002,1.7088459498866453,1.296053882211833,381.80499865036967,0.24875784360711756
4.666666666666667,1.4393333333333334,1.7079572211451868,1.2929308601545069,382.2024434504112,0.2487517234880722
4.683333333333334,1.4385666666666665,1.707069618102571,1.2898154120052512,382.60000456249156,0.24874526900971958
4.7,1.4378,1.7061831398975522,1.2867075159749763,382.99768130352,0.24873847992702916
4.716666666666667,1.4370333333333334,1.7052977855666223,1.2836071499962092,383.3954730353302,0.24873135602626542
4.733333333333333,1.4362666666666666,1.7044135540629817,1.2805142917911092,383.793379156499,0.24872389711952755
4.75,1.4355,1.7035304442717818,1.2774289189259889,384.19139909576836,0.24871610304036196
4.766666666666667,1.4347333333333334,1.7026484550225807,1.2743510088557592,384.5895323066607,0.24870797364017305
4.783333333333333,1.4339666666666666,1.7017675850996516,1.2712805389605546,384.9877782630162,0.24869950878525293
4.8,1.4332,1.7008878332506128,1.268217486576282,385.38613645524737,0.24869070835429244
4.816666666666666,1.4324333333333332,1.7000091981937198,1.2651618290203162,385.78460638716274,0.24868157223627416
4.833333333333333,1.4316666666666666,1.6991316786240829,1.2621135436132633,386.1831875732516,0.2486721003286763
4.85,1.4308999999999998,1.6982552732190082,1.2590726076975556,386.58187953633916,0.24866229253592542
4.866666666666666,1.4301333333333333,1.6973799806426122,1.256038998653389,386.98068180555276,0.2486521487680594
4.883333333333334,1.4293666666666667,1.6965057995498283,1.2530126939124582,387.37959391454416,0.24864166893956288
4.9,1.4286,1.6956327285899138,1.2499936709698545,387.77861539992597,0.24863085296834708
4.916666666666667,1.4278333333333333,1.6947607664095168,1.2469819073943857,388.17774579989214,0.2486197007748549
4.933333333333334,1.4270666666666665,1.6938899116553818,1.2439773808375558,388.57698465299376,0.24860821228127028
4.95,1.4263,1.6930201629767383,1.2409800690414043,388.97633149704785,0.24859638741081783
4.966666666666667,1.4255333333333333,1.6921515190274117,1.2379899498453408,389.3757858681632,0.24858422608714167
4.983333333333333,1.4247666666666665,1.6912839784677032,1.2350070011921233,389.7753472998657,0.24857172823375198
5.0,1.424,1.6904175399660542,1.2320312011330725,390.1750153223127,0.24855889377353163
5.016666666666667,1.4230999999999998,1.689552150286013,1.229062349832176,390.57481346380627,0.2484991708656492
5.033333333333333,1.4222,1.6886877661121162,1.2261002823110456,390.9747608065678,0.2484390980734783
5.05,1.4213,1.6878243820814733,1.2231449641496717,391.3748589517947,0.24837867666374133
5.066666666666666,1.4203999999999999,1.6869619941792209,1.2201963656698205,391.7751088867605,0.2483179075093481
5.083333333333333,1.4195,1.6861005990621698,1.2172544595998898,392.1755112946772,0.24825679128801972
5.1,1.4185999999999999,1.685240193813587,1.214319220225443,392.5760666665696,0.2481953285542427
5.116666666666666,1.4177,1.6843807758197689,1.2113906229601925,392.9767753573679,0.24813351977546103
5.133333333333334,1.4168,1.6835223426975903,1.208468644093318,393.37763761869803,0.24807136535330263
5.15,1.4159,1.6826648922478329,1.2055532606260417,393.7786536199184,0.2480088656372436
5.166666666666667,1.415,1.681808422423107,1.2026444501588611,394.1798234625101,0.24794602093399093
5.183333333333334,1.4141,1.680952931304767,1.1997421908100017,394.5811471903845,0.2478828315142299
5.2,1.4131999999999998,1.6800984170856614,1.1968464611541987,394.98262479754254,0.2478192976176607
5.216666666666667,1.4123,1.6792448780568914,1.1939572401754348,395.3842562339205,0.24775541945686058
5.233333333333333,1.4114,1.6783923125973883,1.1910745072295215,395.78604140996265,0.24769119722032168
5.25,1.4104999999999999,1.6775407191655507,1.188198242013883,396.18798020026435,0.2476266310748854
5.266666666666667,1.4096,1.676690096292424,1.1853284245427393,396.59007244652094,0.24756172116772543
5.283333333333333,1.4086999999999998,1.675840442576047,1.1824650351263872,396.9923179599531,0.24749646762799044
5.3,1.4078,1.6749917566767187,1.1796080543537175,397.39471652331724,0.2474308705681763
5.316666666666666,1.4069,1.6741440373129746,1.1767574630772206,397.79726789260206,0.24736493008529298
5.333333333333333,1.406,1.6732972832581412,1.1739132424000496,398.19997179846274,0.2472986462618613
5.35,1.4051,1.6724514933373595,1.1710753736647264,398.6028279474494,0.24723201916677376
5.366666666666666,1.4042,1.6716066664249796,1.1682438384431741,399.00583602306847,0.24716504885604668
5.383333333333334,1.4033,1.6707628014422722,1.1654186185278705,399.4089956867047,0.2470977353734803
5.4,1.4024,1.669919897355407,1.16259969592396,399.81230657842383,0.24703007875124094
5.416666666666667,1.4015,1.6690779531736397,1.1597870528420988,400.2157683176849,0.2469620790103836
5.433333333333334,1.4005999999999998,1.6682369679476925,1.1569806716920086,400.6193805039659,0.24689373616131702
5.45,1.3997,1.6673969407682856,1.1541805350765704,401.02314271732325,0.24682505020422527
5.466666666666667,1.3988,1.6665578707648083,1.1513866257864112,401.42705451889213,0.2467560211294503
5.483333333333333,1.3979,1.665719757104103,1.1485989267949153,401.83111545133517,0.2466866489178395
5.5,1.397,1.664882598989352,1.145817421253607,402.2353250392475,0.24661693354106567
5.516666666666667,1.3962333333333334,1.664046446904293,1.1430422624770338,402.63965799049663,0.2465939545184413
5.533333333333333,1.3954666666666666,1.66321134169318,1.14027357116062,403.0440935345825,0.2465706430655098
5.55,1.3946999999999998,1.6623772867613988,1.137511343540559,403.44862895100084,0.2465469977609133
5.566666666666666,1.3939333333333332,1.6615442841984827,1.1347555715032318,403.85326214570125,0.24652301757323475
5.583333333333333,1.3931666666666667,1.6607123354613202,1.1320062448652757,404.2579913232563,0.2464987016589884
5.6,1.3924,1.6598814416219174,1.129263352202242,404.66281486836107,0.2464740492894335
5.616666666666666,1.3916333333333335,1.6590516034921459,1.1265268812664841,405.06773128631784,0.24644905981375345
5.633333333333334,1.3908666666666667,1.6582228216969301,1.1237968192326067,405.4727391681902,0.24642373263746886
5.65,1.3901000000000001,1.657395096721372,1.1210731528556137,405.8778371684046,0.2463980672085469
5.666666666666667,1.3893333333333333,1.6565684289430913,1.1183558685794757,406.28302398939593,0.24637206300787304
5.683333333333334,1.3885666666666667,1.655742818655453,1.1156449526150947,406.6882983705891,0.2463457195424114
5.7,1.3878000000000001,1.6549182660848614,1.1129403909983073,407.09365908019913,0.24631903634011443
5.716666666666667,1.3870333333333333,1.6540947714039842,1.1102421696342084,407.49910490895866,0.24629201294603148
5.733333333333333,1.3862666666666668,1.653272334742102,1.1075502743317593,407.90463466520947,0.24626464891926528
5.75,1.3855000000000002,1.6524509561933527,1.1048646908313269,408.3102471709857,0.24623694383054667
5.766666666666667,1.3847333333333334,1.6516306358233983,1.1021854048268667,408.71594125884457,0.2462088972602754
5.783333333333333,1.3839666666666668,1.6508113736748886,1.0995124019840636,409.1217157692625,0.2461805087969139
5.8,1.3832,1.649993169771985,1.096845667955283,409.52756954847484,0.24615177803565794
5.816666666666666,1.3824333333333334,1.6491760241241418,1.0941851883920228,409.9335014466633,0.24612270457732535
5.833333333333333,1.3816666666666668,1.6483599367292954,1.091530948955337,410.33951031642476,0.24609328802741978
5.85,1.3809000000000002,1.647544907576566,1.0888829353246439,410.74559501146575,0.24606352799533665
5.866666666666666,1.3801333333333337,1.646730936648566,1.0862411332051733,411.15175438548323,0.24603342409368537
5.883333333333334,1.3793666666666669,1.6459180239233786,1.083605528334314,411.5579872912003,0.24600297593770867
5.9,1.3786,1.645106169376262,1.0809761064870282,411.9642925795296,0.24597218314478259
5.916666666666667,1.3778333333333335,1.6442953729811232,1.0783528534804872,412.37066909884584,0.24594104533398342
5.933333333333334,1.3770666666666669,1.6434856347117968,1.0757357551780422,412.7771156943491,0.24590956212571366
5.95,1.3763000000000003,1.6426769545431537,1.0731247974926355,413.1836312075082,0.24587773314137615
5.966666666666667,1.3755333333333335,1.6418693324520683,1.0705199663897143,413.5902144755712,0.2458455580030918
5.983333333333333,1.374766666666667,1.641062768418261,1.0679212478897453,413.9968643311325,0.245813036333452
6.0,1.374,1.6402572624250382,1.0653286280703662,414.40357960175083,0.24578016775530312
6.016666666666667,1.3734000000000002,1.6394528772541737,1.0627422948656124,414.810327333522,0.2458065883437064
6.033333333333333,1.3728000000000002,1.6386496639219705,1.060162397650517,415.2170803447786,0.24583268469067046
6.05,1.3722,1.6378476274797351,1.0575889377630694,415.623834626754,0.2458584546926637
6.066666666666666,1.3716000000000002,1.6370467712902885,1.0550219111156929,416.030587010262,0.24588389675066677
6.083333333333333,1.3710000000000002,1.6362470978873704,1.052461310973734,416.43733473452755,0.24590900951338485
6.1,1.3704000000000003,1.6354486092880944,1.0499071289681199,416.84407529099326,0.24593379178403313
6.116666666666666,1.3698000000000001,1.634651307150796,1.0473593556079943,417.2508063446602,0.24595824247331102
6.133333333333334,1.3692000000000002,1.633855192868037,1.0448179805832902,417.65752568787593,0.24598236057173245
6.15,1.3686000000000003,1.6330602676268082,1.0422829929608945,418.06423121050256,0.24600614513173671
6.166666666666667,1.368,1.6322665324500736,1.0397543813201926,418.47092087938313,0.2460295952553605
6.183333333333334,1.3674000000000002,1.6314739882268277,1.0372321338512438,418.8775927235215,0.2460527100853287
6.2,1.3668000000000002,1.6306826357346216,1.0347162384284236,419.2842448230006,0.24607548879838595
6.216666666666667,1.3662000000000003,1.6298924756569508,1.0322066826672955,419.6908753004478,0.2460979306001563
6.233333333333333,1.3656000000000001,1.6291035085969603,1.0297034539694607,420.0974823143208,0.24612003472109545
6.25,1.3650000000000002,1.6283157350884832,1.0272065395586898,420.50406405351026,0.2461418004132351
6.266666666666667,1.3644,1.6275291556050533,1.0247159265104053,420.9106187329419,0.2461632269475284
6.283333333333333,1.3638000000000001,1.6267437705673653,1.0222316017760953,421.31714458994173,0.24618431361165513
6.3,1.3632000000000002,1.6259595803495337,1.0197535522037697,421.7236398811912,0.24620505970818254
6.316666666666666,1.3626,1.6251765852843805,1.0172817645552357,422.1301028801595,0.2462254645530135
6.333333333333333,1.362,1.6243947856679573,1.0148162255208444,422.5365318749109,0.2462455274740622
6.35,1.3614000000000002,1.6236141817634295,1.0123569217321537,422.94292516622335,0.2462652478101169
6.366666666666666,1.3608000000000002,1.622834773804441,1.0099038397728584,423.3492810659626,0.24628462490985778
6.383333333333334,1.3602,1.6220565619980487,1.0074569661883257,423.7555978956638,0.24630365813100003
6.4,1.3596000000000001,1.6212795465272891,1.0050162874939035,424.16187398529405,0.24632234683954687
6.416666666666667,1.3590000000000002,1.6205037275534393,1.0025817901822163,424.5681076721647,0.24634069040913295
6.433333333333334,1.3584,1.6197291052180152,1.0001534607296032,424.97429729996907,0.24635868822044382
6.45,1.3578000000000001,1.6189556796445452,0.9977312856018123,425.38044121793087,0.24637633966070277
6.466666666666667,1.3572000000000002,1.6181834509401412,0.9953152512590212,425.78653778005133,0.246393644123217
6.483333333333333,1.3566000000000003,1.6174124191969168,0.9929053441603539,426.1925853444298,0.24641060100696938
6.5,1.356,1.6166425844932406,0.9905015507678536,426.59858227266466,0.24642720971625748
6.516666666666667,1.3553666666666666,1.6158739347045834,0.9881038195423042,427.0045333720276,0.24643135196598126
6.533333333333333,1.3547333333333336,1.6151064599585354,0.9857121061544756,427.410442290912,0.24643513961368127
6.55,1.3541,1.6143401593057733,0.9833263942080184,427.81630797463583,0.24643857242695222
6.566666666666666,1.3534666666666668,1.6135750321244173,0.9809466683812628,428.2221291941659,0.24644165007525914
6.583333333333333,1.3528333333333333,1.6128110779496503,0.9785729138928413,428.6279046354553,0.24644437218176896
6.6,1.3522,1.61204829641223,0.9762051163083288,429.0336329315859,0.24644673834204017
6.616666666666666,1.3515666666666668,1.6112866872077385,0.9738432614432734,429.43931267880725,0.24644874813336556
6.633333333333334,1.3509333333333333,1.6105262500786754,0.9714873353065795,429.8449424458567,0.2464504011202121
6.65,1.3503,1.6097669848030258,0.9691373240642457,430.2505207799009,0.2464516968576945
6.666666666666667,1.3496666666666668,1.6090088911864933,0.9667932140146392,430.65604621056667,0.24645263489393573
6.683333333333334,1.3490333333333333,1.6082519690569645,0.9644549915708204,431.06151725280995,0.24645321477175178
6.7,1.3484,1.6074962182604329,0.962122643247449,431.46693240902795,0.24645343602989292
6.716666666666667,1.3477666666666668,1.606741638657904,0.9597961556508126,431.87229017066073,0.24645329820398781
6.733333333333333,1.3471333333333333,1.6059882301229973,0.9574755154710421,432.2775890194329,0.2464528008272774
6.75,1.3465,1.6052359925400475,0.9551607094759197,432.6828274283362,0.24645194343119628
6.766666666666667,1.3458666666666668,1.6044849258025775,0.9528517245058572,433.08800386242046,0.24645072554584269
6.783333333333333,1.3452333333333333,1.6037350298120505,0.9505485474697629,433.49311677944087,0.24644914670036394
6.8,1.3446,1.6029863044768413,0.9482511653416044,433.89816463039193,0.24644720642327514
6.816666666666666,1.3439666666666668,1.6022387497113697,0.9459595651574881,434.3031458599585,0.24644490424272944
6.833333333333333,1.3433333333333333,1.6014923654353728,0.9436737340131857,434.7080589068941,0.24644223968674545
6.85,1.3427,1.6007471515732827,0.941393659061983,435.1129022043483,0.24643921228340462
6.866666666666666,1.3420666666666667,1.6000031080536852,0.9391193275128057,435.5176741801494,0.24643582156102226
6.883333333333334,1.3414333333333333,1.5992602348088543,0.9368507266285733,435.9223732570511,0.246432067048297
6.9,1.3408,1.5985185317743387,0.9345878437247339,436.3269978529505,0.24642794827444398
6.916666666666667,1.3401666666666665,1.5977779988885998,0.9323306661679485,436.7315463810824,0.24642346476931293
6.933333333333334,1.3395333333333335,1.5970386360926883,0.9300791813749159,437.13601725019237,0.24641861606349452
6.95,1.3389,1.5963004433299475,0.9278333768112759,437.5404088646969,0.24641340168841833
6.966666666666667,1.3382666666666665,1.5955634205457563,0.9255932399906386,437.9447196248245,0.2464078211764398
6.983333333333333,1.3376333333333335,1.594827567687284,0.9233587584736624,438.3489479267498,0.24640187406092307
7.0,1.337,1.5940928847032725,0.9211299198672143,438.7530921627151,0.24639555987631515
7.016666666666667,1.3364666666666667,1.5933594070391657,0.9189068193562417,439.1571311549004,0.2464257430009641
7.033333333333333,1.3359333333333332,1.5926271636292042,0.9166895320582993,439.56104720856837,0.24645557378148292
7.05,1.3354,1.5918961573678663,0.9144780540665898,439.9648369313174,0.24648505069902765
7.066666666666666,1.3348666666666666,1.5911663901403788,0.9122723784359799,440.3684974773225,0.24651417254666175
7.083333333333333,1.3343333333333334,1.5904378633352807,0.9100724967442407,440.7720262670811,0.24654293827137014
7.1,1.3337999999999999,1.5897105780304894,0.9078783996600559,441.17542088603756,0.24657134691679988
7.116666666666666,1.3332666666666666,1.5889845350871223,0.9056900772299454,441.57867903362967,0.24659939759443264
7.133333333333334,1.3327333333333333,1.5882597352046512,0.9035075190472177,441.9817984934265,0.24662708946666195
7.15,1.3322,1.587536178956524,0.9013307143612365,442.38477711390175,0.24665442173588187
7.166666666666667,1.3316666666666666,1.5868138668146767,0.8991596521527054,442.78761279524457,0.24668139363698996
7.183333333333334,1.3311333333333333,1.5860927991672233,0.8969943211880523,443.190303479871,0.2467080044319865
7.2,1.3306,1.5853729763316782,0.8948347100601162,443.59284714535517,0.24673425340594454
7.216666666666667,1.3300666666666667,1.5846543985651325,0.8926808072194818,443.99524179900686,0.24676013986391415
7.233333333333333,1.3295333333333332,1.5839370660722571,0.8905326009991341,444.3974854736223,0.24678566312849304
7.25,1.329,1.583220979011728,0.8883900796342523,444.7995762240856,0.24681082253788056
7.266666666666667,1.3284666666666667,1.5825061375014624,0.8862532312783492,445.2015121246092,0.2468356174442945
7.283333333333333,1.3279333333333332,1.5817925416229413,0.8841220440165878,445.603291266466,0.24686004721266874
7.3,1.3274,1.5810801914248305,0.8819965058769357,446.0049117560963,0.24688411121956388
7.316666666666666,1.3268666666666666,1.5803690869260367,0.8798766048395608,446.4063717135208,0.24690780885225194
7.333333333333333,1.3263333333333334,1.579659228118304,0.8777623288448337,446.8076692709946,0.24693113950793946
7.35,1.3257999999999999,1.5789506149684613,0.8756536658002156,447.2088025718522,0.2469541025930986
7.366666666666666,1.3252666666666666,1.5782432474203496,0.8735506035861815,447.6097697695202,0.2469766975228951
7.383333333333334,1.3247333333333333,1.577537125396509,0.8714531300613843,448.01056902666,0.2469989237206892
7.4,1.3242,1.5768322487996576,0.8693612330671712,448.4111985144206,0.24702078061760074
7.416666666666667,1.3236666666666665,1.5761286175139795,0.8672749004315232,448.8116564117926,0.2470422676521311
7.433333333333334,1.3231333333333333,1.575426231406284,0.8651941199725711,449.2119409050318,0.24706338426982602
7.45,1.3226,1.5747250903270178,0.863118879501677,449.6120501871588,0.2470841299229807
7.466666666666667,1.3220666666666667,1.574025194111172,0.8610491668261713,450.0119824575169,0.2471045040703791
7.483333333333333,1.3215333333333332,1.573326542579096,0.858984969751813,450.41173592137727,0.24712450617705997
7.5,1.321,1.5726291355372266,0.8569262760849722,450.81130878959084,0.24714413571410984
7.516666666666667,1.3206666666666667,1.571933041178523,0.8548732752778416,451.21066001106766,0.2472382478402113
7.533333333333333,1.3203333333333334,1.5712383152602416,0.8528261194845227,451.60975547257596,0.24733203047439145
7.55,1.32,1.5705449632685515,0.8507848123846149,452.00858982452365,0.2474254809841203
7.566666666666666,1.3196666666666665,1.5698529886703245,0.8487493517085378,452.40715886164537,0.24751859736875356
7.583333333333333,1.3193333333333332,1.5691623939331003,0.8467197322601142,452.8054589420661,0.24761137794026977
7.6,1.319,1.568473180895794,0.8446959470175682,453.203486776902,0.24770382120749254
7.616666666666666,1.3186666666666667,1.5677853509559172,0.8426779876906486,453.6012393243396,0.24779592581773754
7.633333333333334,1.3183333333333334,1.567098905179873,0.8406658450493976,453.9987137274334,0.2478876905225064
7.65,1.3179999999999998,1.5664138443743432,0.8386595091372981,454.39590727397103,0.24797911415532564
7.666666666666667,1.3176666666666665,1.5657301691355734,0.8366589694186465,454.79281736885184,0.2480701956164796
7.683333333333334,1.3173333333333335,1.5650478798850442,0.8346642148853622,455.18944151415985,0.2481609338619822
7.7,1.317,1.5643669768962327,0.8326752341372213,455.5857772942622,0.2482513278953217
7.716666666666667,1.3166666666666667,1.5636874603152884,0.8306920154439099,455.9818223643353,0.24834137676109636
7.733333333333333,1.3163333333333331,1.5630093301773722,0.8287145467941139,456.377574441328,0.2484310795399958
7.75,1.316,1.5623325864198303,0.8267428159351237,456.7730312967027,0.24852043534476492
7.766666666666667,1.3156666666666668,1.561657228892979,0.8247768104052899,457.1681907505118,0.248609443316906
7.783333333333333,1.3153333333333332,1.5609832573690754,0.8228165175610205,457.5630506664921,0.24869810262394346
7.8,1.315,1.5603106715498507,0.8208619245994755,457.957608947958,0.24878641245713196
7.816666666666666,1.3146666666666667,1.5596394710729156,0.8189130185778526,458.351863534327,0.24887437202951287
7.833333333333333,1.3143333333333334,1.5589696555172565,0.8169697864299466,458.7458123981479,0.24896198057425126
7.85,1.314,1.5583012244079895,0.8150322149804623,459.13945354254344,0.24904923734320086
7.866666666666666,1.3136666666666665,1.557634177220494,0.8131002909574654,459.5327849989948,0.2491361416056599
7.883333333333334,1.3133333333333335,1.5569685133840525,0.8111740010033278,459.9258048254022,0.24922269264727984
7.9,1.313,1.5563042322850476,0.8092533316843497,460.31851110438697,0.24930888976910767
7.916666666666667,1.3126666666666666,1.5556413332698085,0.8073382694993028,460.71090194178976,0.24939473228673822
7.933333333333334,1.3123333333333334,1.554979815647147,0.8054288008870458,461.10297546533803,0.2494802195295593
7.95,1.312,1.5543196786906233,0.803524912233312,461.49472982346356,0.24956535084008113
7.966666666666667,1.3116666666666668,1.5536609216405928,0.8016265898768368,461.88616318423817,0.24965012557333158
7.983333333333333,1.3113333333333332,1.5530035437060472,0.7997338201148602,462.2772737344237,0.24973454309631435
8.0,1.311,1.5523475440662873,0.7978465892081064,462.66805967861444,0.249818602787519
8.016666666666667,1.3106,1.5516929001915343,0.7959648210895585,463.0585321785595,0.24987688925440155
8.033333333333333,1.3102,1.5510395934103036,0.7940884510241399,463.44870015608,0.24993480081084313
8.05,1.3098,1.550387620979694,0.7922174601855653,463.8385630561978,0.24999233757627606
8.066666666666666,1.3094,1.5497369807891785,0.7903518316248899,464.22811995110504,0.25004949946986055
8.083333333333334,1.3090000000000002,1.549087671027651,0.7884915493092212,464.6173697375186,0.2501062863173345
8.1,1.3086,1.5484396900631752,0.7866365977738194,465.0063112077922,0.2501626978895579
8.116666666666667,1.3082,1.5477930363827588,0.7847869619475596,465.3949430854739,0.25021873392180083
8.133333333333333,1.3077999999999999,1.5471477085572416,0.7829426270509805,465.78326404601825,0.2502743941249841
8.15,1.3074000000000001,1.5465037052188495,0.7811035785310161,466.17127273001694,0.25032967819286217
8.166666666666666,1.307,1.545861025045917,0.7792698020164792,466.55896775220754,0.25038458580691314
8.183333333333334,1.3066,1.545219666752008,0.7774412832862995,466.94634770789247,0.2504391166398231
8.2,1.3062,1.5445796290778897,0.7756180082460532,467.3334111776793,0.2504932703580575
8.216666666666667,1.3058,1.5439409107854538,0.7737999629101385,467.72015673107916,0.2505470466238108
8.233333333333333,1.3054,1.5433035106530097,0.7719871333879409,468.1065829293,0.250600445096519
8.25,1.305,1.5426674274715704,0.7701795058728882,468.4926883274576,0.25065346543405526
8.266666666666667,1.3046,1.5420326600418786,0.7683770666336638,468.87847147635335,0.25070610729368814
8.283333333333333,1.3042,1.5413992071719995,0.7665798020070592,469.2639309239214,0.2507583703328609
8.3,1.3037999999999998,1.5407670676753435,0.7647876983920913,469.6490652164229,0.2508102542098327
8.316666666666666,1.3034000000000001,1.540136240369032,0.7630007422451106,470.03387289944186,0.2508617585842112
8.333333333333334,1.303,1.5395067240725318,0.7612189200757005,470.41835251872163,0.2509128831173983
8.35,1.3026,1.5388785176065125,0.7594422184432201,470.8025026208736,0.25096362747296624
8.366666666666667,1.3022,1.5382516197918739,0.7576706239538474,471.1863217539857,0.25101399131697893
8.383333333333333,1.3018,1.5376260294489215,0.7559041232580563,471.5698084681435,0.2510639743182656
8.4,1.3014,1.5370017453966658,0.754142703048451,471.95296131588105,0.2511135761486558
8.416666666666666,1.3010000000000002,1.5363787664522137,0.7523863500578704,472.3357788525767,0.25116279648318446
8.433333333333334,1.3006,1.5357570914302505,0.7506350510577602,472.7182596367963,0.25121163500026794
8.45,1.3002,1.5351367191425862,0.7488887928567314,473.1004022305987,0.25126009138186023
8.466666666666667,1.2997999999999998,1.5345176483977687,0.7471475622993108,473.4822051998031,0.251308165313587
8.483333333333333,1.2994,1.5338998780007422,0.7454113462648297,473.8636671142285,0.2513558564848657
8.5,1.299,1.5332834067525527,0.743680131666445,474.24478654790727,0.25140316458900985
8.516666666666667,1.2987333333333333,1.5326682747388825,0.7419540212649677,474.6255365072501,0.2515017135361893
8.533333333333333,1.2984666666666667,1.5320545147720988,0.7402330971208684,475.0058943876442,0.2515999103083818
8.55,1.2982,1.5314421292327247,0.7385173558166911,475.38585637832693,0.2516977531948536
8.566666666666666,1.2979333333333332,1.530831119200979,0.7368067903121673,475.76541946820504,0.2517952409112998
8.583333333333334,1.2976666666666665,1.5302214851162803,0.7351013918024585,476.14458104029904,0.2518923723844249
8.6,1.2973999999999999,1.5296132270164986,0.7334011503934939,476.52333872508706,0.25198914667395933
8.616666666666667,1.2971333333333332,1.5290063446585076,0.7317060554427716,476.901690326821,0.25208556293344114
8.633333333333333,1.2968666666666666,1.5284008375890212,0.7300160957598689,477.27963378035406,0.2521816203872151
8.65,1.2966,1.5277967051903123,0.7283312597359952,477.6571671233577,0.2522773183156158
8.666666666666666,1.2963333333333333,1.527193946711689,0.7266515354332715,478.0342884772496,0.2523726560447865
8.683333333333334,1.2960666666666667,1.5265925612921925,0.7249769106491586,478.41099603348295,0.2524676329393515
8.7,1.2957999999999998,1.52599254797759,0.7233073729647244,478.78728804331223,0.252562248396941
8.716666666666667,1.2955333333333332,1.5253939057334525,0.7216429097817907,479.1631628099459,0.2526565018439876
8.733333333333333,1.2952666666666666,1.5247966334554608,0.7199835083522252,479.5386186823802,0.25275039273241867
8.75,1.295,1.5242007299776863,0.7183291558014694,479.913654050464,0.25284392053700644
8.766666666666667,1.2947333333333333,1.5236061940793582,0.7166798391477576,480.2882673408807,0.2529370847532063
8.783333333333333,1.2944666666666667,1.5230130244904707,0.7150355453180413,480.6624570138301,0.25302988489537
8.8,1.2942,1.5224212198964837,0.7133962611613168,481.03622156026125,0.25312232049525185
8.816666666666666,1.2939333333333332,1.5218307789423087,0.7117619734599279,481.409559499532,0.2532143911007441
8.833333333333334,1.2936666666666665,1.521241700235723,0.7101326689392201,481.78246937741676,0.25330609627479816
8.85,1.2933999999999999,1.5206539823503131,0.7085083342758631,482.15494976439425,0.2533974355944949
8.866666666666667,1.2931333333333332,1.5200676238280404,0.7068889561050797,482.52699925416437,0.25348840865023836
8.883333333333333,1.2928666666666666,1.5194826231814829,0.705274521026958,482.8986164623568,0.2535790150450521
8.9,1.2926,1.518898978895813,0.703665015612001,483.26980002539904,0.25366925439396015
8.916666666666666,1.2923333333333333,1.5183166894305549,0.7020604264060402,483.64054859951614,0.2537591263234395
8.933333333333334,1.2920666666666667,1.517735753221143,0.7004607399345881,484.01086085984736,0.25384863047093437
8.95,1.2917999999999998,1.5171561686803248,0.698865942706731,484.38073549965776,0.25393776648442196
8.966666666666667,1.2915333333333332,1.5165779341994183,0.6972760212186162,484.75017122963357,0.25402653402202346
8.983333333333333,1.2912666666666666,1.516001048149451,0.6956909619565885,485.1191667772496,0.25411493275165237
9.0,1.291,1.5154255088821902,0.6941107514000149,485.48772088620024,0.2542029623506986
9.016666666666667,1.2906666666666666,1.5148512952544626,0.6925353226065809,485.8558448092946,0.25426436138676384
9.033333333333333,1.2903333333333333,1.5142783894691483,0.690964618004358,486.2235477113178,0.25432537510155995
9.05,1.29,1.5137067880889588,0.689398619520631,486.59082957586014,0.2543860039049026
9.066666666666666,1.2896666666666665,1.5131364882943636,0.6878373108313142,486.9576899979794,0.2544462480034317
9.083333333333334,1.2893333333333332,1.5125674875609603,0.6862806764722793,487.32412838985294,0.25450610750853864
9.1,1.2890000000000001,1.5119997835428727,0.6847287015175552,487.69014405493493,0.25456558247532146
9.116666666666667,1.2886666666666666,1.5114333740142858,0.6831813714176875,488.0557362250756,0.25462467292209695
9.133333333333333,1.2883333333333333,1.5108682568352985,0.6816386719051509,488.420904082176,0.2546833788417885
9.15,1.2879999999999998,1.5103044299300439,0.6801005889336293,488.78564677205026,0.25474170020921705
9.166666666666666,1.2876666666666667,1.509741891271751,0.6785671086364728,489.14996341388564,0.2547996369860779
9.183333333333334,1.2873333333333334,1.5091806388720728,0.6770382172969506,489.51385310700056,0.25485718912449346
9.2,1.287,1.5086206707731813,0.6755139013261611,489.8773149358523,0.25491435656964606
9.216666666666667,1.2866666666666666,1.5080619850417543,0.673994147246186,490.240347973849,0.2549711392617794
9.233333333333333,1.2863333333333333,1.5075045797642965,0.6724789416769353,490.6029512863192,0.2550275371377567
9.25,1.286,1.5069484530434287,0.6709682713256833,490.96512393287236,0.2550835501322974
9.266666666666667,1.2856666666666667,1.506393602994901,0.6694621229786138,491.32686496930063,0.2551391781789715
9.283333333333333,1.2853333333333332,1.50584002774516,0.6679604834939015,491.6881734491342,0.25519442121101144
9.3,1.2850000000000001,1.505287725429334,0.666463339795958,492.04904842493266,0.25524927916198464
9.316666666666666,1.2846666666666666,1.5047366941895677,0.6649706788706464,492.4094889493565,0.25530375196634914
9.333333333333334,1.2843333333333333,1.5041869321736112,0.6634824877612053,492.76949407608026,0.25535783955992664
9.35,1.284,1.5036384375336302,0.661998753564792,493.1290628605639,0.2554115418802994
9.366666666666667,1.2836666666666667,1.5030912084251975,0.6605194634295242,493.4881943607138,0.25546485886714976
9.383333333333333,1.2833333333333334,1.5025452430064214,0.6590446045519052,493.8468876374555,0.25551779046255235
9.4,1.283,1.5020005394372005,0.657574164174608,494.2051417552274,0.2555703366112248
9.416666666666666,1.2826666666666666,1.501457095878575,0.656108129584521,494.56295578241463,0.25562249726074665
9.433333333333334,1.2823333333333333,1.500914910492166,0.654646488111041,494.9203287917275,0.25567427236174856
9.45,1.282,1.5003739814396884,0.6531892271245734,495.2772598605334,0.2557256618680776
9.466666666666667,1.2816666666666667,1.499834306882521,0.6517363340351913,495.63374807115264,0.255776665736943
9.483333333333333,1.2813333333333332,1.4992958849813312,0.6502877962914475,495.9897925111211,0.255827283929044
9.5,1.281,1.498758713895746,0.6488436013793183,496.34539227342145,0.255877516408682
9.516666666666667,1.2807333333333333,1.4982228101959754,0.6474037862719476,496.7005342486197,0.2559540027690682
9.533333333333333,1.2804666666666666,1.4976881873454706,0.6459683795108202,497.05520734190725,0.2560301173849512
9.55,1.2802,1.4971548451926104,0.6445373730492536,497.4094094667519,0.2561058595313785
9.566666666666666,1.2799333333333334,1.4966227829606507,0.6431107571934942,497.76313895259847,0.2561812286991508
9.583333333333334,1.2796666666666667,1.496091999565988,0.6416885214607249,498.11639433517774,0.2562562244864993
9.6,1.2793999999999999,1.4955624937333867,0.6402706548901234,498.4691742808026,0.2563308465599344
9.616666666666667,1.2791333333333332,1.4950342640539045,0.6388571461993799,498.8214775484093,0.25640509463459304
9.633333333333333,1.2788666666666666,1.494507309018854,0.6374479838765228,499.17330296735923,0.25647896846273366
9.65,1.2786,1.4939816270416626,0.6360431562390396,499.5246494231888,0.25655246782634117
9.666666666666666,1.2783333333333333,1.493457216472884,0.6346426514744834,499.8755158478493,0.25662559253205575
9.683333333333334,1.2780666666666667,1.4929340756109994,0.6332464576696774,500.22590121270406,0.2566983424075291
9.7,1.2778,1.4924122027104814,0.631854562832501,500.57580452331706,0.25677071729870826
9.716666666666667,1.2775333333333334,1.4918915959879813,0.6304669549085983,500.92522481546354,0.2568427170677535
9.733333333333333,1.2772666666666666,1.4913722536272,0.6290836217944987,501.2741611520034,0.2569143415914029
9.75,1.277,1.4908541737827872,0.6277045513481123,501.622612620384,0.25698559075966326
9.766666666666667,1.2767333333333333,1.490337354583527,0.6263297313972771,501.9705783306089,0.2570564644747436
9.783333333333333,1.2764666666666666,1.4898217941349652,0.6249591497467929,502.31805741356754,0.25712696265017565
9.8,1.2762,1.4893074905216146,0.6235927941843021,502.66504901964043,0.25719708521007717
9.816666666666666,1.2759333333333334,1.4887944418088186,0.6222306524852448,503.0115523175235,0.25726683208852946
9.833333333333334,1.2756666666666665,1.4882826460443466,0.6208727124170759,503.35756649322786,0.25733620322904643
9.85,1.2753999999999999,1.487772101259769,0.6195189617428869,503.70309074921994,0.2574051985841158
9.866666666666667,1.2751333333333332,1.4872628054716512,0.6181693882245298,504.04812430368,0.2574738181148027
9.883333333333333,1.2748666666666666,1.4867547566826014,0.6168239796253473,504.3926663898524,0.2575420617904006
9.9,1.2746,1.4862479528821935,0.6154827237125511,504.7367162554786,0.2576099295881258
9.916666666666666,1.2743333333333333,1.4857423920477815,0.6141456082593155,505.08027316229783,0.2576774214928464
9.933333333333334,1.2740666666666667,1.4852380721452327,0.6128126210466385,505.4233363856007,0.25774453749683984
9.95,1.2738,1.4847349911295786,0.6114837498649848,505.7659052138346,0.2578112775995766
9.966666666666667,1.2735333333333332,1.4842331469456047,0.6101589825157584,506.10797894824833,0.2578776418075251
9.983333333333333,1.2732666666666665,1.483732537528382,0.6088383068126136,506.4495569025738,0.2579436301339753
10.0,1.273,1.4832331608037534,0.6075217105826448,506.7906384027367,0.25800924259887786
10.016666666666667,1.2727666666666666,1.4827350233472247,0.6062092044738333,507.1312168637961,0.2580879945141388
10.033333333333333,1.2725333333333333,1.4822381303010648,0.604900795341963,507.47128666432013,0.2581663779041195
10.05,1.2723,1.4817424803847439,0.6035964731365016,507.8108465713545,0.2582443924614257
10.066666666666666,1.2720666666666667,1.4812480720047079,0.602296227016387,508.1498955705572,0.2583220379906119
10.083333333333334,1.2718333333333334,1.4807549034110967,0.6010000457642188,508.4884327596526,0.25839931435383334
10.1,1.2716,1.4802629727546555,0.5997079179368127,508.8264573098553,0.2584762214511454
10.116666666666667,1.2713666666666668,1.479772278115466,0.5984198319412538,509.1639684464477,0.2585527592105718
10.133333333333333,1.2711333333333332,1.4792828175198975,0.5971357760797567,509.5009654373568,0.2586289275822556
10.15,1.2709,1.478794588951586,0.5958557385787174,509.83744758577467,0.2587047265346746
10.166666666666666,1.2706666666666666,1.4783075903590408,0.5945797076088124,510.1734142250646,0.2587801560520242
10.183333333333334,1.2704333333333333,1.4778218196611763,0.5933076712995982,510.5088647150663,0.25885521613231594
10.2,1.2702,1.4773372747514781,0.592039617750475,510.8437984393244,0.2589299067859477
10.216666666666667,1.2699666666666667,1.4768539535012273,0.5907755350391606,511.1782148029492,0.2590042280345974
10.233333333333333,1.2697333333333334,1.4763718537620856,0.5895154112284438,511.5121132309098,0.2590781799103382
10.25,1.2695,1.4758909733681798,0.5882592343716224,511.8454931666607,0.25915176245492483
10.266666666666667,1.2692666666666668,1.4754113101378312,0.5870069925169812,512.1783540710082,0.2592249757192018
10.283333333333333,1.2690333333333335,1.4749328618750024,0.5857586737115248,512.5106954211647,0.25929781976260896
10.3,1.2688000000000001,1.4744556263705233,0.5845142660041174,512.8425167099499,0.2593702946527624
10.316666666666666,1.2685666666666668,1.4739796014031488,0.5832737574481721,513.1738174451061,0.25944240046509287
10.333333333333334,1.2683333333333335,1.4735047847404714,0.5820371361039524,513.504597148708,0.2595141372825341
10.35,1.2681000000000002,1.4730311741397253,0.5808043900405834,513.8348553566449,0.2595855051952472
10.366666666666667,1.2678666666666667,1.4725587673484861,0.5795755073377868,514.1645916181725,0.2596565043003818
10.383333333333333,1.2676333333333334,1.4720875621053058,0.5783504760874324,514.4938054955073,0.25972713470185826
10.4,1.2674,1.4716175561402662,0.5771292843948852,514.8224965634738,0.25979739651017786
10.416666666666666,1.2671666666666668,1.4711487471754905,0.575911920380227,515.1506644091799,0.2598672898422469
10.433333333333334,1.2669333333333335,1.4706811329255958,0.574698372179327,515.4783086317309,0.259936814821221
10.45,1.2667000000000002,1.4702147110981099,0.5734886279448144,515.805428841967,0.2600059715763615
10.466666666666667,1.2664666666666669,1.4697494793938508,0.572282675846948,516.1320246622245,0.26007476024290416
10.483333333333333,1.2662333333333335,1.4692854355072724,0.5710805040744023,516.4580957261186,0.26014318096193884
10.5,1.266,1.4688225771267902,0.5698821008349853,516.7836416783413,0.26021123388029727
10.516666666666667,1.2658,1.4683609100535038,0.5686874753577318,517.1086564563855,0.2602926250835118
10.533333333333333,1.2656,1.4679004387842867,0.5674966334857128,517.4331349025554,0.2603736560025063
10.55,1.2654,1.4674411617829881,0.5663095654672485,517.7570761052788,0.2604543264591002
10.566666666666666,1.2652,1.466983077209547,0.5651262607958052,518.0804793725276,0.2605346363860174
10.583333333333334,1.2650000000000001,1.4665261830737373,0.5639467086089311,518.4033441241348,0.2606145857725759
10.6,1.2648000000000001,1.466070477290885,0.5627708978329402,518.7256698528711,0.2606941746450377
10.616666666666667,1.2646000000000002,1.4656159577099375,0.5615988172558243,519.0474561048794,0.26077340305672075
10.633333333333333,1.2644,1.4651626221299665,0.560430455570112,519.3687024681992,0.26085227108219255
10.65,1.2642,1.4647104683108478,0.5592658014005761,519.6894085653564,0.26093077881351645
10.666666666666666,1.264,1.4642594939806273,0.558104843323324,520.0095740482642,0.2610089263576644
10.683333333333334,1.2638,1.4638096968408558,0.5569475698796,520.3291985945369,0.2610867138346444
10.7,1.2636,1.463361074570609,0.5557939695861474,520.648281904721,0.2611641413760906
10.716666666666667,1.2634,1.4629136248295882,0.5546440309431862,520.9668237001612,0.2612412091241753
10.733333333333333,1.2632,1.46246734526059,0.5534977424407341,521.2848237213068,0.26131791723074294
10.75,1.2630000000000001,1.4620222334915005,0.5523550925636891,521.6022817263452,0.2613942658566106
10.766666666666667,1.2628,1.4615782871369407,0.5512160697960008,521.9191974900771,0.2614702551709898
10.783333333333333,1.2626,1.4611355037996405,0.5500806626241284,522.2355708029789,0.2615458853510042
10.8,1.2624,1.4606938810716057,0.5489488595399579,522.5514014704087,0.2616211565812791
10.816666666666666,1.2622000000000002,1.4602534165351124,0.5478206490432689,522.8666893119283,0.26169606905359083
10.833333333333334,1.262,1.4598141077635736,0.5466960196438645,523.1814341607159,0.26177062296656073
10.85,1.2618,1.4593759523222898,0.5455749598633974,523.4956358630556,0.26184481852539
10.866666666666667,1.2616,1.4589389477691181,0.5444574582369789,523.809294277885,0.2619186559416222
10.883333333333333,1.2614,1.458503091655055,0.5433435033145697,524.1224092763996,0.261992135432936
10.9,1.2612,1.4580683815247686,0.5422330836622261,524.4349807416924,0.2620652572229549
10.916666666666666,1.261,1.457634814917067,0.5411261878631899,524.7470085684364,0.2621380215410794
10.933333333333334,1.2608,1.4572023893653272,0.5400228045188646,525.0584926625953,0.26221042862233346
10.95,1.2606000000000002,1.4567711023978822,0.5389229222496904,525.3694329411596,0.2622824787072235
10.966666666666667,1.2604,1.4563409515383758,0.5378265296959253,525.6798293319073,0.2623541720416101
10.983333333333333,1.2602,1.4559119343060876,0.5367336155183552,525.9896817731826,0.26242550887658955
11.0,1.26,1.4554840482162308,0.5356441683989309,526.2989902136932,0.262496489468384
11.016666666666667,1.2597666666666667,1.455057283188768,0.5345581577281355,526.607760107257,0.2625532223562974
11.033333333333333,1.2595333333333334,1.4546316303156595,0.5334755559489794,526.9159960853603,0.26260959310628024
11.05,1.2593,1.4542070863350378,0.532396349919082,527.2236987091356,0.26266560232532593
11.066666666666666,1.2590666666666666,1.4537836482741862,0.5313205272652701,527.5308683391901,0.2627212505200382
11.083333333333334,1.2588333333333332,1.4533613132991876,0.5302480759997683,527.8375052438893,0.262776538150724
11.1,1.2586,1.452940078660777,0.5291789843817057,528.1436096382802,0.2628314656508485
11.116666666666667,1.2583666666666666,1.4525199416672823,0.5281132408477784,528.4491817035054,0.26288603343674255
11.133333333333333,1.2581333333333333,1.4521008996688787,0.5270508339717905,528.7542215980853,0.2629402419132446
11.15,1.2579,1.4516829500475232,0.5259917524387299,529.0587294651195,0.2629940914773011
11.166666666666666,1.2576666666666667,1.4512660902101087,0.5249359850270737,529.3627054371759,0.2630475825204102
11.183333333333334,1.2574333333333334,1.450850317583584,0.5238835205961254,529.6661496397729,0.2631007154303618
11.2,1.2572,1.450435629611353,0.5228343480766271,529.9690621939442,0.2631534905925169
11.216666666666667,1.2569666666666666,1.4500220237505386,0.5217884564635961,530.271443218184,0.26320590839077784
11.233333333333333,1.2567333333333333,1.4496094974698666,0.5207458348107372,530.5732928299515,0.26325796920833666
11.25,1.2565,1.449198048247987,0.5197064722259903,530.87461114686,0.2633096734282666
11.266666666666667,1.2562666666666666,1.4487876735721292,0.5186703578679324,531.1753982876282,0.2633610214339927
11.283333333333333,1.2560333333333333,1.4483783709370142,0.5176374809428321,531.4756543728497,0.26341201360967337
11.3,1.2558,1.4479701378439525,0.5166078307021917,531.7753795256278,0.26346265034051203
11.316666666666666,1.2555666666666667,1.447562971800101,0.5155813964406968,532.0745738720979,0.2635129320130144
11.333333333333334,1.2553333333333332,1.4471568703178441,0.5145581674944747,532.3732375418617,0.2635628590152005
11.35,1.2550999999999999,1.4467518309142664,0.5135381332396055,532.6713706683553,0.2636124317367832
11.366666666666667,1.2548666666666666,1.44634785111071,0.5125212830908413,532.9689733891566,0.26366165056931784
11.383333333333333,1.2546333333333333,1.4459449284324006,0.5115076065004998,533.2660458462459,0.263710515906326
11.4,1.2544,1.4455430604081232,0.5104970929574963,533.5625881862277,0.26375902814340235
11.416666666666666,1.2541666666666667,1.445142244569945,0.5094897319864908,533.8586005605212,0.2638071876783039
11.433333333333334,1.2539333333333333,1.4447424784529797,0.5084855131471411,534.1540831255213,0.26385499491102543
11.45,1.2537,1.444343759595181,0.5074844260334387,534.4490360427368,0.26390245024386294
11.466666666666667,1.2534666666666667,1.4439460855371673,0.5064864602731152,534.7434594789082,0.2639495540814675
11.483333333333333,1.2532333333333332,1.4435494538220675,0.5054916055271143,535.0373536061095,0.26399630683089026
11.5,1.253,1.4431538619953892,0.5044998514891156,535.3307186018337,0.26404270890162057
11.516666666666667,1.2528333333333332,1.442759321824286,0.5035112235068337,535.6235440911923,0.2641168635044623
11.533333333333333,1.2526666666666666,1.442365842953416,0.5025257415696829,535.9158212491278,0.2641906803091929
11.55,1.2525,1.441973424420374,0.5015433990880528,536.2075491170737,0.2642641590744996
11.566666666666666,1.2523333333333333,1.4415820646915962,0.5005641880631453,536.4987271652825,0.26433729977079795
11.583333333333334,1.2521666666666667,1.4411917619586294,0.4995880998311408,536.7893550738663,0.2644101024720957
11.6,1.252,1.4408025142448446,0.4986151253314622,537.0794326540713,0.264482567317087
11.616666666666667,1.2518333333333334,1.4404143194588193,0.4976452552410296,537.3689598089575,0.26455469448970925
11.633333333333333,1.2516666666666665,1.4400271754254719,0.49667848005258064,537.6579365104935,0.2646264842078082
11.65,1.2515,1.439641079906015,0.4957147901248463,537.9463627848967,0.2646979367158802
11.666666666666666,1.2513333333333332,1.4392560306115911,0.4947541757168353,538.2342387026214,0.2647690522801113
11.683333333333334,1.2511666666666665,1.4388720252130398,0.493796627012362,538.5215643711957,0.26483983118482524
11.7,1.2510000000000001,1.438489061348161,0.49284213413826583,538.8083399298972,0.2649102737298422
11.716666666666667,1.2508333333333332,1.4381071366272657,0.49189068717831796,539.0945655456849,0.2649803802284575
11.733333333333333,1.2506666666666666,1.437726248637527,0.4909422761840889,539.3802414100129,0.2650501510058585
11.75,1.2505,1.4373463949464529,0.48999689118360745,539.6653677362862,0.26511958639785826
11.766666666666667,1.2503333333333333,1.4369675731047096,0.48905452218837864,539.9499447577912,0.2651886867498652
11.783333333333333,1.2501666666666666,1.436589780648445,0.4881151591991329,540.2339727259937,0.2652574524160339
11.8,1.25,1.4362130151012322,0.4871787922106206,540.5174519091123,0.2653258837585533
11.816666666666666,1.2498333333333334,1.435837273975704,0.4862454112156243,540.8003825909183,0.26539398114704704
11.833333333333334,1.2496666666666667,1.4354625547749518,0.4853150062083687,541.0827650697071,0.2654617449580582
11.85,1.2494999999999998,1.4350888549937217,0.4843875671874276,541.3645996574168,0.26552917557460776
11.866666666666667,1.2493333333333334,1.434716172119456,0.48346308415822714,541.6458866788608,0.26559627338580977
11.883333333333333,1.2491666666666668,1.4343445036332005,0.48254154713522246,541.9266264710552,0.2656630387865323
11.9,1.2489999999999999,1.4339738470104013,0.4816229461437823,542.206819382629,0.2657294721771018
11.916666666666666,1.2488333333333335,1.4336041997216091,0.4807072712218497,542.4864657732987,0.26579557396303716
11.933333333333334,1.2486666666666666,1.4332355592331087,0.4797945124214016,542.7655660134005,0.2658613445548134
11.95,1.2485,1.4328679230074746,0.4788846598097346,543.044120483472,0.2659267843676506
11.966666666666667,1.2483333333333333,1.4325012885040767,0.47797770347061286,543.3221295738728,0.26599189382132093
11.983333333333333,1.2481666666666666,1.4321356531795324,0.4770736335052875,543.5995936844415,0.2660566733399749
12.0,1.248,1.431771014488119,0.4761724400334093,543.8765132241842,0.2661211233519822
12.016666666666667,1.2478666666666665,1.431407376513782,0.4752741295725311,544.1528835689244,0.26619946320959115
12.033333333333333,1.2477333333333334,1.4310447423843342,0.47437870627405737,544.4287008140366,0.26627748084297326
12.05,1.2475999999999998,1.4306831102636968,0.4734861620394042,544.7039648290112,0.26635517637100886
12.066666666666666,1.2474666666666667,1.4303224780346646,0.4725964880974357,544.9786757033668,0.2664325500201645
12.083333333333334,1.2473333333333332,1.4299628434445981,0.4717096753651093,545.2528336363508,0.2665096020704657
12.1,1.2472,1.4296042041579442,0.4708257145775506,545.52643889724,0.2665863328360392
12.116666666666667,1.2470666666666665,1.4292465577825648,0.46994459635324687,545.7994918054654,0.2666627426553664
12.133333333333333,1.2469333333333332,1.4288899018851406,0.46906631123218245,546.0719927189917,0.2667388318855804
12.15,1.2468,1.4285342340010894,0.46819084970035685,546.3439420268423,0.26681460089879594
12.166666666666666,1.2466666666666666,1.4281795516413793,0.46731820220660264,546.6153401439657,0.26689005007958616
12.183333333333334,1.2465333333333333,1.427825852297441,0.4664483591746906,546.8861875075318,0.26696517982316154
12.2,1.2464,1.4274731334448498,0.46558131101236744,547.1564845741582,0.2670399905340044
12.216666666666667,1.2462666666666666,1.4271213925461605,0.46471704811829617,547.4262318177703,0.2671144826248147
12.233333333333333,1.2461333333333333,1.426770627053149,0.4638555608875188,547.6954297279075,0.2671886565156748
12.25,1.246,1.4264208344086216,0.46299683971583927,547.9640788083557,0.26726251263337436
12.266666666666667,1.2458666666666667,1.4260720120478976,0.46214087500340095,548.2321795760217,0.26733605141085404
12.283333333333333,1.2457333333333331,1.4257241574000439,0.4612876571576402,548.4997325599952,0.26740927328674136
12.3,1.2456,1.4253772678889183,0.46043717659576666,548.7667383007525,0.2674821787049566
12.316666666666666,1.2454666666666665,1.4250313409340578,0.4595894237468542,549.0331973494775,0.2675547681143754
12.333333333333334,1.2453333333333334,1.4246863739514453,0.45874438905363313,549.2991102674715,0.2676270419685364
12.35,1.2451999999999999,1.4243423643541757,0.45790206297402597,549.5644776256391,0.267699000725385
12.366666666666667,1.2450666666666668,1.4239993095530414,0.457062435982489,549.8293000040336,0.2677706448470473
12.383333333333333,1.2449333333333332,1.4236572069570474,0.45622549857117095,550.0935779914547,0.2678419747996296
12.4,1.2448,1.4233160539738694,0.4553912412509361,550.3573121850881,0.26791299105303823
12.416666666666666,1.2446666666666666,1.4229758480102666,0.4545596545522683,550.6205031901799,0.26798369408081707
12.433333333333334,1.2445333333333333,1.4226365864724495,0.45373072902606815,550.8831516197424,0.2680540843599998
12.45,1.2444,1.4222982667664128,0.4529044552443597,551.1452580942871,0.2681241623709765
12.466666666666667,1.2442666666666666,1.42196088629824,0.45208082380092923,551.4068232415777,0.2681939285973694
12.483333333333333,1.2441333333333333,1.4216244424743798,0.4512598253118886,551.6678476964048,0.2682633835259198
12.5,1.244,1.4212889327018985,0.4504414504161871,551.9283321003763,0.26833252764638227
12.516666666666667,1.2438666666666665,1.4209543543887135,0.44962568977606776,552.1882771017247,0.2684013614514278
12.533333333333333,1.2437333333333334,1.420620704943808,0.4488125340774848,552.4476833551244,0.2684698854365517
12.55,1.2435999999999998,1.4202879817774305,0.44800197403047515,552.7065515215237,0.26853810009998824
12.566666666666666,1.2434666666666667,1.4199561823012792,0.44719400036949775,552.9648822679858,0.26860600594263084
12.583333333333334,1.2433333333333332,1.419625303928672,0.44638860385374146,553.2226762675394,0.26867360346795566
12.6,1.2432,1.4192953440747103,0.4455857752674032,553.4799341990371,0.2687408931819505
12.616666666666667,1.2430666666666665,1.4189663001564272,0.44478550541994394,553.7366567470211,0.26880787559304636
12.633333333333333,1.2429333333333332,1.418638169592928,0.44398778514631443,553.9928446015982,0.2688745512120538
12.65,1.2428,1.4183109498055253,0.4431926053071735,554.2484984583157,0.2689409205521001
12.666666666666666,1.2426666666666666,1.4179846382178607,0.4423999567890724,554.5036190180479,0.2690069841285711
12.683333333333334,1.2425333333333333,1.417659232256025,0.4416098305046306,554.7582069868855,0.26907274245905566
12.7,1.2424,1.4173347293486684,0.44082221739269556,555.0122630760292,0.2691381960632901
12.716666666666667,1.2422666666666666,1.4170111269271064,0.44003710841848664,555.2657880016884,0.26920334546310803
12.733333333333333,1.2421333333333333,1.416688422425421,0.4392544945737253,555.5187824849828,0.26926819118238876
12.75,1.242,1.4163666132805552,0.4384743668767572,555.7712472518482,0.26933273374701017
12.766666666666667,1.2418666666666667,1.4160456969324042,0.43769671637265817,556.0231830329454,0.2693969736848016
12.783333333333333,1.2417333333333331,1.4157256708239012,0.4369215341333322,556.2745905635726,0.2694609115254993
12.8,1.2416,1.4154065324011014,0.43614881125760036,556.5254705835792,0.26952454780070223
12.816666666666666,1.2414666666666665,1.41508827911326,0.4353785388712826,556.7758238372841,0.26958788304383013
12.833333333333334,1.2413333333333334,1.4147709084129074,0.43461070812726754,557.025651073394,0.2696509177900821
12.85,1.2411999999999999,1.4144544177559224,0.4338453102055765,557.2749530449272,0.26971365257639707
12.866666666666667,1.2410666666666668,1.4141388046016037,0.43308233631342763,557.5237305091347,0.26977608794141367
12.883333333333333,1.2409333333333332,1.4138240664127324,0.43232177768527524,557.7719842274292,0.26983822442543376
12.9,1.2408,1.4135102006556397,0.4315636255828665,558.0197149653106,0.26990006257038435
12.916666666666666,1.2406666666666666,1.4131972048002666,0.4308078712952735,558.2669234922969,0.26996160291978216
12.933333333333334,1.2405333333333333,1.4128850763202245,0.4300545061389306,558.5136105818538,0.27002284601869747
12.95,1.2404,1.4125738126928526,0.4293035214576616,558.7597770113285,0.2700837924137202
12.966666666666667,1.2402666666666666,1.412263411399272,0.42855490862270784,559.0054235618829,0.2701444426529257
12.983333333333333,1.2401333333333333,1.4119538699244403,0.4278086590327436,559.2505510184295,0.27020479728584196
13.0,1.24,1.4116451857572025,0.42706476411389827,559.495160169567,0.2702648568634166
13.016666666666667,1.2398666666666665,1.4113373563903422,0.426323215319764,559.7392518075185,0.270324621937985
13.033333333333333,1.2397333333333334,1.4110303793206271,0.4255840041314059,559.9828267280709,0.2703840930632398
13.05,1.2395999999999998,1.4107242520488583,0.42484712205736774,560.2258857305144,0.27044327079419905
13.066666666666666,1.2394666666666667,1.410418972079914,0.42411256063367403,560.4684296175833,0.2705021556871769
13.083333333333334,1.2393333333333332,1.4101145369227948,0.42338031142383037,560.7104591953981,0.27056074829975296
13.1,1.2392,1.4098109440906639,0.42265036601881717,560.9519752734088,0.2706190491907444
13.116666666666667,1.2390666666666665,1.4095081911008898,0.42192271603708453,561.1929786643383,0.2706770589201759
13.133333333333333,1.2389333333333332,1.409206275475087,0.42119735312454465,561.4334701841269,0.27073477804925195
13.15,1.2388,1.408905194739153,0.4204742689545586,561.6734506518776,0.270792207140329
13.166666666666666,1.2386666666666666,1.408604946423308,0.4197534552279236,561.9129208898032,0.2708493467568876
13.183333333333334,1.2385333333333333,1.4083055280621284,0.41903490367285534,562.1518817231729,0.2709061974635062
13.2,1.2384,1.408006937194587,0.41831860604497345,562.3903339802587,0.2709627598258329
13.216666666666667,1.2382666666666666,1.4077091713640826,0.4176045541272779,562.628278492286,0.27101903441056113
13.233333333333333,1.2381333333333333,1.4074122281184787,0.4168927397301303,562.8657160933806,0.2710750217854016
13.25,1.2379999999999998,1.4071161050101326,0.4161831546912297,563.1026476205191,0.27113072251905795
13.266666666666667,1.2378666666666667,1.4068207995959277,0.4154757908755828,563.3390739134807,0.27118613718120166
13.283333333333333,1.2377333333333331,1.4065263094373066,0.414770640175485,563.574995814795,0.27124126634244566
13.3,1.2376,1.4062326321003005,0.4140676945104857,563.8104141696957,0.27129611057432085
13.316666666666666,1.2374666666666665,1.4059397651555576,0.4133669458273622,564.045329826072,0.2713506704492512
13.333333333333334,1.2373333333333334,1.4056477061783723,0.4126683861000844,564.2797436344215,0.27140494654053
13.35,1.2371999999999999,1.4053564527487132,0.4119720073297838,564.5136564478031,0.27145893942229576
13.366666666666667,1.2370666666666668,1.4050660024512516,0.4112778015447227,564.7470691217898,0.2715126496695087
13.383333333333333,1.2369333333333332,1.404776352875387,0.4105857608002558,564.9799825144232,0.271566077857927
13.4,1.2368,1.4044875016152718,0.4098958771787934,565.2123974861693,0.27161922456408494
13.416666666666666,1.2366666666666666,1.404199446269839,0.4092081427897646,565.4443148998716,0.2716720903652693
13.433333333333334,1.2365333333333333,1.4039121844428253,0.40852254976957963,565.6757356207079,0.2717246758394965
13.45,1.2364,1.4036257137427959,0.4078390902815916,565.9066605161452,0.27177698156549124
13.466666666666667,1.2362666666666666,1.4033400317831672,0.4071577565160519,566.1370904558967,0.2718290081226636
13.483333333333333,1.2361333333333333,1.40305513618223,0.4064785406900705,566.367026311879,0.2718807560910881
13.5,1.236,1.4027710245631713,0.4058014350475738,566.5964689581687,0.27193222605148126
13.516666666666667,1.2359,1.402487699917655,0.4051264446350943,566.8254149355195,0.2719980883726333
13.533333333333333,1.2358,1.402205164568436,0.40445357290330924,567.053861321286,0.27206367900184314
13.55,1.2357,1.4019234167888697,0.40378281366337365,567.2818084668941,0.27212899822837927
13.566666666666666,1.2355999999999998,1.4016424545970385,0.40311416013184986,567.5092569353304,0.27219404644285305
13.583333333333334,1.2355,1.4013622758931903,0.40244760525863077,567.736207390395,0.2722588240840273
13.6,1.2354,1.4010828785086435,0.4017831418436509,567.9626605573268,0.2723233316198983
13.616666666666667,1.2352999999999998,1.4008042602299624,0.40112076259457263,568.1886172033486,0.2723875695383453
13.633333333333333,1.2352,1.400526418812908,0.40046046016004727,568.4140781264408,0.27245153834173336
13.65,1.2350999999999999,1.4002493519912766,0.3998022271507712,568.6390441482238,0.27251523854349025
13.666666666666666,1.2349999999999999,1.3999730574828846,0.39914605615372073,568.863516109135,0.2725786706657867
13.683333333333334,1.2349,1.3996975329938162,0.3984919397422234,569.0874948650026,0.2726418352378872
13.7,1.2348,1.3994227762215494,0.3978398704833604,569.3109812845158,0.27270473279493257
13.716666666666667,1.2347000000000001,1.3991487848573272,0.3971898409435546,569.5339762473034,0.2727673638770148
13.733333333333333,1.2346,1.3988755565880027,0.39654184369289863,569.7564806424331,0.2728297290284542
13.75,1.2345,1.398603089097495,0.3958958713085621,569.9784953672213,0.2728918287972261
13.766666666666667,1.2344000000000002,1.398331380067969,0.39525191637752344,570.2000213262659,0.2729536637344945
13.783333333333333,1.2343,1.3980604271808,0.3946099714987936,570.4210594306506,0.2730152343942283
13.8,1.2342,1.3977902281173678,0.39397002928523833,570.641610597284,0.2730765413328833
13.816666666666666,1.2341,1.3975207805597287,0.3933320823650909,570.8616757483388,0.27313758510913083
13.833333333333334,1.234,1.39725208219118,0.3926961233832242,571.0812558107754,0.2731983662836284
13.85,1.2339,1.3969841306967439,0.3920621450022209,571.3003517159293,0.27325888541882026
13.866666666666667,1.2338,1.3967169237635828,0.3914301399032828,571.5189643991549,0.2733191430787656
13.883333333333333,1.2337,1.3964504590813611,0.390800100787009,571.7370947995104,0.27337913982898626
13.9,1.2336,1.3961847343425593,0.3901720203740636,571.9547438594817,0.2734388762363336
13.916666666666666,1.2335,1.3959197472427516,0.3895458914057528,572.1719125247353,0.27349835286886875
13.933333333333334,1.2334,1.3956554954808484,0.38892170664452286,572.3886017438981,0.2735575702957565
13.95,1.2333,1.3953919767593144,0.3882994588743927,572.6048124683587,0.2736165290871689
13.966666666666667,1.2332,1.3951291887843607,0.3876791409013315,572.8205456520868,0.2736752298141985
13.983333333333333,1.2331,1.3948671292661192,0.3870607455535911,573.0358022514692,0.2737336730487787
14.0,1.233,1.3946057959187952,0.386444265681986,573.2505832251611,0.27379185936361183
14.016666666666667,1.2328666666666666,1.3943451814641172,0.3858296823788246,573.4648936440168,0.2738349836007879
14.033333333333333,1.2327333333333335,1.3940852792250313,0.3852169781816447,573.6787380988499,0.2738778475196209
14.05,1.2326,1.3938260863204857,0.3846061445985867,573.8921180681607,0.27392045197734205
14.066666666666666,1.2324666666666668,1.3935676001272206,0.3839971737593964,574.105034824643,0.27396279773232995
14.083333333333334,1.2323333333333333,1.3933098181451808,0.38339005809745574,574.3174895455268,0.274004885496861
14.1,1.2322000000000002,1.3930527379499427,0.3827847902372504,574.5294833515237,0.27404671595573565
14.116666666666667,1.2320666666666666,1.3927963571693422,0.3821813629390262,574.741017325927,0.27408828977541605
14.133333333333333,1.2319333333333333,1.3925406734700936,0.381579769067044,574.952092525529,0.27412960760925104
14.15,1.2318,1.3922856845493667,0.3809800015695642,575.162709987477,0.27417067010075796
14.166666666666666,1.2316666666666667,1.3920313881291317,0.38038205346537757,575.3728707338666,0.27421147788582184
14.183333333333334,1.2315333333333334,1.3917777819521813,0.37978591783430016,575.5825757749623,0.2742520315942381
14.2,1.2314,1.3915248637792221,0.37919158781021,575.7918261115427,0.2742923318508356
14.216666666666667,1.2312666666666667,1.3912726313866974,0.378599056575797,576.0006227366532,0.27433237927631693
14.233333333333333,1.2311333333333334,1.3910210825651026,0.3780083173585028,576.20896663695,0.27437217448790174
14.25,1.231,1.3907702151176697,0.3774193634273163,576.4168587937486,0.2744117180998301
14.266666666666667,1.2308666666666668,1.3905200268593185,0.3768321880902114,576.6243001838513,0.2744510107237587
14.283333333333333,1.2307333333333332,1.3902705156158026,0.37624678469204453,576.8312917802183,0.27449005296908274
14.3,1.2306000000000001,1.3900216792230142,0.37566314661283007,577.0378345525064,0.27452884544319445
14.316666666666666,1.2304666666666666,1.3897735155264073,0.3750812672662943,577.2439294675155,0.27456738875169706
14.333333333333334,1.2303333333333335,1.3895260223805157,0.37450114009865687,577.4495774895536,0.2746056834985803
14.35,1.2302,1.3892791976485446,0.3739227585875864,577.654779580746,0.2746437302863682
14.366666666666667,1.2300666666666669,1.3890330392020258,0.37334611624130987,577.859536701289,0.27468152971624166
14.383333333333333,1.2299333333333333,1.3887875449205203,0.37277120659783,578.063849809668,0.2747190823881426
14.4,1.2298,1.388542712691365,0.37219802322425327,578.2677198628382,0.2747563889008611
14.416666666666666,1.2296666666666667,1.388298540409451,0.3716265597161868,578.4711478163813,0.27479344985211085
14.433333333333334,1.2295333333333334,1.3880550259770303,0.37105680969721244,578.6741346246363,0.2748302658385916
14.45,1.2294,1.3878121673035477,0.3704887668184117,578.8766812408132,0.2748668374560445
14.466666666666667,1.2292666666666667,1.387569962305494,0.3699224247579463,579.0787886170879,0.2749031652992973
14.483333333333333,1.2291333333333334,1.3873284089062727,0.36935777722067153,579.2804577046847,0.2749392499623046
14.5,1.229,1.387087505036085,0.3687948179377929,579.481689453948,0.27497509203818193
14.516666666666667,1.2289,1.38684725330264,0.36823355157667603,579.6824809097317,0.2750256099445564
14.533333333333333,1.2288000000000001,1.3866076557905798,0.36767398158051434,579.8828295510406,0.27507589042982017
14.55,1.2287000000000001,1.3863687110325147,0.36711610309936005,580.0827358269405,0.2751259338133065
14.566666666666666,1.2286,1.3861304173207907,0.3665599107312401,580.2822003914091,0.2751757405113645
14.583333333333334,1.2285000000000001,1.3858927728396604,0.366005398831309,580.481223993127,0.2752253109850263
14.6,1.2284,1.3856557757117567,0.3654525616205728,580.6798074367503,0.27527464572161175
14.616666666666667,1.2283,1.3854194240208073,0.3649013932390181,580.8779515639861,0.27532374522573727
14.633333333333333,1.2282000000000002,1.3851837158245899,0.3643518877759009,581.075657242796,0.27537261001418456
14.65,1.2281,1.3849486491630527,0.3638040392887105,581.2729253606238,0.2754212406126822
14.666666666666666,1.2280000000000002,1.3847142220637496,0.36325784181584575,581.4697568198593,0.2754696375537489
14.683333333333334,1.2279,1.3844804325456488,0.36271328938548425,581.6661525346514,0.27551780137517834
14.7,1.2278,1.3842472786219144,0.3621703760220337,581.8621134285792,0.2755657326189319
14.716666666666667,1.2277,1.3840147583019813,0.3616290957509431,582.0576404329056,0.2756134318303075
14.733333333333333,1.2276,1.383782869593156,0.3610894426023886,582.2527344852275,0.27566089955729856
14.75,1.2275,1.3835516105018666,0.3605514106141434,582.4473965284169,0.2757081363500896
14.766666666666667,1.2274,1.38332097903466,0.3600149938338525,582.6416275097708,0.27575514276065227
14.783333333333333,1.2273,1.3830909731990053,0.35948018632085804,582.835428380322,0.27580191934241777
14.8,1.2272,1.3828615910039552,0.3589469821476816,583.0288000942694,0.2758484666500053
14.816666666666666,1.2271,1.3826328304606885,0.3584153754012392,583.2217436085042,0.2758947852389976
14.833333333333334,1.2269999999999999,1.3824046895829663,0.3578853601838468,583.4142598822093,0.27594087566574954
14.85,1.2269,1.382177166387515,0.3573569306140564,583.6063498765192,0.2759867384872275
14.866666666666667,1.2268,1.3819502588943533,0.35683008082735856,583.7980145542263,0.2760323742608689
14.883333333333333,1.2267000000000001,1.381723965127068,0.3563048049767711,583.9892548795289,0.2760777835444632
14.9,1.2266000000000001,1.3814982831130558,0.3557810972333414,584.1800718178087,0.2761229668960456
14.916666666666666,1.2265,1.3812732108837278,0.3552589517865641,584.3704663354375,0.27616792487380587
14.933333333333334,1.2264000000000002,1.3810487464746908,0.3547383628447479,584.560439399605,0.27621265803600614
14.95,1.2263,1.3808248879259046,0.3542193246353181,584.7499919781653,0.27625716694090874
14.966666666666667,1.2262,1.3806016332818185,0.35370183140508044,584.9391250395006,0.27630145214671104
14.983333333333333,1.2261,1.3803789805914937,0.3531858774204443,585.1278395523975,0.27634551421148723
15.0,1.226,1.3801569279087083,0.35267145696761115,585.3161364859366,0.27638935369313594
15.016666666666667,1.2259,1.379935473292055,0.35215856435273984,585.5040168093896,0.2764329711493317
15.033333333333333,1.2258,1.3797146148050223,0.3516471939020793,585.6914814921284,0.27647636713748197
15.05,1.2257,1.3794943505160702,0.35113733996208807,585.8785315035403,0.276519542214687
15.066666666666666,1.2256,1.3792746784986978,0.3506289968995289,586.0651678129492,0.2765624969377031
15.083333333333334,1.2255,1.3790555968315024,0.35012215910155103,586.251391389544,0.2766052318629086
15.1,1.2254,1.3788371035982319,0.34961682097575586,586.4372032023122,0.2766477475462725
15.116666666666667,1.2253,1.3786191968878334,0.3491129769502495,586.622604219978,0.27669004454332596
15.133333333333333,1.2252,1.3784018747944975,0.3486106214736875,586.8075954109429,0.27673212340913395
15.15,1.2251,1.3781851354176933,0.34810974901530356,586.9921777432337,0.2767739846982711
15.166666666666666,1.225,1.3779689768622043,0.34761035406493423,587.1763521844507,0.27681562896479756
15.183333333333334,1.2249,1.3777533972381624,0.3471124311330377,587.360119701718,0.27685705676223565
15.2,1.2248,1.3775383946610704,0.3466159747506959,587.5434812616415,0.27689826864355027
15.216666666666667,1.2247000000000001,1.3773239672518314,0.34612097946962134,587.7264378302635,0.2769392651611282
15.233333333333333,1.2246,1.3771101131367678,0.34562743986214994,587.9089903730238,0.2769800468667593
15.25,1.2245000000000001,1.376896830447643,0.34513535052123284,588.0911398547206,0.27702061431161934
15.266666666666667,1.2244000000000002,1.3766841173216795,0.3446447060604232,588.2728872394733,0.27706096804625163
15.283333333333333,1.2243,1.3764719719015737,0.34415550111385773,588.4542334906884,0.27710110862055226
15.3,1.2242000000000002,1.3762603923355092,0.34366773033623293,588.6351795710257,0.2771410365837544
15.316666666666666,1.2241,1.3760493767771722,0.34318138840278267,588.8157264423661,0.2771807524844127
15.333333333333334,1.2240000000000002,1.3758389233857586,0.34269647000924686,588.9958750657815,0.2772202568703906
15.35,1.2239000000000002,1.3756290303259873,0.3422129698718409,589.1756264015046,0.27725955028884547
15.366666666666667,1.2238,1.375419695768105,0.34173088272722135,589.354981408901,0.2772986332862166
15.383333333333333,1.2237000000000002,1.375210917887895,0.34125020333244765,589.5339410464426,0.2773375064082128
15.4,1.2236,1.3750026948666842,0.34077092646494644,589.7125062716793,0.2773761701997995
15.416666666666666,1.2235,1.374795024891345,0.3402930469224679,589.8906780412162,0.27741462520518834
15.433333333333334,1.2234000000000003,1.3745879061543034,0.33981655952304285,590.0684573106868,0.27745287196782503
15.45,1.2233,1.3743813368535376,0.33934145910493935,590.245845034731,0.27749091103037976
15.466666666666667,1.2232,1.3741753151925848,0.33886774052661633,590.422842166971,0.27752874293473606
15.483333333333333,1.2231,1.3739698393805477,0.3383953986666941,590.5994496599825,0.27756636822197733
15.5,1.223,1.3737649076320724,0.33792442842384984,590.7756684652942,0.2776037874323879
15.516666666666667,1.2229333333333334,1.3735605222498706,0.33745483409553945,590.9514960204924,0.277656135322408
15.533333333333333,1.2228666666666668,1.3733566851242254,0.3369866190296476,591.126930115628,0.277708282003311
15.55,1.2228,1.3731533950136117,0.3365197793816801,591.3019712360448,0.2777602277650186
15.566666666666666,1.2227333333333334,1.372950650449879,0.33605431079289566,591.4766200652288,0.2778119729904118
15.583333333333334,1.2226666666666668,1.37274844986494,0.3355902086816861,591.650877376028,0.27786351810419346
15.6,1.2226000000000001,1.3725467916347163,0.3351274683446607,591.8247439929388,0.27791486355515493
15.616666666666667,1.2225333333333335,1.3723456741003641,0.3346660850054738,591.9982207738891,0.2779660098076095
15.633333333333333,1.2224666666666668,1.3721450955802605,0.3342060538423719,592.1713085999505,0.2780169573365538
15.65,1.2224000000000002,1.371945054377443,0.33374737000528976,592.3440083689483,0.27806770662466224
15.666666666666666,1.2223333333333335,1.3717455487845494,0.33329002862718465,592.5163209912116,0.2781182581602883
15.683333333333334,1.2222666666666668,1.371546577087258,0.3328340248319132,592.688247386613,0.27816861243607116
15.7,1.2222,1.3713481375667722,0.33237935373991745,592.8597884824213,0.27821876994792605
15.716666666666667,1.2221333333333333,1.371150228501677,0.3319260104724508,593.0309452116958,0.27826873119428924
15.733333333333333,1.2220666666666669,1.370952848169351,0.33147399015479395,593.2017185120584,0.27831849667554015
15.75,1.2220000000000002,1.3707559948470691,0.33102328791874736,593.372109324732,0.27836806689354876
15.766666666666667,1.2219333333333333,1.3705596668128772,0.3305738989045994,593.542118593774,0.2784174423513157
15.783333333333333,1.2218666666666667,1.3703638623462935,0.33012581826269966,593.711747265457,0.2784666235526811
15.8,1.2218000000000002,1.3701685797288798,0.32967904115473373,593.8809962877596,0.27851561100208483
15.816666666666666,1.2217333333333333,1.369973817244715,0.3292335627547627,594.049866609945,0.2785644052043686
15.833333333333334,1.2216666666666667,1.3697795731807842,0.3287893782500809,594.2183591822063,0.2786130066646099
15.85,1.2216,1.3695858458273096,0.328346482841928,594.386474955367,0.27866141588798043
15.866666666666667,1.2215333333333334,1.369392633478026,0.3279048717460825,594.5542148806236,0.27870963337962595
15.883333333333333,1.2214666666666667,1.369199934430417,0.3274645401933621,594.7215799093254,0.2787576596445631
15.9,1.2214,1.3690077469859196,0.32702548343004334,594.8885709927818,0.2788054951875885
15.916666666666666,1.2213333333333334,1.3688160694500942,0.3265876967182194,595.055189082094,0.27885314051320037
15.933333333333334,1.2212666666666667,1.3686249001327762,0.32615117533609816,595.2214351280094,0.2789005961255304
15.95,1.2212,1.3684342373482061,0.3257159145782582,595.3873100807898,0.2789478625282818
15.966666666666667,1.2211333333333334,1.3682440794151425,0.32528190975586646,595.5528148900955,0.27899494022467536
15.983333333333333,1.2210666666666667,1.368054424656961,0.3248491561968639,595.7179505048817,0.27904182971740094
16.0,1.221,1.3678652714017407,0.32441764924611693,595.8827178733056,0.2790885315085747
16.016666666666666,1.2209333333333334,1.3676766179823392,0.32398738426555207,596.0471179426421,0.2791350460996991
16.033333333333335,1.2208666666666665,1.3674884627364603,0.3235583566342638,596.2111516592084,0.2791813739916283
16.05,1.2208,1.3673008040067123,0.3231305617486079,596.3748199682947,0.27922751568453597
16.066666666666666,1.2207333333333334,1.3671136401406574,0.3227039950222761,596.5381238141013,0.2792734716778859
16.083333333333332,1.2206666666666668,1.3669269694908606,0.32227865188635907,596.7010641396803,0.2793192424704054
16.1,1.2206,1.366740790414927,0.3218545277893952,596.8636418868839,0.2793648285600608
16.116666666666667,1.2205333333333335,1.3665551012755368,0.3214316181974085,597.025857996315,0.2794102304440354
16.133333333333333,1.2204666666666668,1.366369900440478,0.3210099185939402,597.1877134072818,0.279455448618708
16.15,1.2204000000000002,1.3661851862826702,0.32058942448006583,597.3492090577571,0.27950048357963464
16.166666666666668,1.2203333333333333,1.3660009571801923,0.32017013137441186,597.5103458843382,0.27954533582152974
16.183333333333334,1.2202666666666668,1.3658172115162976,0.31975203481315545,597.6711248222138,0.2795900058382514
16.2,1.2202000000000002,1.3656339476794368,0.3193351303500325,597.8315468051263,0.2796344941227841
16.216666666666665,1.2201333333333335,1.3654511640632696,0.3189194135563261,597.9916127653441,0.2796788011672258
16.233333333333334,1.2200666666666666,1.3652688590666782,0.3185048800208571,598.1513236336308,0.2797229274627743
16.25,1.22,1.3650870310937802,0.3180915253499703,598.3106803392172,0.2797668734997146
16.266666666666666,1.2199333333333335,1.3649056785539349,0.31767934516751584,598.4696838097764,0.27981063976740717
16.283333333333335,1.2198666666666667,1.3647247998617518,0.3172683351148232,598.6283349713995,0.27985422675427757
16.3,1.2198,1.3645443934370975,0.3168584908506798,598.7866347485716,0.2798976349478057
16.316666666666666,1.2197333333333333,1.364364457705098,0.3164498080512982,598.9445840641514,0.2799408648345159
16.333333333333332,1.219666666666667,1.3641849910961434,0.31604228241028814,599.1021838393498,0.2799839168999683
16.35,1.2196,1.3640059920458898,0.3156359096386189,599.2594349937109,0.28002679162875005
16.366666666666667,1.2195333333333334,1.3638274589952581,0.3152306854645848,599.4163384450941,0.2800694895044673
16.383333333333333,1.2194666666666667,1.3636493903904363,0.314826605633765,599.5728951096563,0.28011201100973737
16.4,1.2194000000000003,1.3634717846828777,0.3144236659089864,599.7291059018352,0.28015435662618154
16.416666666666668,1.2193333333333334,1.3632946403292976,0.31402186207027827,599.8849717343335,0.28019652683441804
16.433333333333334,1.2192666666666667,1.3631179557916722,0.3136211899148298,600.0404935181049,0.2802385221140561
16.45,1.2192,1.362941729537234,0.3132216452569454,600.195672162339,0.28028034294368903
16.466666666666665,1.2191333333333336,1.362765960038468,0.312823223927998,600.3505085744479,0.28032198980088907
16.483333333333334,1.2190666666666667,1.3625906457731078,0.31242592177638084,600.5050036600533,0.280363463162201
16.5,1.219,1.3624157852241285,0.31202973466745976,600.6591583229741,0.28040476350313775
16.516666666666666,1.2189666666666668,1.3622413804553366,0.31163466658220756,600.8129703112016,0.2804612283582436
16.533333333333335,1.2189333333333334,1.362067433203226,0.3112407207583755,600.9664376595135,0.28051752490905396
16.55,1.2189,1.3618939424370253,0.3108478941672611,601.1195608439599,0.28057365340448315
16.566666666666666,1.2188666666666668,1.3617209069152243,0.3104561833072459,601.2723405288505,0.280629614181261
16.583333333333332,1.2188333333333334,1.3615483253057958,0.31006558447636323,601.424777460894,0.28068540761450395
16.6,1.2188,1.361376196227146,0.309676093865146,601.5768724331531,0.28074103410088286
16.616666666666667,1.2187666666666668,1.3612045182675858,0.30928770760077734,601.7286262679048,0.28079649405061907
16.633333333333333,1.2187333333333334,1.361033289996173,0.3089004217716569,601.8800398070956,0.2808517878830267
16.65,1.2187,1.3608625099693572,0.30851423244245596,602.0311139064851,0.28090691602377776
16.666666666666668,1.2186666666666668,1.3606921767353377,0.30812913566397565,602.1818494318022,0.28096187890310703
16.683333333333334,1.2186333333333335,1.360522288837068,0.30774512747993366,602.3322472560928,0.28101667695457283
16.7,1.2186000000000001,1.3603528448144018,0.3073622039318076,602.4823082578173,0.28107131061416923
16.716666666666665,1.2185666666666668,1.3601838432056796,0.30698036106240356,602.6320333194432,0.2811257803196683
16.733333333333334,1.2185333333333335,1.3600152825489262,0.306599594918542,602.7814233263788,0.28118008651012266
16.75,1.2185000000000001,1.3598471613827756,0.30621990155312684,602.9304791661449,0.2812342296254782
16.766666666666666,1.2184666666666666,1.359679478247198,0.3058412770267639,603.0792017277212,0.2812882101062695
16.783333333333335,1.2184333333333333,1.3595122316840786,0.30546371740904177,603.227591901023,0.28134202839337513
16.8,1.2184,1.3593454202376847,0.3050872187795611,603.3756505764754,0.2813956849278197
16.816666666666666,1.2183666666666668,1.3591790424550478,0.30471177722876974,603.5233786446624,0.2814491801506089
16.833333333333332,1.2183333333333335,1.359013096886277,0.3043373888586428,603.6707769960361,0.28150251450259506
16.85,1.2183,1.3588475820848211,0.3039640497832447,603.8178465206712,0.2815556884243622
16.866666666666667,1.2182666666666666,1.358682496607687,0.30359175612919165,603.964588108058,0.2816087023561298
16.883333333333333,1.2182333333333333,1.3585178390156216,0.303220504036039,604.1110026469258,0.28166155673767
16.9,1.2182,1.3583536078732712,0.30285028965660143,604.2570910250902,0.2817142520082372
16.916666666666668,1.2181666666666666,1.3581898017493104,0.3024811091572235,604.4028541293214,0.2817667886065063
16.933333333333334,1.2181333333333333,1.3580264192165565,0.3021129587180033,604.54829284523,0.28181916697051973
16.95,1.2181000000000002,1.3578634588520675,0.3017458345329826,604.6934080571656,0.2818713875376406
16.966666666666665,1.2180666666666666,1.3577009192372225,0.3013797328103013,604.8382006481303,0.28192345074451214
16.983333333333334,1.2180333333333333,1.3575387989577952,0.3010146497723306,604.982671499699,0.28197535702702103
17.0,1.218,1.3573770966040142,0.3006505816557813,605.1268214919511,0.2820271068202656
17.016666666666666,1.2179333333333333,1.357215807423304,0.30028751717769986,605.2706544889768,0.2820632622913577
17.033333333333335,1.2178666666666667,1.3570549269655083,0.29992544574599855,605.4141740917316,0.28209925874748465
17.05,1.2178,1.3568944533918907,0.2995643626536967,605.5573815765978,0.28213509683249166
17.066666666666666,1.2177333333333333,1.356734385075456,0.2992042636750555,605.700278033858,0.2821707771032617
17.083333333333332,1.2176666666666667,1.356574720484427,0.29884514480302987,605.8428644714268,0.2822063000780828
17.1,1.2176,1.3564154581429855,0.2984870021607495,605.9851418497724,0.2822416662529332
17.116666666666667,1.2175333333333334,1.356256596612763,0.2981298319597693,606.1271110983636,0.2822768761091538
17.133333333333333,1.2174666666666667,1.3560981344826224,0.2977736304769941,606.268773124742,0.2823119301176802
17.15,1.2174,1.3559400703624311,0.29741839404061043,606.4101288200393,0.2823468287416169
17.166666666666668,1.2173333333333334,1.3557824028790033,0.2970641190209018,606.5511790625696,0.2823815724379144
17.183333333333334,1.2172666666666667,1.3556251306733187,0.29671080182394954,606.6919247202845,0.28241616165851524
17.2,1.2172,1.35546825239854,0.29635843888712593,606.8323666525204,0.28245059685116974
17.216666666666665,1.2171333333333334,1.3553117667185532,0.29600702667577594,606.9725057112788,0.2824848784600344
17.233333333333334,1.2170666666666667,1.3551556723068683,0.29565656168070653,607.1123427421892,0.28251900692612125
17.25,1.217,1.3549999678457672,0.2953070404162377,607.2518785852506,0.28255298268764545
17.266666666666666,1.2169333333333334,1.3548446520256379,0.2949584594186697,607.3911140754084,0.2825868061802946
17.283333333333335,1.2168666666666665,1.3546897235444397,0.2946108152450505,607.5300500430154,0.282620477837444
17.3,1.2168,1.354535181107269,0.2942641044721691,607.6686873142028,0.2826539980903315
17.316666666666666,1.2167333333333334,1.354381023426005,0.2939183236957272,607.807026711181,0.28268736736819805
17.333333333333332,1.2166666666666668,1.3542272492190133,0.293573469529644,607.9450690524897,0.28272058609840445
17.35,1.2166,1.3540738572108972,0.29322953860546863,608.0828151532038,0.28275365470652897
17.366666666666667,1.2165333333333335,1.3539208461322871,0.2928865275718803,608.2202658251075,0.2827865736164485
17.383333333333333,1.2164666666666668,1.3537682147196597,0.29254443309425215,608.3574218768414,0.28281934325040836
17.4,1.2164000000000001,1.3536159617151837,0.29220325185427626,608.4942841140264,0.28285196402908014
17.416666666666668,1.2163333333333333,1.3534640858665803,0.2918629805496281,608.6308533393734,0.2828844363716139
17.433333333333334,1.2162666666666666,1.3533125859270096,0.29152361589367853,608.7671303527725,0.2829167606956804
17.45,1.2162000000000002,1.353161460654961,0.2911851546152262,608.9031159513759,0.28294893741751
17.466666666666665,1.2161333333333335,1.3530107088141616,0.29084759345826466,609.0388109296671,0.28298096695192587
17.483333333333334,1.2160666666666666,1.3528603291734937,0.2905109291817691,609.1742160795216,0.2830128497123726
17.5,1.216,1.3527103205069169,0.2901751585595,609.3093321902626,0.2830445861109433
17.516666666666666,1.2159333333333335,1.352560681593403,0.2898402783798289,609.4441600487065,0.2830761765584008
17.533333333333335,1.2158666666666667,1.3524114112168721,0.28950628544557155,609.5787004392076,0.28310762146419916
17.55,1.2158,1.3522625081661366,0.2891731765738369,609.7129541436949,0.283138921236502
17.566666666666666,1.2157333333333333,1.3521139712348484,0.28884094859588627,609.846921941706,0.283170076282198
17.583333333333332,1.2156666666666667,1.3519657992214522,0.28850959835699963,609.9806046104184,0.2832010870069167
17.6,1.2156,1.351817990929139,0.2881791227163538,610.1140029246758,0.2832319538150414
17.616666666666667,1.2155333333333334,1.351670545165805,0.28784951854690155,610.247117657015,0.2832626771097215
17.633333333333333,1.2154666666666667,1.3515234607440128,0.2875207827352634,610.3799495776866,0.28329325729288346
17.65,1.2154,1.3513767364809544,0.28719291218162013,610.5124994546773,0.2833236947652415
17.666666666666668,1.2153333333333334,1.3512303711984168,0.2868659037996145,610.644768053727,0.28335398992630634
17.683333333333334,1.2152666666666667,1.3510843637227496,0.28653975451625197,610.7767561383478,0.28338414317439403
17.7,1.2152,1.3509387128848316,0.28621446127180794,610.9084644698399,0.2834141549066344
17.716666666666665,1.2151333333333334,1.3507934175200433,0.28589002101974104,611.0398938073057,0.2834440255189784
17.733333333333334,1.2150666666666667,1.3506484764682392,0.28556643072660526,611.1710449076633,0.2834737554062043
17.75,1.215,1.3505038885737166,0.28524368737196704,611.3019185256601,0.283503344961925
17.766666666666666,1.2149333333333334,1.3503596526851944,0.284921787948324,611.4325154138841,0.28353279457859343
17.783333333333335,1.2148666666666668,1.3502157676557838,0.28460072946102827,611.5628363227753,0.2835621046475094
17.8,1.2148,1.3500722323429666,0.2842805089282081,611.6928820006357,0.2835912755588236
17.816666666666666,1.2147333333333332,1.349929045608569,0.2839611233806939,611.8226531936399,0.28362030770154356
17.833333333333332,1.2146666666666666,1.3497862063187418,0.2836425698619464,611.9521506458432,0.2836492014635384
17.85,1.2146000000000001,1.349643713343936,0.2833248454279865,612.0813750991911,0.283677957231543
17.866666666666667,1.2145333333333332,1.3495015655588811,0.28300794714732225,612.2103272935274,0.28370657539116295
17.883333333333333,1.2144666666666666,1.3493597618425648,0.2826918721008842,612.3390079666025,0.2837350563268787
17.9,1.2144,1.3492183010782122,0.2823766173819559,612.4674178540799,0.283763400422049
17.916666666666668,1.2143333333333333,1.3490771821532654,0.2820621800961108,612.5955576895443,0.2837916080589153
17.933333333333334,1.2142666666666666,1.348936403959364,0.28174855736114457,612.723428204508,0.2838196796186056
17.95,1.2142,1.348795965392325,0.2814357463070137,612.8510301284178,0.28384761548113774
17.966666666666665,1.2141333333333333,1.3486558653521246,0.2811237440757722,612.978364188661,0.2838754160254226
17.983333333333334,1.2140666666666666,1.3485161027428787,0.2808125478215085,613.1054311105718,0.2839030816292683
18.0,1.214,1.3483766764728256,0.28050215471028656,613.232231617437,0.28393061266938285
18.016666666666666,1.2139666666666666,1.348237588415115,0.28019256850976365,613.3587637365589,0.2839736028651651
18.033333333333335,1.2139333333333333,1.3480988402024676,0.2798837924507666,613.4850257124206,0.28401646199053493
18.05,1.2139,1.3479604311466988,0.27957582459899843,613.6110179011619,0.28405919023122966
18.066666666666666,1.2138666666666666,1.3478223603735653,0.2792686626084391,613.7367408296117,0.2841017878519624
18.083333333333332,1.2138333333333335,1.3476846269320402,0.2789623039647326,613.8621950959981,0.2841442551504406
18.1,1.2138,1.3475472298303128,0.2786567460653738,613.9873813372467,0.28418659244222094
18.116666666666667,1.2137666666666667,1.347410168052445,0.2783519862568121,614.1123002138486,0.28422880005370144
18.133333333333333,1.2137333333333333,1.347273440567428,0.27804802185461786,614.2369524016327,0.2842708783183097
18.15,1.2137,1.3471370463346206,0.27774485015558575,614.361338586821,0.28431282757421356
18.166666666666668,1.2136666666666667,1.3470009843072461,0.27744246844551657,614.4854594628468,0.28435464816284683
18.183333333333334,1.2136333333333333,1.3468652534347618,0.2771408740044782,614.6093157281964,0.28439634042790973
18.2,1.2136,1.346729852664526,0.276840064110506,614.7329080848874,0.2844379047146647
18.216666666666665,1.2135666666666667,1.346594780943009,0.27654003604228666,614.8562372373611,0.28447934136942266
18.233333333333334,1.2135333333333336,1.3464600372166966,0.27624078708115396,614.9793038916533,0.2845206507391598
18.25,1.2135,1.3463256204327778,0.275942314512604,615.1021087547618,0.28456183317122413
18.266666666666666,1.2134666666666667,1.3461915295396762,0.2756446156274637,615.2246525341548,0.28460288901310876
18.283333333333335,1.2134333333333334,1.3460577634874704,0.27534768772281026,615.3469359373793,0.28464381861227006
18.3,1.2134,1.3459243212282272,0.27505152810269656,615.4689596717507,0.284684622315984
18.316666666666666,1.2133666666666667,1.3457912017162705,0.2747561340787338,615.5907244440984,0.2847253004712291
18.333333333333332,1.2133333333333334,1.3456584039084012,0.2744615029705626,615.7122309605578,0.2847658534245898
18.35,1.2133,1.3455259267640747,0.27416763210623346,615.8334799263987,0.28480628152217735
18.366666666666667,1.213266666666667,1.3453937692455504,0.273874518822522,615.9544720458807,0.2848465851095631
18.383333333333333,1.2132333333333336,1.3452619303180136,0.27358216046518374,616.0752080221337,0.28488676453172346
18.4,1.2132000000000003,1.3451304089496792,0.27329055438916683,616.1956885570535,0.2849268201329914
18.416666666666668,1.213166666666667,1.344999204111876,0.2729996979587851,616.3159143512162,0.2849667522570176
18.433333333333334,1.2131333333333334,1.3448683147791196,0.272709588547862,616.4358861038029,0.2850065612467351
18.45,1.2131,1.344737739929173,0.27242022353984835,616.5556045125352,0.28504624744433066
18.466666666666665,1.2130666666666667,1.3446074785430966,0.27213160032791933,616.6750702736203,0.28508581119121845
18.483333333333334,1.2130333333333334,1.3444775296052922,0.2718437163150537,616.7942840817019,0.28512525282801804
18.5,1.213,1.3443478921035377,0.27155656891409446,616.91324662982,0.28516457269453643
18.516666666666666,1.212966666666667,1.3442185650290186,0.27127015554780404,617.0319586093718,0.28520377112974954
18.533333333333335,1.2129333333333336,1.3440895473763517,0.2709844736489007,617.1504207100819,0.285242848471789
18.55,1.2129,1.3439608381436077,0.27069952066008984,617.2686336199729,0.2852818050579286
18.566666666666666,1.2128666666666668,1.3438324363323266,0.27041529403408415,617.3865980253419,0.28532064122457396
18.583333333333332,1.2128333333333334,1.343704340947532,0.27013179123362047,617.5043146107381,0.2853593573072521
18.6,1.2128,1.3435765509977426,0.26984900973146675,617.6217840589441,0.28539795364060283
18.616666666666667,1.2127666666666668,1.3434490654949802,0.26956694701042627,617.7390070509591,0.28543643055837203
18.633333333333333,1.2127333333333334,1.3433218834547762,0.26928560056333484,617.8559842659843,0.28547478839340407
18.65,1.2127000000000003,1.3431950038961766,0.2690049678930553,617.9727163814097,0.2855130274776368
18.666666666666668,1.2126666666666668,1.3430684258417436,0.2687250465124694,618.0892040728031,0.28555114814209637
18.683333333333334,1.2126333333333335,1.3429421483175583,0.26844583394446286,618.2054480139,0.28558915071689267
18.7,1.2126000000000001,1.342816170353219,0.26816732772191193,618.3214488765949,0.28562703553121593
18.716666666666665,1.2125666666666668,1.342690490981843,0.2678895253876643,618.4372073309335,0.2856648029133328
18.733333333333334,1.2125333333333335,1.3425651092400592,0.26761242449451833,618.5527240451069,0.28570245319058446
18.75,1.2125000000000001,1.3424400241680103,0.2673360226052021,618.6679996854449,0.2857399866893834
18.766666666666666,1.2124666666666668,1.3423152348093452,0.2670603172923479,618.7830349164124,0.2857774037352123
18.783333333333335,1.2124333333333335,1.3421907402112163,0.26678530613846796,618.8978304006034,0.28581470465262127
18.8,1.2124000000000001,1.3420665394242717,0.2665109867359261,619.0123867987403,0.28585188976522763
18.816666666666666,1.2123666666666668,1.3419426315026513,0.26623735668691045,619.1267047696682,0.285888959395714
18.833333333333332,1.2123333333333335,1.3418190155039789,0.2659644136034026,619.2407849703551,0.2859259138658282
18.85,1.2123000000000002,1.341695690489355,0.26569215510714905,619.3546280558879,0.28596275349638195
18.866666666666667,1.2122666666666666,1.3415726555233507,0.2654205788296278,619.4682346794731,0.28599947860725095
18.883333333333333,1.2122333333333335,1.3414499096739974,0.2651496824120183,619.5816054924343,0.2860360895173748
18.9,1.2122000000000002,1.3413274520127794,0.26487946350516633,619.6947411442129,0.2860725865447567
18.916666666666668,1.2121666666666668,1.3412052816146256,0.2646099197695515,619.8076422823675,0.28610897000646396
18.933333333333334,1.2121333333333335,1.3410833975579,0.2643410488752538,619.9203095525736,0.28614524021862786
18.95,1.2121,1.3409617989243932,0.2640728485019179,620.0327435986245,0.28618139749644433
18.966666666666665,1.2120666666666666,1.3408404847993107,0.2638053163387182,620.1449450624326,0.28621744215417516
18.983333333333334,1.2120333333333333,1.3407194542712653,0.263538450084323,620.2569145840296,0.28625337450514765
19.0,1.212,1.340598706432266,0.2632722474468593,620.3686528015681,0.28628919486175614
19.016666666666666,1.2119666666666666,1.340478240377708,0.2630067061438765,620.4801603513231,0.2863249035354628
19.033333333333335,1.2119333333333335,1.3403580552063628,0.26274182390230955,620.5914378676933,0.2863605008367983
19.05,1.2119000000000002,1.340238150020367,0.2624775984584429,620.7024859832034,0.2863959870753635
19.066666666666666,1.2118666666666666,1.340118523925212,0.26221402755787204,620.813305328506,0.28643136255983
19.083333333333332,1.2118333333333333,1.339999176029733,0.26195110895546814,620.9238965323839,0.28646662759794217
19.1,1.2118,1.3398801054460983,0.2616888404153389,621.0342602217522,0.28650178249651753
19.116666666666667,1.2117666666666667,1.3397613112897977,0.26142721971079286,621.1443970216615,0.28653682756144927
19.133333333333333,1.2117333333333333,1.339642792679633,0.2611662446243017,621.2543075552989,0.2865717630977064
19.15,1.2117,1.3395245487377048,0.26090591294746046,621.3639924439926,0.28660658940933625
19.166666666666668,1.211666666666667,1.339406578589403,0.26064622248095226,621.4734523072141,0.28664130679946587
19.183333333333334,1.2116333333333336,1.3392888813633927,0.260387171034509,621.5826877625809,0.2866759155703034
19.2,1.2116,1.339171456191607,0.260128756426874,621.6916994258598,0.2867104160231397
19.216666666666665,1.2115666666666667,1.339054302209232,0.25987097648576435,621.8004879109702,0.2867448084583506
19.233333333333334,1.2115333333333334,1.3389374185546967,0.2596138290478335,621.909053829987,0.28677909317539774
19.25,1.2115,1.3388208043696619,0.2593573119586311,622.0173977931444,0.2868132704728313
19.266666666666666,1.2114666666666667,1.3387044587990071,0.2591014230725681,622.125520408839,0.2868473406482909
19.283333333333335,1.2114333333333334,1.3385883809908203,0.25884616025287643,622.2334222836337,0.28688130399850853
19.3,1.2114000000000003,1.3384725700963858,0.25859152137157293,622.3411040222608,0.28691516081930935
19.316666666666666,1.2113666666666667,1.3383570252701729,0.2583375043094198,622.4485662276262,0.28694891140561435
19.333333333333332,1.2113333333333334,1.3382417456698235,0.2580841069558889,622.5558095008124,0.2869825560514422
19.35,1.2113,1.3381267304561413,0.25783132720912183,622.6628344410829,0.2870160950499107
19.366666666666667,1.2112666666666667,1.338011978793079,0.25757916297589406,622.7696416458857,0.2870495286932395
19.383333333333333,1.2112333333333334,1.3378974898477278,0.25732761217157596,622.8762317108576,0.2870828572727517
19.4,1.2112,1.3377832627903052,0.2570766727200968,622.9826052298271,0.2871160810788756
19.416666666666668,1.2111666666666667,1.337669296794142,0.256826342553905,623.08876279482,0.2871492004011477
19.433333333333334,1.2111333333333336,1.337555591035673,0.2565766196139341,623.1947049960617,0.28718221552821405
19.45,1.2111,1.3374421446944234,0.2563275018495617,623.3004324219822,0.2872151267478322
19.466666666666665,1.2110666666666667,1.3373289569529978,0.25607898721857497,623.4059456592206,0.2872479343468741
19.483333333333334,1.2110333333333334,1.3372160269970683,0.2558310736871322,623.5112452926281,0.28728063861132763
19.5,1.211,1.3371033540153627,0.2555837592297264,623.616331905273,0.28731323982629875
19.516666666666666,1.2109666666666667,1.3369909371996536,0.25533704182914896,623.7212060784444,0.28734573827601384
19.533333333333335,1.2109333333333334,1.3368787757447453,0.25509091947645146,623.825868391657,0.287378134243822
19.55,1.2109,1.336766868848463,0.2548453901709096,623.9303194226551,0.2874104280121973
19.566666666666666,1.2108666666666668,1.3366552157116414,0.25460045191998654,624.0345597474167,0.2874426198627403
19.583333333333332,1.2108333333333334,1.3365438155381124,0.2543561027392973,624.1385899401578,0.28747471007618103
19.6,1.2108,1.3364326675346931,0.25411234065257116,624.2424105733373,0.28750669893238107
19.616666666666667,1.2107666666666668,1.3363217709111768,0.25386916369161616,624.3460222176607,0.2875385867103355
19.633333333333333,1.2107333333333334,1.3362111248803168,0.25362656989628257,624.449425442085,0.28757037368817534
19.65,1.2106999999999999,1.3361007286578197,0.2533845573144272,624.5526208138227,0.2876020601431697
19.666666666666668,1.2106666666666666,1.3359905814623307,0.25314312400187794,624.6556088983464,0.2876336463517283
19.683333333333334,1.2106333333333335,1.3358806825154232,0.2529022680223974,624.7583902593932,0.2876651325894034
19.7,1.2106000000000001,1.335771031041587,0.25266198744764695,624.8609654589695,0.28769651913089245
19.716666666666665,1.2105666666666668,1.3356616262682164,0.2524222803571522,624.963335057355,0.2877278062500399
19.733333333333334,1.2105333333333335,1.3355524674256003,0.2521831448382672,625.0654996131078,0.28775899421984014
19.75,1.2105000000000001,1.3354435537469098,0.25194457898613953,625.1674596830677,0.287790083312439
19.766666666666666,1.2104666666666666,1.3353348844681863,0.2517065809036746,625.2692158223622,0.2878210737991367
19.783333333333335,1.2104333333333333,1.3352264588283305,0.25146914870150106,625.37076858441,0.28785196595039
19.8,1.2104,1.3351182760690912,0.25123228049793545,625.4721185209268,0.2878827600358145
19.816666666666666,1.2103666666666668,1.3350103354350547,0.2509959744189494,625.5732661819277,0.2879134563241865
19.833333333333332,1.2103333333333335,1.334902636173632,0.2507602285981324,625.674212115734,0.2879440550834464
19.85,1.2103,1.3347951775350493,0.25052504117666013,625.7749568689763,0.2879745565806997
19.866666666666667,1.2102666666666666,1.3346879587723344,0.2502904103032574,625.8755009866003,0.2880049610822206
19.883333333333333,1.2102333333333333,1.3345809791413092,0.25005633413416656,625.9758450118696,0.2880352688534531
19.9,1.2102,1.3344742379005743,0.24982281083311192,626.0759894863726,0.2880654801590144
19.916666666666668,1.2101666666666666,1.3343677343115006,0.249589838571266,626.1759349500255,0.28809559526269696
19.933333333333334,1.2101333333333333,1.3342614676382176,0.24935741552721669,626.2756819410772,0.28812561442747003
19.95,1.2101000000000002,1.3341554371476028,0.24912553988693323,626.3752309961145,0.28815553791548326
19.966666666666665,1.2100666666666666,1.3340496421092691,0.24889420984373267,626.4745826500657,0.2881853659880681
19.983333333333334,1.2100333333333333,1.333944081795556,0.2486634235982467,626.5737374362062,0.2882150989057405
20.0,1.21,1.3338387554815165,0.24843317935838838,626.672695886163,0.2882447369282034
20.016666666666666,1.2099666666666666,1.3337336624449079,0.24820347533931908,626.7714585299188,0.2882742803143488
20.033333333333335,1.2099333333333333,1.3336288019661802,0.24797430976341625,626.8700258958173,0.2883037293222603
20.05,1.2099,1.333524173328465,0.24774568086023996,626.968398510567,0.288333084209215
20.066666666666666,1.2098666666666666,1.3334197758175654,0.24751758686650008,627.0665768992469,0.28836234523168675
20.083333333333332,1.2098333333333333,1.3333156087219442,0.2472900260260249,627.1645615853104,0.28839151264534746
20.1,1.2098,1.3332116713327145,0.24706299658972836,627.2623530905901,0.2884205867050705
20.116666666666667,1.2097666666666667,1.3331079629436273,0.24683649681557757,627.3599519353027,0.2884495676649319
20.133333333333333,1.2097333333333333,1.3330044828510632,0.24661052496856134,627.4573586380533,0.2884784557782138
20.15,1.2097,1.332901230354019,0.2463850793206573,627.5545737158405,0.28850725129740606
20.166666666666668,1.2096666666666667,1.3327982047540996,0.2461601581508017,627.6515976840604,0.28853595447420866
20.183333333333334,1.2096333333333333,1.3326954053555056,0.2459357597448565,627.7484310565121,0.2885645655595345
20.2,1.2096,1.3325928314650233,0.2457118823955781,627.8450743454016,0.28859308480351153
20.216666666666665,1.2095666666666667,1.332490482392015,0.2454885244025867,627.9415280613473,0.2886215124554851
20.233333333333334,1.2095333333333336,1.3323883574484083,0.24526568407233504,628.0377927133828,0.28864984876401956
20.25,1.2095000000000002,1.3322864559486838,0.24504335971807628,628.1338688089647,0.28867809397690225
20.266666666666666,1.2094666666666667,1.332184777209868,0.24482154965983494,628.229756853974,0.2887062483411441
20.283333333333335,1.2094333333333334,1.3320833205515203,0.24460025222437398,628.3254573527225,0.28873431210298334
20.3,1.2094,1.3319820852957238,0.24437946574516645,628.4209708079576,0.28876228550788674
20.316666666666666,1.2093666666666667,1.3318810707670756,0.24415918856236293,628.5162977208656,0.2887901688005528
20.333333333333332,1.2093333333333334,1.3317802762926745,0.2439394190227629,628.611438591078,0.2888179622249134
20.35,1.2093,1.3316797012021133,0.24372015547978323,628.7063939166746,0.28884566602413675
20.366666666666667,1.2092666666666667,1.3315793448274669,0.24350139629342923,628.8011641941896,0.28887328044062927
20.383333333333333,1.2092333333333336,1.3314792065032832,0.24328313983026373,628.8957499186148,0.28890080571603804
20.4,1.2092000000000003,1.3313792855665723,0.2430653844633779,628.9901515834052,0.28892824209125323
20.416666666666668,1.2091666666666667,1.3312795813567972,0.24284812857236143,629.0843696804835,0.2889555898064104
20.433333333333334,1.2091333333333334,1.3311800932158628,0.24263137054327333,629.1784047002442,0.2889828491008926
20.45,1.2091,1.3310808204881075,0.24241510876861186,629.2722571315584,0.28901002021333294
20.466666666666665,1.2090666666666667,1.330981762520291,0.24219934164728618,629.3659274617792,0.2890371033816168
20.483333333333334,1.2090333333333334,1.3308829186615867,0.24198406758458618,629.4594161767451,0.28906409884288403
20.5,1.209,1.3307842882635705,0.2417692849921544,629.5527237607855,0.2890910068335316
20.516666666666666,1.208966666666667,1.3306858706802114,0.2415549922879571,629.6458506967247,0.2891178275892154
20.533333333333335,1.2089333333333336,1.3305876652678617,0.24134118789625533,629.7387974658866,0.28914456134485306
20.55,1.2089000000000003,1.330489671385247,0.2411278702475763,629.8315645480997,0.2891712083346257
20.566666666666666,1.2088666666666668,1.3303918883934576,0.24091503777868511,629.9241524217013,0.28919776879198067
20.583333333333332,1.2088333333333334,1.330294315655937,0.24070268893255636,630.0165615635422,0.2892242429496339
20.6,1.2088,1.3301969525384738,0.24049082215834605,630.1087924489907,0.2892506310395716
20.616666666666667,1.2087666666666668,1.330099798409191,0.24027943591136372,630.2008455519385,0.28927693329305326
20.633333333333333,1.2087333333333334,1.330002852638538,0.2400685286530441,630.2927213448037,0.2893031499406131
20.65,1.2087,1.3299061145992783,0.23985809885091966,630.3844202985367,0.2893292812120634
20.666666666666668,1.2086666666666668,1.3298095836664845,0.239648144978593,630.4759428826233,0.2893553273364958
20.683333333333334,1.2086333333333334,1.3297132592175238,0.2394386655157092,630.5672895650906,0.2893812885422843
20.7,1.2086000000000001,1.329617140632052,0.23922965894792894,630.6584608125108,0.28940716505708663
20.716666666666665,1.2085666666666668,1.3295212272920034,0.23902112376690013,630.7494570900056,0.28943295710784755
20.733333333333334,1.2085333333333335,1.3294255185815804,0.23881305847023174,630.8402788612515,0.2894586649208005
20.75,1.2085000000000001,1.3293300138872457,0.2386054615614664,630.9309265884833,0.2894842887214701
20.766666666666666,1.2084666666666668,1.3292347125977118,0.23839833155005438,631.0214007324989,0.2895098287346736
20.783333333333335,1.2084333333333335,1.3291396141039327,0.2381916669513252,631.1117017526644,0.2895352851845248
20.8,1.2084000000000001,1.3290447177990938,0.23798546628646242,631.2018301069182,0.2895606582944347
20.816666666666666,1.2083666666666668,1.3289500230786044,0.23777972808247722,631.2917862517746,0.28958594828711426
20.833333333333332,1.2083333333333335,1.3288555293400865,0.2375744508721807,631.3815706423298,0.28961115538457677
20.85,1.2083,1.3287612359833672,0.23736963319415905,631.4711837322651,0.28963627980813994
20.866666666666667,1.2082666666666666,1.3286671424104688,0.23716527359274628,631.5606259738524,0.28966132177842857
20.883333333333333,1.2082333333333333,1.3285732480256007,0.23696137061799985,631.6498978179573,0.28968628151537573
20.9,1.2082000000000002,1.32847955223515,0.23675792282567326,631.7389997140448,0.28971115923822605
20.916666666666668,1.2081666666666668,1.3283860544476718,0.23655492877719075,631.8279321101832,0.28973595516553713
20.933333333333334,1.2081333333333335,1.3282927540738814,0.23635238703962153,631.9166954530484,0.28976066951518253
20.95,1.2081000000000002,1.3281996505266453,0.23615029618565564,632.0052901879285,0.2897853025043531
20.966666666666665,1.2080666666666666,1.3281067432209719,0.23594865479357677,632.093716758728,0.2898098543495597
20.983333333333334,1.2080333333333333,1.3280140315740034,0.23574746144723752,632.1819756079725,0.28983432526663566
21.0,1.208,1.3279215150050059,0.23554671473603525,632.2700671768126,0.28985871547073816
21.016666666666666,1.2079666666666666,1.327829192935362,0.2353464132548858,632.357991905029,0.2898830251763511
21.033333333333335,1.2079333333333335,1.3277370647885616,0.23514655560419942,632.4457502310361,0.2899072545972867
21.05,1.2079000000000002,1.3276451299901928,0.2349471403898561,632.5333425918861,0.2899314039466882
21.066666666666666,1.2078666666666666,1.327553387967934,0.23474816622318004,632.6207694232751,0.28995547343703176
21.083333333333332,1.2078333333333333,1.3274618381515444,0.23454963172091536,632.7080311595455,0.2899794632801291
21.1,1.2078,1.3273704799728578,0.23435153550520296,632.7951282336909,0.2900033736871283
21.116666666666667,1.2077666666666667,1.3272793128657705,0.2341538762035548,632.882061077361,0.29002720486851774
21.133333333333333,1.2077333333333333,1.327188336266236,0.23395665244883046,632.9688301208647,0.29005095703412676
21.15,1.2077,1.3270975496122548,0.23375986287921213,633.0554357931763,0.2900746303931289
21.166666666666668,1.2076666666666669,1.3270069523438668,0.23356350613818194,633.1418785219378,0.29009822515404327
21.183333333333334,1.2076333333333336,1.3269165439031427,0.23336758087449777,633.2281587334639,0.2901217415247368
21.2,1.2076,1.326826323734175,0.2331720857421685,633.3142768527471,0.29014517971242687
21.216666666666665,1.2075666666666667,1.3267362912830718,0.23297701940043214,633.4002333034604,0.290168539923683
21.233333333333334,1.2075333333333333,1.3266464459979457,0.23278238051373099,633.4860285079629,0.290191822364429
21.25,1.2075,1.326556787328908,0.2325881677516888,633.5716628873034,0.29021502723994497
21.266666666666666,1.2074666666666667,1.3264673147280586,0.23239437978908728,633.6571368612247,0.2902381547548698
21.283333333333335,1.2074333333333334,1.3263780276494794,0.23220101530584406,633.7424508481674,0.2902612051132028
21.3,1.2074000000000003,1.3262889255492263,0.2320080729869875,633.8276052652753,0.29028417851830624
21.316666666666666,1.2073666666666667,1.326200007885319,0.23181555152263603,633.9126005283981,0.2903070751729068
21.333333333333332,1.2073333333333334,1.326111274117735,0.2316234496079734,633.997437052097,0.2903298952790988
21.35,1.2073,1.326022723708401,0.23143176594322754,634.0821152496475,0.2903526390383448
21.366666666666667,1.2072666666666667,1.325934356121185,0.2312404992336473,634.1666355330445,0.29037530665147876
21.383333333333333,1.2072333333333334,1.3258461708218876,0.23104964818947965,634.2509983130067,0.29039789831870766
21.4,1.2072,1.3257581672782353,0.23085921152594846,634.3352039989793,0.29042041423961373
21.416666666666668,1.2071666666666667,1.3256703449598715,0.23066918796323022,634.4192529991401,0.2904428546131566
21.433333333333334,1.2071333333333334,1.3255827033383498,0.23047957622643428,634.5031457204016,0.29046521963767474
21.45,1.2071,1.3254952418871253,0.23029037504557887,634.5868825684166,0.2904875095108881
21.466666666666665,1.2070666666666667,1.325407960081547,0.23010158315557014,634.6704639475823,0.29050972442990053
21.483333333333334,1.2070333333333334,1.3253208573988495,0.22991319929618048,634.7538902610432,0.2905318645912007
21.5,1.207,1.3252339333181478,0.22972522221202601,634.8371619106958,0.2905539301906647
21.516666666666666,1.2069666666666667,1.3251471873204257,0.22953765065254564,634.9202792971932,0.29057592142355837
21.533333333333335,1.2069333333333334,1.3250606188885308,0.22935048337197922,635.0032428199486,0.2905978384845389
21.55,1.2069,1.324974227507167,0.2291637191293458,635.0860528771395,0.290619681567657
21.566666666666666,1.2068666666666668,1.3248880126628861,0.22897735668842376,635.1687098657113,0.29064145086635873
21.583333333333332,1.2068333333333334,1.3248019738440793,0.22879139481772726,635.2512141813822,0.2906631465734879
21.6,1.2068,1.3247161105409715,0.22860583229048753,635.3335662186466,0.2906847688812876
21.616666666666667,1.2067666666666668,1.3246304222456131,0.2284206678846304,635.4157663707791,0.2907063179814024
21.633333333333333,1.2067333333333334,1.3245449084518723,0.22823590038275568,635.4978150298389,0.29072779406488053
21.65,1.2067,1.3244595686554281,0.22805152857211652,635.5797125866732,0.29074919732217536
21.666666666666668,1.2066666666666666,1.3243744023537622,0.2278675512445986,635.6614594309218,0.29077052794314784
21.683333333333334,1.2066333333333334,1.3242894090461523,0.22768396719670037,635.7430559510208,0.29079178611706863
21.7,1.2066000000000001,1.324204588233665,0.22750077522951076,635.824502534206,0.2908129720326191
21.716666666666665,1.2065666666666668,1.3241199394191474,0.2273179741486902,635.9057995665182,0.2908340858778945
21.733333333333334,1.2065333333333335,1.3240354621072215,0.22713556276445027,635.9869474328054,0.29085512784040485
21.75,1.2065,1.3239511558042747,0.22695353989153264,636.0679465167284,0.29087609810707765
21.766666666666666,1.2064666666666666,1.3238670200184548,0.2267719043491897,636.1487972007635,0.29089699686425974
21.783333333333335,1.2064333333333332,1.3237830542596616,0.22659065496116465,636.2294998662068,0.29091782429771856
21.8,1.2064,1.3236992580395404,0.22640979055567112,636.3100548931783,0.29093858059264494
21.816666666666666,1.2063666666666668,1.3236156308714737,0.22622930996537355,636.3904626606255,0.2909592659336546
21.833333333333332,1.2063333333333335,1.3235321722705764,0.22604921202736755,636.4707235463272,0.29097988050478985
21.85,1.2063000000000001,1.3234488817536858,0.2258694955831599,636.5508379268981,0.291000424489522
21.866666666666667,1.2062666666666666,1.323365758839357,0.22569015947864998,636.6308061777913,0.29102089807075304
21.883333333333333,1.2062333333333333,1.3232828030478552,0.22551120256410917,636.7106286733033,0.29104130143081747
21.9,1.2062,1.323200013901148,0.22533262369416263,636.790305786577,0.2910616347514841
21.916666666666668,1.2061666666666666,1.323117390922899,0.22515442172776878,636.8698378896069,0.29108189821395847
21.933333333333334,1.2061333333333333,1.323034933638461,0.2249765955282011,636.949225353241,0.2911020919988842
21.95,1.2061,1.3229526415748698,0.22479914396302925,637.0284685471858,0.29112221628634466
21.966666666666665,1.2060666666666666,1.3228705142608355,0.2246220659040994,637.1075678400098,0.291142271255866
21.983333333333334,1.2060333333333333,1.3227885512267372,0.22444536022751568,637.1865235991474,0.2911622570864176
22.0,1.206,1.3227067520046165,0.22426902581362163,637.2653361909022,0.2911821739564147
22.016666666666666,1.206,1.3226251180117168,0.2240930656067167,637.3440041651712,0.291218119284785
22.033333333333335,1.206,1.3225436505241621,0.2239174822459597,637.4225262070046,0.2912539979330435
22.05,1.206,1.3224623493056398,0.22374227511043854,637.5009024588406,0.2912898099662738
22.066666666666666,1.206,1.322381213996947,0.22356744331490366,637.5791331819257,0.29132555550384576
22.083333333333332,1.206,1.3223002441932632,0.22339298587637996,637.6572186818973,0.2913612346854126
22.1,1.206,1.3222194394671598,0.22321890176378903,637.7351592866254,0.29139684766078616
22.116666666666667,1.206,1.3221387993784959,0.2230451899192831,637.8129553366853,0.2914323945855837
22.133333333333333,1.206,1.3220583234794894,0.22287184926918138,637.8906071804732,0.291467875618996
22.15,1.206,1.3219780113176185,0.22269887873022476,637.9681151714119,0.29150329092251054
22.166666666666668,1.206,1.3218978624374136,0.22252627721343643,638.0454796662233,0.29153864065912244
22.183333333333334,1.206,1.3218178763816273,0.22235404362664357,638.1227010238002,0.29157392499281853
22.2,1.206,1.3217380526920348,0.22218217687619754,638.1997796044349,0.2916091440882252
22.216666666666665,1.206,1.3216583909099977,0.22201067586819007,638.2767157692723,0.29164429811035847
22.233333333333334,1.206,1.3215788905768748,0.22183953950933472,638.3535098799128,0.2916793872244425
22.25,1.206,1.3214995512343306,0.22166876670762478,638.4301622981145,0.2917144115957732
22.266666666666666,1.206,1.3214203724245646,0.22149835637283144,638.5066733855673,0.2917493713896158
22.283333333333335,1.206,1.3213413536904939,0.22132830741688758,638.5830435037174,0.2917842667711239
22.3,1.206,1.3212624945758924,0.22115861875418705,638.6592730136294,0.29181909790527677
22.316666666666666,1.206,1.3211837946255034,0.22098928930182296,638.7353622758758,0.29185386495682875
22.333333333333332,1.206,1.321105253385127,0.2208203179797762,638.8113116504497,0.2918885680902696
22.35,1.206,1.321026870401696,0.22065170371106801,638.8871214966912,0.29192320746979056
22.366666666666667,1.206,1.3209486452233319,0.22048344542188372,638.962792173229,0.291957783259258
22.383333333333333,1.206,1.3208705773993938,0.2203155420416722,639.0383240379317,0.2919922956221908
22.4,1.206,1.3207926664805179,0.22014799250322814,639.1137174478672,0.29202674472174206
22.416666666666668,1.206,1.3207149120186512,0.21998079574275917,639.1889727592678,0.29206113072068307
22.433333333333334,1.206,1.3206373135670784,0.219813950699941,639.2640903275025,0.2920954537813906
22.45,1.206,1.320559870680443,0.2196474563179614,639.3390705070526,0.29212971406583593
22.466666666666665,1.206,1.320482582914767,0.21948131154355716,639.4139136514918,0.29216391173557554
22.483333333333334,1.206,1.3204054498274664,0.21931551532704321,639.4886201134688,0.29219804695174323
22.5,1.206,1.3203284709773637,0.2191500666223378,639.5631902446914,0.292232119875043
22.516666666666666,1.2059666666666666,1.3202516441390788,0.21898496054974695,639.637626126116,0.29224997545341813
22.533333333333335,1.2059333333333333,1.320174967225031,0.2188201925277255,639.7119297067758,0.29226776727340176
22.55,1.2059,1.320098439586845,0.21865576106885792,639.786101542208,0.29228549559897066
22.566666666666666,1.2058666666666666,1.3200220606950224,0.2184916649418519,639.860142073252,0.29230316064164813
22.583333333333332,1.2058333333333333,1.3199458300655043,0.21832790301365523,639.9340516971566,0.2923207625930007
22.6,1.2058,1.3198697472380572,0.2181644742029846,640.0078307885022,0.29233830163419944
22.616666666666667,1.2057666666666667,1.319793811767054,0.21800137746049864,640.0814797081205,0.29235577794009765
22.633333333333333,1.2057333333333333,1.319718023216774,0.21783861175868555,640.1549988076421,0.2923731916813093
22.65,1.2057,1.319642381158723,0.21767617608609913,640.2283884320866,0.2923905430253929
22.666666666666668,1.2056666666666667,1.3195668851699838,0.2175140694438062,640.3016489214572,0.29240783213758087
22.683333333333334,1.2056333333333333,1.3194915348321385,0.21735229084306656,640.3747806117796,0.2924250591812542
22.7,1.2056,1.3194163297305324,0.2171908393037455,640.4477838358131,0.2924422243182682
22.716666666666665,1.2055666666666667,1.3193412694537532,0.2170297138531893,640.5206589235522,0.2924593277091814
22.733333333333334,1.2055333333333333,1.3192663535932478,0.21686891352540177,640.5934062025934,0.29247636951342376
22.75,1.2055,1.3191915817430395,0.21670843736042683,640.6660259984086,0.2924933498894214
22.766666666666666,1.2054666666666667,1.3191169534995066,0.2165482844038745,640.7385186345557,0.29251026899469357
22.783333333333335,1.2054333333333334,1.3190424684612136,0.21638845370655121,640.8108844328399,0.2925271269859261
22.8,1.2054,1.3189681262287745,0.216228944324163,640.8831237134447,0.29254392401903145
22.816666666666666,1.2053666666666667,1.3188939264047423,0.2160697553170776,640.9552367950344,0.2925606602491958
22.833333333333332,1.2053333333333334,1.318819868593521,0.21591088575012848,641.0272239948398,0.2925773358309185
22.85,1.2053,1.3187459524012914,0.21575233469245203,641.0990856287267,0.2925939509180431
22.866666666666667,1.2052666666666667,1.3186721774359473,0.21559410121735156,641.1708220112547,0.29261050566378477
22.883333333333333,1.2052333333333336,1.3185985433070433,0.21543618440217893,641.2424334557263,0.29262700022075283
22.9,1.2052000000000003,1.3185250496257515,0.21527858332823727,641.3139202742275,0.2926434347409691
22.916666666666668,1.205166666666667,1.3184516960048203,0.21512129708069247,641.3852827776644,0.29265980937588515
22.933333333333334,1.2051333333333334,1.318378482058542,0.21496432474849775,641.4565212757934,0.2926761242763959
22.95,1.2051,1.3183054074027218,0.21480766542432694,641.5276360772484,0.2926923795928526
22.966666666666665,1.2050666666666667,1.3182324716546525,0.214651318204515,641.5986274895639,0.2927085754750731
22.983333333333334,1.2050333333333334,1.3181596744330908,0.2144952821890037,641.6694958191962,0.29272471207235184
23.0,1.205,1.3180870153582356,0.2143395564812945,641.7402413715414,0.2927407895334681
23.016666666666666,1.205,1.3180144957502085,0.21418414382819634,641.8108627967745,0.2927730047047289
23.033333333333335,1.205,1.3179421167996082,0.2140290466981245,641.8813588704846,0.2928051626947481
23.05,1.205,1.317869878328836,0.21387426462729625,641.9517297005341,0.2928372635527288
23.066666666666666,1.205,1.3177977800506182,0.21371979691728077,642.0219755018652,0.2928693073767208
23.083333333333332,1.205,1.3177258216379333,0.21356564278489384,642.0920965284433,0.29290129428257466
23.1,1.205,1.317654002744349,0.21341180140579893,642.162093053464,0.2929332243949132
23.116666666666667,1.205,1.3175823230126273,0.21325827193295327,642.2319653609792,0.29296509784331154
23.133333333333333,1.205,1.3175107820790817,0.2131050535059516,642.3017137416557,0.29299691476036244
23.15,1.205,1.3174393795760473,0.2129521452563169,642.3713384903722,0.29302867528057974
23.166666666666668,1.205,1.3173681151333925,0.21279954631073972,642.440839904746,0.2930603795397267
23.183333333333334,1.205,1.317296988379498,0.2126472557931782,642.5102182841794,0.2930920276743808
23.2,1.205,1.3172259989419237,0.21249527282628286,642.579473929209,0.293123619821637
23.216666666666665,1.205,1.3171551464478766,0.21234359653239562,642.6486071410503,0.2931551561188998
23.233333333333334,1.205,1.3170844305245466,0.21219222603427426,642.7176182212671,0.2931866367037328
23.25,1.205,1.3170138507993594,0.21204116045562632,642.786507471525,0.2932180617137458
23.266666666666666,1.205,1.3169434069001662,0.21189039892151398,642.8552751934059,0.29324943128651065
23.283333333333335,1.205,1.3168730984553882,0.21173994055866252,642.9239216882643,0.2932807455594953
23.3,1.205,1.3168029250941296,0.21158978449570232,642.9924472571159,0.2933120046700133
23.316666666666666,1.205,1.3167328864462697,0.2114399298633587,643.060852200547,0.29334320875518205
23.333333333333332,1.205,1.3166629821425322,0.21129037579460255,643.1291368186445,0.29337435795189154
23.35,1.205,1.316593211814544,0.2111411214247708,643.1973014109377,0.293405452396777
23.366666666666667,1.205,1.3165235750948805,0.21099216589166367,643.2653462763514,0.2934364922261982
23.383333333333333,1.205,1.3164540716171056,0.21084350833562515,643.3332717131663,0.293467477576221
23.4,1.205,1.316384701015801,0.21069514789960544,643.4010780189881,0.2934984085826033
23.416666666666668,1.205,1.316315462926592,0.21054708372921377,643.4687654907206,0.29352928538078277
23.433333333333334,1.205,1.3162463569861702,0.21039931497276185,643.5363344245426,0.2935601081058666
23.45,1.205,1.3161773828323087,0.21025184078129697,643.6037851158904,0.2935908768926229
23.466666666666665,1.205,1.316108540103877,0.2101046603086305,643.6711178594421,0.2936215918754743
23.483333333333334,1.205,1.316039828440853,0.20995777271136135,643.7383329491039,0.2936522531884911
23.5,1.205,1.3159712474843333,0.20981117714889344,643.8054306779991,0.2936828609653865
23.516666666666666,1.204966666666667,1.3159027952629336,0.20966486933472428,643.8724129175363,0.29369716657968975
23.533333333333335,1.2049333333333336,1.315834469932255,0.20951884525532224,643.9392814161296,0.2937114173835346
23.55,1.2049,1.3157662709517417,0.20937310368485007,644.0060366470619,0.29372561360153243
23.566666666666666,1.2048666666666668,1.3156981978867337,0.2092276436242756,644.0726789803514,0.2937397554111511
23.583333333333332,1.2048333333333334,1.31563025034205,0.20908246415937395,644.1392087477042,0.29375384297234863
23.6,1.2048,1.31556242794288,0.2089375644198615,644.2056262612007,0.2937678764360996
23.616666666666667,1.2047666666666668,1.3154947303267477,0.2087929435622167,644.2719318211465,0.29378185594797707
23.633333333333333,1.2047333333333334,1.3154271571394627,0.2086486007610129,644.3381257200327,0.29379578164996073
23.65,1.2047000000000003,1.3153597080328292,0.2085045352040208,644.404208244771,0.29380965368145584
23.666666666666668,1.2046666666666668,1.3152923826632457,0.20836074608920727,644.4701796780622,0.2938234721799188
23.683333333333334,1.2046333333333334,1.3152251806907937,0.2082172326227886,644.5360402992839,0.29383723728126193
23.7,1.2046000000000001,1.3151581017786214,0.20807399401790458,644.6017903850931,0.29385094912012866
23.716666666666665,1.2045666666666668,1.315091145592504,0.20793102949368195,644.6674302098507,0.29386460783008733
23.733333333333334,1.2045333333333335,1.3150243118005294,0.20778833827455262,644.732960045932,0.29387821354377297
23.75,1.2045,1.3149576000728564,0.20764591958974116,644.7983801639565,0.29389176639299247
23.766666666666666,1.2044666666666668,1.3148910100815365,0.20750377267287629,644.8636908329636,0.2939052665088051
23.783333333333335,1.2044333333333335,1.3148245415003703,0.20736189676168496,644.92889232055,0.2939187140215847
23.8,1.2044000000000001,1.3147581940047968,0.20722029109775042,644.9939848929769,0.293932109061069
23.816666666666666,1.2043666666666668,1.3146919672718016,0.20707895492631673,645.0589688152575,0.2939454517563998
23.833333333333332,1.2043333333333335,1.3146258609798445,0.20693788749612863,645.1238443512273,0.2939587422361553
23.85,1.2043000000000001,1.314559874808797,0.20679708805929908,645.1886117636024,0.2939719806283762
23.866666666666667,1.2042666666666666,1.314494008439893,0.20665655587119827,645.2532713140271,0.2939851670605881
23.883333333333333,1.2042333333333333,1.314428261555684,0.2065162901903589,645.3178232631159,0.2939983016598207
23.9,1.2042000000000002,1.3143626338400032,0.2063762902783952,645.382267870487,0.2940113845526229
23.916666666666668,1.2041666666666668,1.3142971249779338,0.20623655539993313,645.4466053947921,0.2940244158650767
23.933333333333334,1.2041333333333335,1.3142317346557806,0.20609708482254954,645.5108360937425,0.29403739572280935
23.95,1.2041,1.314166462561046,0.20595787781671723,645.5749602241309,0.2940503242510031
23.966666666666665,1.2040666666666666,1.3141013083824096,0.20581893365575757,645.6389780418513,0.29406320157440446
23.983333333333334,1.2040333333333333,1.3140362718097063,0.2056802516157978,645.702889801916,0.2940760278173324
24.0,1.204,1.3139713525339132,0.20554183097573278,645.7666957584709,0.29408880310368485
24.016666666666666,1.204,1.3139065517851825,0.20540367429621814,645.8303946527982,0.294117812236108
24.033333333333335,1.204,1.3138418706733097,0.20526578388060515,645.8939853438757,0.294146772091657
24.05,1.204,1.313777309066227,0.20512815938445877,645.957467911309,0.29417568270658506
24.066666666666666,1.204,1.3137128667338447,0.204990800254629,646.0208425312633,0.2942045441611195
24.083333333333332,1.204,1.3136485434112606,0.2048537058640601,646.0841094143541,0.29423335655117694
24.1,1.204,1.3135843388167598,0.2047168755501682,646.1472687879676,0.2942621199803113
24.116666666666667,1.204,1.3135202526593202,0.204580308630855,646.210320888885,0.2942908345563552
24.133333333333333,1.204,1.313456284642379,0.20444400441253704,646.2732659595827,0.29431950038973487
24.15,1.204,1.3133924344659487,0.2043079621946589,646.3361042461531,0.2943481175925234
24.166666666666668,1.204,1.313328701827905,0.20417218127243794,646.3988359970391,0.2943766862778641
24.183333333333334,1.204,1.3132650864248188,0.20403666093863818,646.461461462215,0.29440520655959795
24.2,1.204,1.3132015879525176,0.2039014004847661,646.5239808926345,0.29443367855201197
24.216666666666665,1.204,1.3131382061064802,0.20376639920190978,646.5863945398427,0.2944621023696621
24.233333333333334,1.204,1.3130749405821187,0.2036316563813418,646.6487026556956,0.2944904781272464
24.25,1.204,1.3130117910749912,0.20349717131496695,646.710905492153,0.29451880593950974
24.266666666666666,1.204,1.3129487572809577,0.20336294329565685,646.7730033011214,0.2945470859211732
24.283333333333335,1.204,1.3128858388963043,0.20322897161750933,646.8349963343337,0.29457531818687827
24.3,1.204,1.3128230356178345,0.20309525557604682,646.8968848432548,0.29460350285114484
24.316666666666666,1.204,1.3127603471429474,0.20296179446837595,646.9586690790065,0.2946316400283363
24.333333333333332,1.204,1.312697773169696,0.2028285875933115,647.0203492923081,0.2946597298326328
24.35,1.204,1.3126353133968336,0.20269563425147713,647.0819257334284,0.2946877723780093
24.366666666666667,1.204,1.3125729675238549,0.202562933745387,647.1433986521457,0.29471576777821745
24.383333333333333,1.204,1.312510735251026,0.20243048537950986,647.2047682977161,0.2947437161467711
24.4,1.204,1.3124486162794113,0.20229828846032463,647.2660349188459,0.2947716175969335
24.416666666666668,1.204,1.3123866103108945,0.2021663422963622,647.3271987636709,0.2947994722417084
24.433333333333334,1.204,1.3123247170481955,0.20203464619824257,647.3882600797365,0.2948272801938304
24.45,1.204,1.3122629361948857,0.20190319947870317,647.4492191139824,0.29485504156575854
24.466666666666665,1.204,1.3122012674554,0.2017720014526228,647.5100761127303,0.29488275646967016
24.483333333333334,1.204,1.312139710535046,0.20164105143704114,647.5708313216727,0.2949104250174561
24.5,1.204,1.3120782651400122,0.20151034875117335,647.631484985864,0.2949380473207167
24.516666666666666,1.2039666666666666,1.3120169295132922,0.20137988960247988,647.6920387952339,0.29494929183782237
24.533333333333335,1.2039333333333335,1.31195570201605,0.20124967045099335,647.7524943240628,0.2949604890002606
24.55,1.2039000000000002,1.3118945821944867,0.2011196902779766,647.8128519772589,0.29497163899996126
24.566666666666666,1.2038666666666666,1.3118335696892742,0.20098994826597064,647.8731120667316,0.2949827419864698
24.583333333333332,1.2038333333333333,1.311772664175518,0.20086044367106534,647.933274870634,0.29499379809393134
24.6,1.2038,1.3117118653458344,0.2007311757868903,647.9933406500588,0.2950048074486951
24.616666666666667,1.2037666666666667,1.3116511729033284,0.20060214392967213,648.0533096559643,0.29501577017247044
24.633333333333333,1.2037333333333333,1.3115905865580877,0.20047334743076967,648.1131821326325,0.29502668638390167
24.65,1.2037,1.311530106025213,0.2003447856324829,648.1729583196092,0.29503755619945254
24.666666666666668,1.2036666666666669,1.3114697310236199,0.2002164578855024,648.232638452885,0.2950483797339437
24.683333333333334,1.2036333333333336,1.3114094612752667,0.20008836354726098,648.2922227656568,0.29505915710090025
24.7,1.2036,1.3113492965046276,0.199960501980815,648.3517114888436,0.29506988841278664
24.716666666666665,1.2035666666666667,1.3112892364383268,0.19983287255405896,648.4111048514491,0.29508057378117214
24.733333333333334,1.2035333333333333,1.3112292808048673,0.19970547463915256,648.470403080825,0.29509121331685073
24.75,1.2035,1.3111694293344345,0.19957830761209458,648.5296064028665,0.2951018071299302
24.766666666666666,1.2034666666666667,1.3111096817587407,0.1994513708523979,648.5887150421614,0.29511235532990043
24.783333333333335,1.2034333333333334,1.3110500378109096,0.19932466374283545,648.6477292221053,0.29512285802568566
24.8,1.2034,1.3109904972253819,0.19919818566924016,648.7066491649928,0.2951333153256864
24.816666666666666,1.2033666666666667,1.3109310597378385,0.19907193602034226,648.765475092091,0.29514372733781297
24.833333333333332,1.2033333333333334,1.3108717250851414,0.19894591418763818,648.8242072236991,0.2951540941695127
24.85,1.2033,1.3108124930052818,0.19882011956528117,648.8828457791957,0.2951644159277915
24.866666666666667,1.2032666666666667,1.3107533632373378,0.1986945515499893,648.9413909770815,0.29517469271923336
24.883333333333333,1.2032333333333334,1.3106943355214398,0.19856920954096888,648.9998430350121,0.29518492465001556
24.9,1.2032,1.310635409598739,0.19844409293984783,649.0582021698266,0.29519511182592173
24.916666666666668,1.2031666666666667,1.3105765852113809,0.19831920115061893,649.116468597574,0.29520525435235384
24.933333333333334,1.2031333333333334,1.3105178621024842,0.19819453357958902,649.1746425335331,0.2952153523343416
24.95,1.2031,1.3104592400161192,0.19807008963533607,649.2327241922316,0.29522540587655083
24.966666666666665,1.2030666666666667,1.3104007186972915,0.1979458687286707,649.2907137874624,0.2952354150832917
24.983333333333334,1.2030333333333334,1.310342297891926,0.19782187027260142,649.348611532298,0.2952453800585243
25.0,1.203,1.3102839773468518,0.19769809368230273,649.4064176391032,0.29525530090586544
25.016666666666666,1.203,1.3102257582080346,0.1975745413423226,649.4641309333603,0.2952815404926624
25.033333333333335,1.203,1.3101676415087078,0.19745121539737487,649.5217503517754,0.29530773739842137
25.05,1.203,1.3101096271513544,0.1973281155923881,649.5792759518655,0.29533389164929275
25.066666666666666,1.203,1.3100517149506978,0.19720524148624508,649.6367078782938,0.29536000331104817
25.083333333333332,1.203,1.3099939046908555,0.19708259257310348,649.6940463062363,0.29538607246333215
25.1,1.203,1.309936196141296,0.19696016831626761,649.7512914255713,0.29541209919247363
25.116666666666667,1.203,1.3098785890634161,0.19683796816214966,649.8084434343641,0.29543808358852386
25.133333333333333,1.203,1.3098210832138093,0.1967159915472111,649.8655025356265,0.295464025743783
25.15,1.203,1.309763678346093,0.19659423790183783,649.9224689355083,0.2954899257519778
25.166666666666668,1.203,1.309706374212015,0.19647270665268796,649.9793428421996,0.2955157837077628
25.183333333333334,1.203,1.309649170562163,0.19635139722420022,650.0361244652266,0.2955415997064001
25.2,1.203,1.309592067146445,0.19623030903961017,650.0928140149763,0.29556737384354276
25.216666666666665,1.203,1.309535063714424,0.1961094415216605,650.149411702363,0.2955931062150839
25.233333333333334,1.203,1.3094781600155592,0.19598879409311093,650.2059177385894,0.29561879691704784
25.25,1.203,1.3094213557993832,0.195868366177115,650.2623323349696,0.2956444460455093
25.266666666666666,1.203,1.3093646508156367,0.1957481571975043,650.318655702795,0.2956700536965328
25.283333333333335,1.203,1.309308044814371,0.19562816657900423,650.3748880532315,0.2956956199661258
25.3,1.203,1.3092515375460287,0.19550839374740403,650.4310295972398,0.2957211449502024
25.316666666666666,1.203,1.3091951287615062,0.19538883812968894,650.4870805455113,0.2957466287445544
25.333333333333332,1.203,1.3091388182122041,0.1952694991541455,650.5430411084177,0.29577207144482803
25.35,1.203,1.3090826056500682,0.19515037625044698,650.5989114959704,0.29579747314650595
25.366666666666667,1.203,1.3090264908276208,0.19503146884972075,650.6546919177864,0.2958228339448914
25.383333333333333,1.203,1.3089704734979897,0.19491277638460527,650.7103825830612,0.2958481539350959
25.4,1.203,1.3089145534149282,0.19479429828929407,650.7659837005464,0.2958734332120292
25.416666666666668,1.203,1.3088587303328343,0.19467603399957345,650.8214954785301,0.2958986718703905
25.433333333333334,1.203,1.308803004006765,0.19455798295285306,650.8769181248222,0.29592387000466125
25.45,1.203,1.3087473741924496,0.19444014458819095,650.9322518467403,0.29594902770909937
25.466666666666665,1.203,1.3086918406462984,0.19432251834631376,650.9874968510996,0.2959741450777342
25.483333333333334,1.203,1.308636403125412,0.1942051036696327,651.0426533442032,0.29599922220436226
25.5,1.203,1.3085810613875888,0.19408790000225912,651.097721531834,0.2960242591825436
25.516666666666666,1.203,1.3085258151913302,0.19397090679001408,651.1527016192482,0.29604925610559885
25.533333333333335,1.203,1.3084706642958444,0.19385412348043662,651.2075938111707,0.296074213066607
25.55,1.203,1.3084156084610523,0.19373754952279235,651.2623983117886,0.29609913015840256
25.566666666666666,1.203,1.3083606474475884,0.19362118436807654,651.3171153247497,0.2961240074735748
25.583333333333332,1.203,1.3083057810168037,0.19350502746901962,651.3717450531574,0.29614884510446554
25.6,1.203,1.3082510089307695,0.19338907828008955,651.4262876995681,0.29617364314316796
25.616666666666667,1.203,1.3081963309522753,0.19327333625749227,651.4807434659908,0.2961984016815262
25.633333333333333,1.203,1.3081417468448322,0.19315780085917364,651.5351125538833,0.2962231208111339
25.65,1.203,1.3080872563726724,0.1930424715448188,651.589395164152,0.29624780062333395
25.666666666666668,1.203,1.3080328593007495,0.19292734777585158,651.643591497151,0.2962724412092182
25.683333333333334,1.203,1.3079785553947394,0.1928124290154332,651.6977017526794,0.2962970426596261
25.7,1.203,1.3079243444210373,0.1926977147284596,651.7517261299845,0.29632160506514627
25.716666666666665,1.203,1.3078702261467605,0.19258320438156057,651.8056648277575,0.2963461285161145
25.733333333333334,1.203,1.3078162003397458,0.19246889744309623,651.8595180441358,0.29637061310261487
25.75,1.203,1.307762266768548,0.19235479338315337,651.9132859767027,0.29639505891447915
25.766666666666666,1.203,1.3077084252024405,0.19224089167354244,651.9669688224872,0.29641946604128766
25.783333333333335,1.203,1.3076546754114122,0.19212719178779492,652.0205667779647,0.2964438345723687
25.8,1.203,1.3076010171661685,0.1920136932011573,652.0740800390577,0.2964681645967992
25.816666666666666,1.203,1.3075474502381272,0.191900395390589,652.1275088011353,0.2964924562034045
25.833333333333332,1.203,1.307493974399419,0.19178729783475615,652.1808532590157,0.29651670948075953
25.85,1.203,1.3074405894228849,0.19167440001402852,652.2341136069657,0.2965409245171885
25.866666666666667,1.203,1.3073872950820753,0.19156170141047474,652.2872900387013,0.29656510140076514
25.883333333333333,1.203,1.307334091151247,0.19144920150785594,652.3403827473901,0.29658924021931393
25.9,1.203,1.3072809774053622,0.19133689979162233,652.3933919256511,0.29661334106041
25.916666666666668,1.203,1.307227953620087,0.19122479574890777,652.4463177655563,0.2966374040113794
25.933333333333334,1.203,1.3071750195717882,0.19111288886852465,652.4991604586312,0.2966614291593002
25.95,1.203,1.3071221750375324,0.1910011786409581,652.5519201958572,0.29668541659100284
25.966666666666665,1.203,1.3070694197950838,0.19088966455836123,652.6045971676712,0.2967093663930703
25.983333333333334,1.203,1.3070167536229018,0.19077834611455005,652.6571915639686,0.2967332786518391
26.0,1.203,1.3069641763001394,0.19066722280499684,652.7097035741028,0.2967571534533998
26.016666666666666,1.203,1.3069116876066404,0.1905562941268262,652.762133386888,0.29678099088359733
26.033333333333335,1.203,1.3068592873229379,0.1904455595788081,652.8144811905997,0.2968047910280321
26.05,1.203,1.3068069752302525,0.19033501866135327,652.8667471729763,0.29682855397206004
26.066666666666666,1.203,1.3067547511104884,0.19022467087650696,652.9189315212208,0.2968522798007938
26.083333333333332,1.203,1.306702614746234,0.19011451572794422,652.9710344220014,0.29687596859910276
26.1,1.203,1.3066505659207561,0.19000455272096248,653.0230560614541,0.29689962045161467
26.116666666666667,1.203,1.3065986044180018,0.1898947813624782,653.0749966251827,0.2969232354427147
26.133333333333333,1.203,1.3065467300225926,0.18978520116101924,653.1268562982619,0.2969468136565482
26.15,1.203,1.3064949425198238,0.18967581162671987,653.1786352652376,0.29697035517701936
26.166666666666668,1.203,1.3064432416956635,0.18956661227131524,653.2303337101284,0.2969938600877933
26.183333333333334,1.203,1.3063916273367475,0.1894576026081353,653.2819518164283,0.29701732847229617
26.2,1.203,1.30634009923038,0.18934878215209908,653.3334897671065,0.2970407604137156
26.216666666666665,1.203,1.3062886571645282,0.18924015041970899,653.3849477446101,0.29706415599500213
26.233333333333334,1.203,1.3062373009278232,0.1891317069290449,653.4363259308657,0.29708751529886923
26.25,1.203,1.3061860303095556,0.18902345119975933,653.4876245072799,0.29711083840779423
26.266666666666666,1.203,1.3061348450996741,0.18891538275307043,653.5388436547416,0.2971341254040191
26.283333333333335,1.203,1.3060837450887832,0.18880750111175626,653.5899835536244,0.29715737636955136
26.3,1.203,1.3060327300681402,0.18869980580015022,653.6410443837858,0.29718059138616393
26.316666666666666,1.203,1.3059817998296541,0.18859229634413416,653.692026324571,0.29720377053539687
26.333333333333332,1.203,1.3059309541658821,0.18848497227113334,653.7429295548136,0.2972269138985576
26.35,1.203,1.305880192870029,0.18837783311011047,653.7937542528366,0.29725002155672153
26.366666666666667,1.203,1.305829515735943,0.18827087839155965,653.8445005964551,0.29727309359073284
26.383333333333333,1.203,1.305778922558114,0.1881641076475012,653.8951687629773,0.29729613008120553
26.4,1.203,1.3057284131316726,0.188057520411476,653.9457589292056,0.2973191311085236
26.416666666666668,1.203,1.3056779872523865,0.1879511162185391,653.996271271439,0.29734209675284196
26.433333333333334,1.203,1.3056276447166586,0.18784489460525472,654.0467059654744,0.2973650270940875
26.45,1.203,1.3055773853215251,0.18773885510969035,654.0970631866077,0.2973879222119592
26.466666666666665,1.203,1.3055272088646526,0.187632997271411,654.1473431096359,0.2974107821859293
26.483333333333334,1.203,1.3054771151443358,0.1875273206314741,654.1975459088586,0.29743360709524375
26.5,1.203,1.3054271039594971,0.187421824732423,654.2476717580794,0.297456397018923
26.516666666666666,1.2029666666666667,1.3053771738935496,0.18731650655315948,654.2977220497373,0.29746266741236516
26.533333333333335,1.2029333333333334,1.3053273236340315,0.18721136329300025,654.3476980725682,0.29746890197768616
26.55,1.2029,1.3052775528543554,0.1871063942312027,654.3976001274151,0.2974751008573609
26.566666666666666,1.2028666666666668,1.3052278613035897,0.18700159880679934,654.4474284394386,0.29748126415943177
26.583333333333332,1.2028333333333334,1.3051782487573822,0.18689697651505477,654.4971832072921,0.29748739197987056
26.6,1.2028,1.3051287150045978,0.1867925268792755,654.54686461651,0.29749348440866547
26.616666666666667,1.2027666666666668,1.305079259841893,0.18668824943935863,654.5964728449414,0.297499541532293
26.633333333333333,1.2027333333333334,1.3050298830710416,0.18658414374615134,654.6460080654294,0.2975055634349367
26.65,1.2026999999999999,1.3049805844974516,0.18648020935831722,654.695470447295,0.2975115501991616
26.666666666666668,1.2026666666666666,1.304931363929268,0.18637644584044413,654.7448601572357,0.29751750190632353
26.683333333333334,1.2026333333333334,1.3048822211767979,0.18627285276182806,654.7941773599013,0.29752341863683035
26.7,1.2026000000000001,1.3048331560521202,0.18616942969565198,654.8434222182821,0.29752930047031945
26.716666666666665,1.2025666666666668,1.3047841683688157,0.186066176218411,654.892594893981,0.29753514748578097
26.733333333333334,1.2025333333333335,1.3047352579417673,0.1859630919094935,654.9416955474117,0.2975409597616481
26.75,1.2025000000000001,1.3046864245870144,0.1858601763508724,654.9907243379428,0.29754673737586307
26.766666666666666,1.2024666666666666,1.3046376681216414,0.1857574291268676,655.0396814240114,0.29755248040592847
26.783333333333335,1.2024333333333332,1.3045889883636907,0.18565484982396208,655.0885669632077,0.2975581889289459
26.8,1.2024,1.3045403851320931,0.18555243803065646,655.1373811123442,0.29756386302164783
26.816666666666666,1.2023666666666666,1.3044918582466147,0.18545019333735221,655.1861240275097,0.29756950276042143
26.833333333333332,1.2023333333333335,1.3044434075278108,0.1853481153362561,655.2347958641132,0.29757510822132965
26.85,1.2023,1.3043950327969889,0.18524620362130104,655.2833967769217,0.2975806794801274
26.866666666666667,1.2022666666666666,1.304346733876177,0.1851444577880805,655.3319269200894,0.2975862166122762
26.883333333333333,1.2022333333333333,1.3042985105881004,0.1850428774337929,655.3803864471834,0.2975917196929544
26.9,1.2022,1.3042503627561566,0.18494146215719387,655.4287755112058,0.29759718879706837
26.916666666666668,1.2021666666666666,1.304202290204397,0.1848402115585549,655.4770942646121,0.2976026239992607
26.933333333333334,1.2021333333333333,1.3041542927575116,0.18473912523962835,655.5253428593269,0.29760802537391695
26.95,1.2021,1.3041063702408122,0.18463820280361615,655.573521446758,0.297613392995173
26.966666666666665,1.2020666666666666,1.304058522480223,0.18453744385514198,655.6216301778087,0.2976187269369196
26.983333333333334,1.2020333333333333,1.3040107493022655,0.18443684800022642,655.6696692028886,0.29762402727280846
27.0,1.202,1.3039630505340511,0.18433641484626578,655.7176386719226,0.29762929407625544
27.016666666666666,1.202,1.303915427168931,0.1842361464561706,655.765537561893,0.2976510353135932
27.033333333333335,1.202,1.3038678801001153,0.18413604468157738,655.8133649501124,0.29767274409638894
27.05,1.202,1.303820409276902,0.18403610938666476,655.8611208631658,0.29769442043670946
27.066666666666666,1.202,1.3037730145778552,0.1839363402867897,655.9088053988639,0.2977160643789511
27.083333333333332,1.202,1.3037256958576013,0.18383673704703277,655.9564186791928,0.29773767597848294
27.1,1.202,1.3036784529594692,0.18373729930881916,656.003960837604,0.2977592552958785
27.116666666666667,1.202,1.3036312857205992,0.1836380267006753,656.0514320138798,0.2977808023945848
27.133333333333333,1.202,1.303584193974447,0.1835389188435038,656.0988323516148,0.29780231733977924
27.15,1.202,1.30353717755217,0.18343997535350132,656.1461619968234,0.2978238001977375
27.166666666666668,1.202,1.3034902362834595,0.18334119584391245,656.1934210971016,0.29784525103545323
27.183333333333334,1.202,1.3034433699970744,0.18324257992615056,656.2406098010913,0.29786666992039473
27.2,1.202,1.3033965785211967,0.18314412721054907,656.2877282581217,0.2978880569203423
27.216666666666665,1.202,1.3033498616836805,0.1830458373068853,656.334776617958,0.29790941210327426
27.233333333333334,1.202,1.3033032193122327,0.18294770982475586,656.3817550306219,0.2979307355372851
27.25,1.202,1.3032566512345416,0.1828497443738522,656.4286636462589,0.2979520272905257
27.266666666666666,1.202,1.3032101572783772,0.18275194056416932,656.4755026150386,0.297973287431158
27.283333333333335,1.202,1.3031637372716678,0.1826542980061649,656.5222720870773,0.29799451602731925
27.3,1.202,1.3031173910425566,0.18255681631088116,656.5689722123799,0.29801571314709663
27.316666666666666,1.202,1.3030711184194506,0.18245949509004386,656.6156031407908,0.2980368788585043
27.333333333333332,1.202,1.3030249192310561,0.18236233395613927,656.662165021957,0.29805801322946684
27.35,1.202,1.302978793306409,0.1822653325224755,656.7086580052985,0.2980791163278057
27.366666666666667,1.202,1.3029327404748998,0.18216849040323368,656.7550822399819,0.2981001882212274
27.383333333333333,1.202,1.3028867605662913,0.18207180721350816,656.8014378749017,0.298121228977315
27.4,1.202,1.302840853410736,0.18197528256934084,656.847725058662,0.2981422386635197
27.416666666666668,1.202,1.3027950188387916,0.18187891608774878,656.8939439395632,0.29816321734715473
27.433333333333334,1.202,1.3027492566814274,0.18178270738674587,656.9400946655909,0.29818416509539064
27.45,1.202,1.3027035667700384,0.18168665608536283,656.986177384405,0.29820508197525
27.466666666666665,1.202,1.3026579489364494,0.18159076180366257,657.0321922433325,0.2982259680536043
27.483333333333334,1.202,1.302612403012924,0.18149502416275265,657.0781393893594,0.2982468233971703
27.5,1.202,1.3025669288321675,0.18139944278479603,657.1240189691264,0.29826764807250805
27.516666666666666,1.202,1.302521526227334,0.18130401729302004,657.1698311289225,0.2982884421460179
27.533333333333335,1.202,1.3024761950320274,0.18120874731172326,657.2155760146819,0.29830920568393904
27.55,1.202,1.302430935080307,0.18111363246628162,657.2612537719796,0.2983299387523479
27.566666666666666,1.202,1.3023857462066868,0.18101867238315203,657.3068645460291,0.2983506414171567
27.583333333333332,1.202,1.3023406282461418,0.18092386668987676,657.3524084816801,0.2983713137441124
27.6,1.202,1.302295581034105,0.18082921501508653,657.3978857234151,0.2983919557987955
27.616666666666667,1.202,1.3022506044064721,0.18073471698850124,657.4432964153496,0.2984125676466197
27.633333333333333,1.202,1.3022056981995997,0.18064037224093182,657.4886407012294,0.2984331493528312
27.65,1.202,1.302160862250309,0.18054618040428222,657.5339187244298,0.2984537009825076
27.666666666666668,1.202,1.3021160963958833,0.18045214111154778,657.5791306279547,0.2984742226005584
27.683333333333334,1.202,1.30207140047407,0.18035825399681593,657.624276554436,0.29849471427172386
27.7,1.202,1.3020267743230796,0.18026451869526564,657.6693566461337,0.29851517606057554
27.716666666666665,1.202,1.3019822177815867,0.18017093484316687,657.7143710449337,0.29853560803151546
27.733333333333334,1.202,1.3019377306887288,0.1800775020778793,657.7593198923499,0.2985560102487765
27.75,1.202,1.3018933128841057,0.1799842200378503,657.8042033295229,0.29857638277642196
27.766666666666666,1.202,1.3018489642077806,0.1798910883626139,657.8490214972197,0.2985967256783461
27.783333333333335,1.202,1.3018046845002775,0.1797981066927889,657.8937745358352,0.2986170390182737
27.8,1.202,1.3017604736025812,0.1797052746700767,657.9384625853912,0.29863732285976063
27.816666666666666,1.202,1.3017163313561382,0.17961259193725929,657.983085785537,0.2986575772661934
27.833333333333332,1.202,1.3016722576028528,0.17952005813819635,658.0276442755505,0.2986778023007901
27.85,1.202,1.3016282521850886,0.1794276729178242,658.0721381943374,0.2986979980265999
27.866666666666667,1.202,1.301584314945667,0.17933543592215145,658.116567680433,0.2987181645065036
27.883333333333333,1.202,1.3015404457278652,0.17924334679825765,658.1609328720021,0.2987383018032142
27.9,1.202,1.3014966443754172,0.17915140519429035,658.2052339068392,0.2987584099792763
27.916666666666668,1.202,1.3014529107325101,0.17905961075946153,658.2494709223704,0.2987784890970673
27.933333333333334,1.202,1.3014092446437853,0.17896796314404556,658.2936440556526,0.29879853921879734
27.95,1.202,1.3013656459543363,0.17887646199937585,658.3377534433754,0.2988185604065096
27.966666666666665,1.202,1.3013221145097074,0.17878510697784164,658.3817992218613,0.29883855272208065
27.983333333333334,1.202,1.3012786501558924,0.17869389773288544,658.4257815270669,0.2988585162272208
28.0,1.202,1.301235252739335,0.17860283391899978,658.4697004945825,0.29887845098347465
28.016666666666666,1.202,1.3011919221069248,0.17851191519172366,658.5135562596349,0.2988983570522212
28.033333333333335,1.202,1.3011486581059983,0.17842114120763974,658.5573489570864,0.2989182344946743
28.05,1.202,1.3011054605843375,0.17833051162437158,658.6010787214367,0.29893808337188316
28.066666666666666,1.202,1.3010623293901664,0.17824002610057882,658.6447456868236,0.2989579037447328
28.083333333333332,1.202,1.3010192643721525,0.1781496842959555,658.6883499870238,0.29897769567394417
28.1,1.202,1.3009762653794035,0.1780594858712261,658.7318917554541,0.29899745922007515
28.116666666666667,1.202,1.3009333322614678,0.1779694304881424,658.7753711251713,0.2990171944435198
28.133333333333333,1.202,1.3008904648683302,0.17787951780947978,658.8187882288751,0.2990369014045105
28.15,1.202,1.3008476630504144,0.17778974749903484,658.8621431989066,0.29905658016311654
28.166666666666668,1.202,1.3008049266585786,0.1777001192216209,658.9054361672512,0.299076230779246
28.183333333333334,1.202,1.3007622555441156,0.17761063264306487,658.948667265539,0.2990958533126456
28.2,1.202,1.300719649558751,0.17752128743020457,658.9918366250453,0.29911544782290095
28.216666666666665,1.202,1.3006771085546416,0.17743208325088503,659.034944376692,0.29913501436943746
28.233333333333334,1.202,1.300634632384375,0.1773430197739544,659.0779906510488,0.2991545530115203
28.25,1.202,1.3005922209009673,0.17725409666926184,659.1209755783334,0.2991740638082552
28.266666666666666,1.202,1.3005498739578611,0.17716531360765303,659.1638992884136,0.299193546818589
28.283333333333335,1.202,1.300507591408927,0.17707667026096743,659.206761910807,0.2992130021013096
28.3,1.202,1.3004653731084588,0.1769881663020344,659.2495635746833,0.2992324297150467
28.316666666666666,1.202,1.3004232189111726,0.1768998014046701,659.2923044088648,0.29925182971827285
28.333333333333332,1.202,1.3003811286722091,0.17681157524367447,659.3349845418265,0.2992712021693026
28.35,1.202,1.3003391022471273,0.17672348749482708,659.3776041016988,0.29929054712629405
28.366666666666667,1.202,1.3002971394919067,0.17663553783488456,659.420163216267,0.29930986464724874
28.383333333333333,1.202,1.3002552402629437,0.1765477259415762,659.4626620129732,0.2993291547900126
28.4,1.202,1.300213404417051,0.17646005149360172,659.5051006189171,0.29934841761227593
28.416666666666668,1.202,1.300171631811457,0.17637251417062683,659.547479160857,0.29936765317157416
28.433333333333334,1.202,1.3001299223038032,0.17628511365328087,659.5897977652106,0.299386861525288
28.45,1.202,1.3000882757521435,0.17619784962315285,659.6320565580562,0.2994060427306444
28.466666666666665,1.202,1.3000466920149425,0.17611072176278797,659.6742556651343,0.2994251968447166
28.483333333333334,1.202,1.3000051709510747,0.17602372975568475,659.7163952118469,0.2994443239244246
28.5,1.202,1.2999637124198227,0.17593687328629143,659.7584753232609,0.2994634240265358
28.516666666666666,1.202,1.2999223162808757,0.17585015204000293,659.8004961241068,0.2994824972076654
28.533333333333335,1.202,1.2998809823943283,0.17576356570315685,659.8424577387813,0.2995015435242769
28.55,1.202,1.299839710620679,0.17567711396303087,659.8843602913479,0.29952056303268243
28.566666666666666,1.202,1.2997985008208297,0.17559079650783954,659.9262039055374,0.29953955578904334
28.583333333333332,1.202,1.2997573528560833,0.17550461302672993,659.9679887047494,0.2995585218493704
28.6,1.202,1.2997162665881419,0.17541856320977922,660.0097148120535,0.2995774612695249
28.616666666666667,1.202,1.2996752418791078,0.17533264674799168,660.0513823501898,0.29959637410521817
28.633333333333333,1.202,1.299634278591479,0.17524686333329442,660.0929914415702,0.299615260412013
28.65,1.202,1.2995933765881507,0.17516121265853485,660.1345422082792,0.29963412024532315
28.666666666666668,1.202,1.2995525357324125,0.17507569441747745,660.1760347720751,0.2996529536604148
28.683333333333334,1.202,1.2995117558879468,0.17499030830480045,660.217469254391,0.299671760712406
28.7,1.202,1.299471036918828,0.17490505401609197,660.2588457763358,0.2996905414562681
28.716666666666665,1.202,1.2994303786895223,0.17481993124784778,660.3001644586947,0.2997092959468252
28.733333333333334,1.202,1.2993897810648838,0.17473493969746753,660.3414254219311,0.2997280242387557
28.75,1.202,1.2993492439101555,0.17465007906325186,660.382628786187,0.29974672638659156
28.766666666666666,1.202,1.2993087670909664,0.1745653490443984,660.423774671284,0.29976540244471983
28.783333333333335,1.202,1.2992683504733313,0.17448074934099989,660.4648631967245,0.29978405246738243
28.8,1.202,1.2992279939236497,0.1743962796540402,660.5058944816924,0.29980267650867676
28.816666666666666,1.202,1.2991876973087026,0.17431193968539113,660.5468686450545,0.29982127462255626
28.833333333333332,1.202,1.2991474604956537,0.17422772913780954,660.587785805361,0.2998398468628307
28.85,1.202,1.2991072833520456,0.17414364771493412,660.6286460808471,0.299858393283167
28.866666666666667,1.202,1.2990671657458015,0.1740596951212827,660.669449589433,0.29987691393708876
28.883333333333333,1.202,1.2990271075452204,0.17397587106224788,660.7101964487263,0.299895408877978
28.9,1.202,1.2989871086189788,0.17389217524409536,660.7508867760213,0.2999138781590745
28.916666666666668,1.202,1.298947168836128,0.1738086073739603,660.7915206883014,0.29993232183347673
28.933333333333334,1.202,1.2989072880660932,0.1737251671598441,660.8320983022389,0.29995073995414223
28.95,1.202,1.2988674661786719,0.17364185431061138,660.8726197341974,0.2999691325738881
28.966666666666665,1.202,1.2988277030440323,0.17355866853598717,660.9130851002312,0.2999874997453913
28.983333333333334,1.202,1.298787998532714,0.17347560954655342,660.9534945160871,0.3000058415211892
29.0,1.202,1.2987483525156245,0.17339267705374664,660.9938480972052,0.30002415795367976
29.016666666666666,1.2019666666666666,1.2987087638813855,0.1733098687144701,661.0341469590479,0.3000258084904219
29.033333333333335,1.2019333333333333,1.2986692316091448,0.17322718237545848,661.0743921253481,0.3000274330900652
29.05,1.2019,1.2986297554742259,0.17314461754906602,661.1145838095938,0.3000290318536349
29.066666666666666,1.2018666666666666,1.2985903353103163,0.1730621738698277,661.1547221659442,0.30003060485521127
29.083333333333332,1.2018333333333333,1.2985509709709018,0.17297985101377694,661.194807328477,0.3000321521597461
29.1,1.2018,1.2985116623191069,0.17289764867718901,661.2348394215264,0.30003367382775686
29.116666666666667,1.2017666666666666,1.2984724092236455,0.1728155665681107,661.274818563802,0.30003516991719587
29.133333333333333,1.2017333333333333,1.298433211556853,0.17273360440224056,661.314744870391,0.30003664048435985
29.15,1.2017,1.2983940691936018,0.17265176190066056,661.3546184538613,0.30003808558439093
29.166666666666668,1.2016666666666667,1.298354982010653,0.17257003878847693,661.3944394249213,0.30003950527157613
29.183333333333334,1.2016333333333333,1.2983159498862382,0.17248843479394838,661.4342078928437,0.3000408995995396
29.2,1.2016,1.2982769726997823,0.17240694964790304,661.4739239657478,0.30004226862137134
29.216666666666665,1.2015666666666667,1.2982380503317084,0.1723255830833298,661.5135877507979,0.30004361238971705
29.233333333333334,1.2015333333333333,1.2981991826632961,0.17224433483508284,661.553199354347,0.3000449309568434
29.25,1.2015000000000002,1.2981603695765782,0.17216320463966295,661.5927588820416,0.30004622437468564
29.266666666666666,1.2014666666666667,1.2981216109542606,0.17208219223505178,661.6322664389025,0.30004749269488445
29.283333333333335,1.2014333333333334,1.2980829066796606,0.1720012973605823,661.6717221293871,0.3000487359688145
29.3,1.2014,1.2980442566366601,0.17192051975683775,661.7111260574383,0.30004995424760617
29.316666666666666,1.2013666666666667,1.2980056607096648,0.1718398591655696,661.7504783265231,0.3000511475821634
29.333333333333332,1.2013333333333334,1.297967118783574,0.17175931532963162,661.7897790396657,0.30005231602317883
29.35,1.2013,1.297928630743755,0.1716788879929254,661.8290282994716,0.30005345962114455
29.366666666666667,1.2012666666666667,1.2978901964760197,0.1715985769003548,661.8682262081511,0.300054578426363
29.383333333333333,1.2012333333333336,1.2978518158666088,0.17151838179778744,661.9073728675363,0.3000556724889548
29.4,1.2012000000000003,1.2978134888021753,0.1714383024320232,661.9464683790968,0.30005674185886566
29.416666666666668,1.2011666666666667,1.2977752151697708,0.17135833855076463,661.9855128439531,0.30005778658587257
29.433333333333334,1.2011333333333334,1.2977369948568351,0.17127848990259464,662.0245063628876,0.3000588067195891
29.45,1.2011,1.297698827751186,0.17119875623695402,662.0634490363541,0.3000598023094694
29.466666666666665,1.2010666666666667,1.2976607137410103,0.17111913730412398,662.1023409644871,0.3000607734048125
29.483333333333334,1.2010333333333334,1.2976226527148562,0.17103963285520887,662.1411822471093,0.3000617200547661
29.5,1.201,1.2975846445616273,0.17096024264212273,662.179972983737,0.3000626423083286
29.516666666666666,1.201,1.2975466901162476,0.17088096839272424,662.2187123083172,0.30008019678682235
29.533333333333335,1.201,1.2975087901260165,0.1708018116515563,662.2573994439629,0.3000977276162325
29.55,1.201,1.2974709445729153,0.1707227723645861,662.2960343948523,0.3001152347984523
29.566666666666666,1.201,1.2974331533839054,0.17064385036291008,662.3346172213642,0.300132718360842
29.583333333333332,1.201,1.2973954164678188,0.1705650454398231,662.3731480024309,0.3001501783391693
29.6,1.201,1.2973577337250248,0.17048635737100967,662.4116268256768,0.30016761477314063
29.616666666666667,1.201,1.2973201050512688,0.17040778592256106,662.4500537835024,0.3001850277046268
29.633333333333333,1.201,1.2972825303395312,0.17032933085486285,662.4884289711863,0.30020241717680246
29.65,1.201,1.2972450094810495,0.1702509919247268,662.5267524858427,0.30021978323367443
29.666666666666668,1.201,1.2972075423659275,0.17017276888666769,662.5650244257993,0.30023712591979934
29.683333333333334,1.201,1.297170128883527,0.17009466149371488,662.6032448901989,0.30025444528010303
29.7,1.201,1.2971327689227243,0.17001666949795533,662.6414139787356,0.3002717413597613
29.716666666666665,1.201,1.2970954623720947,0.1699387926509107,662.6795317914689,0.3002890142041154
29.733333333333334,1.201,1.2970582091200373,0.1698610307038077,662.7175984286928,0.300306263858613
29.75,1.201,1.2970210090548748,0.16978338340777693,662.7556139908371,0.3003234903687632
29.766666666666666,1.201,1.296983862064923,0.169705850514002,662.7935785783948,0.30034069378010375
29.783333333333335,1.201,1.2969467680385447,0.16962843177383452,662.8314922918654,0.3003578741381754
29.8,1.201,1.2969097268641947,0.1695511269388824,662.8693552317123,0.3003750314885024
29.816666666666666,1.201,1.2968727384304526,0.1694739357610807,662.9071674983261,0.3003921658765762
29.833333333333332,1.201,1.296835802626049,0.16939685799274717,662.9449291919985,0.30040927734784334
29.85,1.201,1.296798919339888,0.1693198933866269,662.9826404128999,0.3004263659476953
29.866666666666667,1.201,1.2967620884610604,0.16924304169592133,663.0203012610643,0.30044343172146204
29.883333333333333,1.201,1.2967253098788663,0.16916630267433402,663.0579118363672,0.3004604747144014
29.9,1.201,1.2966885834828301,0.16908967607610154,663.09547223851,0.3004774949716924
29.916666666666668,1.201,1.2966519091626958,0.16901316165598407,663.1329825670234,0.3004944925384368
29.933333333333334,1.201,1.296615286808443,0.16893675916929898,663.170442921252,0.30051146745965185
29.95,1.201,1.2965787163102942,0.16886046837193483,663.2078534003463,0.30052841978026723
29.966666666666665,1.201,1.2965421975587206,0.16878428902036235,663.2452141032564,0.3005453495451213
29.983333333333334,1.201,1.2965057304444456,0.1687082208716445,663.2825251287284,0.3005622567989603
30.0,1.201,1.2964693148584507,0.16863226368344508,663.3197865752979,0.3005791415864351
30.016666666666666,1.201,1.2964329506919774,0.16855641721403464,663.3569985412881,0.3005960039521001
30.033333333333335,1.201,1.2963966378365315,0.16848068122229753,663.394161124805,0.3006128439404115
30.05,1.201,1.2963603761838836,0.16840505546773604,663.4312744237361,0.3006296615957264
30.066666666666666,1.201,1.2963241656260738,0.16832953971047426,663.4683385357473,0.3006464569623014
30.083333333333332,1.201,1.2962880060554107,0.1682541337112614,663.5053535582808,0.30066323008429185
30.1,1.201,1.296251897364475,0.16817883723147464,663.5423195885543,0.30067998100575133
30.116666666666667,1.201,1.2962158394461192,0.1681036500331214,663.5792367235581,0.3006967097706305
30.133333333333333,1.201,1.296179832193469,0.16802857187884063,663.6161050600558,0.300713416422777
30.15,1.201,1.2961438754999244,0.1679536025319043,663.6529246945818,0.3007301010059348
30.166666666666668,1.201,1.2961079692591593,0.16787874175621806,663.6896957234412,0.300746763563744
30.183333333333334,1.201,1.2960721133651236,0.16780398931632223,663.7264182427086,0.30076340413974023
30.2,1.201,1.2960363077120416,0.16772934497739203,663.7630923482287,0.3007800227773548
30.216666666666665,1.201,1.296000552194414,0.16765480850523756,663.7997181356142,0.30079661951991404
30.233333333333334,1.201,1.2959648467070157,0.1675803796663037,663.8362957002472,0.30081319441063986
30.25,1.201,1.2959291911448987,0.1675060582276699,663.8728251372777,0.3008297474926486
30.266666666666666,1.201,1.295893585403389,0.1674318439570498,663.9093065416241,0.30084627880895226
30.283333333333335,1.201,1.2958580293780888,0.16735773662279035,663.9457400079732,0.30086278840245734
30.3,1.201,1.2958225229648754,0.16728373599387153,663.9821256307795,0.30087927631596534
30.316666666666666,1.201,1.2957870660599007,0.1672098418399049,664.0184635042664,0.300895742592173
30.333333333333332,1.201,1.2957516585595905,0.16713605393113304,664.0547537224254,0.300912187273672
30.35,1.201,1.2957163003606458,0.16706237203842872,664.0909963790165,0.30092861040294905
30.366666666666667,1.201,1.2956809913600407,0.1669887959332935,664.1271915675684,0.30094501202238616
30.383333333333333,1.201,1.2956457314550223,0.1669153253878562,664.163339381379,0.3009613921742606
30.4,1.201,1.2956105205431108,0.166841960174872,664.1994399135154,0.30097775090074513
30.416666666666668,1.201,1.2955753585220988,0.16676870006772126,664.2354932568143,0.30099408824390816
30.433333333333334,1.201,1.2955402452900504,0.16669554484040786,664.2714995038823,0.30101040424571374
30.45,1.201,1.2955051807453006,0.1666224942675579,664.3074587470962,0.3010266989480219
30.466666666666665,1.201,1.2954701647864557,0.16654954812441808,664.3433710786036,0.30104297239258865
30.483333333333334,1.201,1.295435197312391,0.16647670618685434,664.379236590323,0.30105922462106627
30.5,1.201,1.2954002782222522,0.16640396823135026,664.4150553739447,0.3010754556750037
30.516666666666666,1.201,1.2953654074154526,0.16633133403500533,664.4508275209307,0.30109166559584644
30.533333333333335,1.201,1.2953305847916743,0.16625880337553373,664.4865531225156,0.30110785442493665
30.55,1.201,1.2952958102508672,0.1661863760312624,664.5222322697064,0.30112402220351375
30.566666666666666,1.201,1.295261083693247,0.1661140517811292,664.5578650532838,0.30114016897271434
30.583333333333332,1.201,1.2952264050192954,0.16604183040468187,664.5934515638024,0.30115629477357275
30.6,1.201,1.295191774129761,0.1659697116820756,664.6289918915909,0.30117239964702075
30.616666666666667,1.201,1.295157190925655,0.1658976953940718,664.664486126753,0.3011884836338883
30.633333333333333,1.201,1.2951226553082535,0.16582578132203596,664.6999343591683,0.3012045467749038
30.65,1.201,1.2950881671790961,0.16575396924793662,664.735336678491,0.30122058911069355
30.666666666666668,1.201,1.295053726439985,0.16568225895434263,664.7706931741529,0.30123661068178287
30.683333333333334,1.201,1.2950193329929833,0.1656106502244224,664.8060039353627,0.30125261152859617
30.7,1.201,1.2949849867404157,0.1655391428419415,664.8412690511061,0.30126859169145664
30.716666666666665,1.201,1.2949506875848675,0.16546773659126088,664.8764886101472,0.30128455121058745
30.733333333333334,1.201,1.2949164354291833,0.16539643125733566,664.9116627010287,0.3013004901261108
30.75,1.201,1.294882230176466,0.16532522662571247,664.9467914120728,0.30131640847804964
30.766666666666666,1.201,1.294848071730077,0.16525412248252824,664.9818748313813,0.30133230630632657
30.783333333333335,1.201,1.294813959993636,0.16518311861450843,665.016913046836,0.3013481836507647
30.8,1.201,1.2947798948710176,0.16511221480896482,665.0519061461005,0.30136404055108823
30.816666666666666,1.201,1.2947458762663535,0.16504141085379426,665.0868542166189,0.301379877046922
30.833333333333332,1.201,1.2947119040840294,0.16497070653747636,665.1217573456183,0.30139569317779225
30.85,1.201,1.2946779782286866,0.16490010164907196,665.156615620108,0.3014114889831268
30.866666666666667,1.201,1.294644098605219,0.16482959597822117,665.1914291268807,0.3014272645022552
30.883333333333333,1.201,1.2946102651187736,0.16475918931514166,665.2261979525128,0.30144301977440896
30.9,1.201,1.2945764776747495,0.1646888814506267,665.2609221833656,0.30145875483872214
30.916666666666668,1.201,1.294542736178797,0.1646186721760439,665.2956019055847,0.3014744697342311
30.933333333333334,1.201,1.2945090405368171,0.1645485612833326,665.330237205102,0.30149016449987537
30.95,1.201,1.2944753906549609,0.1644785485650025,665.3648281676353,0.3015058391744974
30.966666666666665,1.201,1.2944417864396272,0.16440863381413184,665.3993748786893,0.30152149379684307
30.983333333333334,1.201,1.2944082277974647,0.16433881682436552,665.4338774235558,0.30153712840556185
31.0,1.201,1.2943747146353686,0.16426909738991358,665.4683358873152,0.3015527430392073
31.016666666666666,1.201,1.294341246860481,0.16419947530554868,665.5027503548358,0.30156833773623715
31.033333333333335,1.201,1.2943078243801909,0.1641299503666053,665.5371209107755,0.3015839125350133
31.05,1.201,1.2942744471021308,0.16406052236897706,665.5714476395818,0.3015994674738029
31.066666666666666,1.201,1.2942411149341793,0.16399119110911559,665.6057306254927,0.30161500259077767
31.083333333333332,1.201,1.2942078277844582,0.16392195638402818,665.639969952537,0.3016305179240147
31.1,1.201,1.2941745855613318,0.16385281799127652,665.6741657045349,0.3016460135114967
31.116666666666667,1.201,1.2941413881734076,0.1637837757289743,665.7083179650991,0.3016614893911123
31.133333333333333,1.201,1.2941082355295337,0.16371482939578635,665.7424268176349,0.30167694560065583
31.15,1.201,1.2940751275387992,0.16364597879092593,665.7764923453407,0.3016923821778283
31.166666666666668,1.201,1.2940420641105335,0.1635772237141536,665.8105146312089,0.30170779916023716
31.183333333333334,1.201,1.2940090451543054,0.1635085639657752,665.8444937580264,0.3017231965853967
31.2,1.201,1.2939760705799215,0.16343999934663986,665.8784298083752,0.3017385744907286
31.216666666666665,1.201,1.2939431402974266,0.16337152965813873,665.912322864633,0.3017539329135615
31.233333333333334,1.201,1.2939102542171026,0.16330315470220313,665.9461730089738,0.30176927189113234
31.25,1.201,1.2938774122494676,0.16323487428130246,665.979980323368,0.3017845914605852
31.266666666666666,1.201,1.293844614305275,0.16316668819844268,666.013744889584,0.3017998916589732
31.283333333333335,1.201,1.293811860295514,0.1630985962571648,666.0474667891878,0.3018151725232572
31.3,1.201,1.2937791501314067,0.16303059826154262,666.0811461035441,0.3018304340903073
31.316666666666666,1.201,1.293746483724409,0.16296269401618163,666.1147829138167,0.3018456763969022
31.333333333333332,1.201,1.29371386098621,0.1628948833262168,666.1483773009695,0.3018608994797302
31.35,1.201,1.2936812818287295,0.16282716599731095,666.1819293457661,0.3018761033753889
31.366666666666667,1.201,1.29364874616412,0.16275954183565342,666.2154391287714,0.30189128812038574
31.383333333333333,1.201,1.2936162539047633,0.16269201064795774,666.2489067303517,0.3019064537511381
31.4,1.201,1.2935838049632713,0.16262457224146062,666.2823322306753,0.30192160030397386
31.416666666666668,1.201,1.2935513992524854,0.1625572264239197,666.3157157097129,0.3019367278151312
31.433333333333334,1.201,1.2935190366854743,0.1624899730036123,666.3490572472389,0.30195183632075934
31.45,1.201,1.2934867171755355,0.162422811789333,666.3823569228309,0.3019669258569184
31.466666666666665,1.201,1.293454440636193,0.1623557425903929,666.4156148158713,0.30198199645958
31.483333333333334,1.201,1.2934222069811958,0.16228876521661736,666.4488310055473,0.3019970481646273
31.5,1.201,1.2933900161245202,0.16222187947834454,666.482005570851,0.30201208100785515
31.516666666666666,1.201,1.2933578679803663,0.16215508518642385,666.5151385905813,0.3020270950249706
31.533333333333335,1.201,1.2933257624631584,0.1620883821522139,666.5482301433433,0.30204209025159323
31.55,1.201,1.2932936994875441,0.16202177018758102,666.581280307549,0.30205706672325494
31.566666666666666,1.201,1.2932616789683937,0.16195524910489797,666.6142891614188,0.3020720244754006
31.583333333333332,1.201,1.2932297008208,0.1618888187170419,666.6472567829805,0.30208696354338815
31.6,1.201,1.293197764960076,0.1618224788373926,666.6801832500717,0.3021018839624892
31.616666666666667,1.201,1.2931658713017566,0.16175622927983124,666.7130686403384,0.30211678576788864
31.633333333333333,1.201,1.2931340197615948,0.16169006985873874,666.7459130312373,0.3021316689946853
31.65,1.201,1.2931022102555656,0.16162400038899408,666.7787165000349,0.30214653367789207
31.666666666666668,1.201,1.2930704426998592,0.1615580206859722,666.8114791238094,0.3021613798524365
31.683333333333334,1.201,1.2930387170108864,0.16149213056554335,666.8442009794502,0.3021762075531605
31.7,1.201,1.2930070331052734,0.16142632984407057,666.8768821436587,0.30219101681482075
31.716666666666665,1.201,1.2929753908998638,0.16136061833840848,666.9095226929496,0.30220580767208954
31.733333333333334,1.201,1.292943790311717,0.16129499586590185,666.94212270365,0.3022205801595539
31.75,1.201,1.2929122312581063,0.16122946224438384,666.9746822519018,0.302235334311717
31.766666666666666,1.201,1.292880713656522,0.16116401729217456,667.0072014136597,0.3022500701629974
31.783333333333335,1.201,1.2928492374246654,0.16109866082807928,667.0396802646947,0.3022647877477301
31.8,1.201,1.2928178024804529,0.16103339267138686,667.0721188805923,0.3022794871001662
31.816666666666666,1.201,1.292786408742012,0.16096821264186828,667.1045173367545,0.3022941682544738
31.833333333333332,1.201,1.2927550561276828,0.16090312055977513,667.1368757083995,0.30230883124473745
31.85,1.201,1.292723744556017,0.16083811624583816,667.1691940705623,0.30232347610495863
31.866666666666667,1.201,1.292692473945775,0.16077319952126534,667.2014724980955,0.30233810286905655
31.883333333333333,1.201,1.292661244215929,0.16070837020774106,667.2337110656701,0.30235271157086774
31.9,1.201,1.2926300552856596,0.1606436281274235,667.2659098477752,0.3023673022441465
31.916666666666668,1.201,1.292598907074355,0.16057897310294406,667.2980689187194,0.30238187492256535
31.933333333333334,1.201,1.292567799501613,0.16051440495740535,667.3301883526307,0.3023964296397149
31.95,1.201,1.292536732487237,0.16044992351437992,667.3622682234574,0.30241096642910437
31.966666666666665,1.201,1.2925057059512386,0.16038552859790867,667.3943086049682,0.30242548532416147
31.983333333333334,1.201,1.2924747198138333,0.16032122003249927,667.4263095707532,0.30243998635823327
32.0,1.201,1.2924437739954437,0.16025699764312454,667.4582711942244,0.30245446956458577
32.016666666666666,1.201,1.2924128684166962,0.1601928612552212,667.4901935486157,0.30246893497640454
32.03333333333333,1.201,1.2923820029984217,0.1601288106946884,667.5220767069841,0.3024833826267949
32.05,1.201,1.2923511776616536,0.16006484578788593,667.5539207422094,0.30249781254878183
32.06666666666667,1.201,1.2923203923276287,0.1600009663616331,667.5857257269955,0.30251222477531065
32.083333333333336,1.201,1.292289646917786,0.15993717224320705,667.6174917338708,0.3025266193392471
32.1,1.201,1.2922589413537662,0.15987346326034124,667.6492188351876,0.3025409962733773
32.11666666666667,1.201,1.2922282755574097,0.15980983924122433,667.6809071031249,0.30255535561040864
32.13333333333333,1.201,1.2921976494507583,0.1597463000144982,667.7125566096863,0.302569697382969
32.15,1.201,1.2921670629560533,0.15968284540925687,667.744167426702,0.30258402162360787
32.166666666666664,1.201,1.292136515995734,0.15961947525504472,667.7757396258296,0.3025983283647964
32.18333333333333,1.201,1.2921060084924396,0.15955618938185562,667.8072732785535,0.3026126176389273
32.2,1.201,1.2920755403690056,0.15949298762013084,667.838768456186,0.3026268894783153
32.21666666666667,1.201,1.292045111548466,0.15942986980075816,667.8702252298674,0.30264114391519714
32.233333333333334,1.201,1.29201472195405,0.15936683575507016,667.9016436705676,0.3026553809817325
32.25,1.201,1.291984371509184,0.15930388531484263,667.9330238490851,0.30266960071000304
32.266666666666666,1.201,1.291954060137489,0.15924101831229354,667.9643658360486,0.302683803132014
32.28333333333333,1.201,1.291923787762781,0.1591782345800813,667.995669701917,0.3026979882796931
32.3,1.201,1.2918935543090695,0.1591155339513039,668.0269355169798,0.3027121561848917
32.31666666666667,1.201,1.2918633597005587,0.15905291625949652,668.0581633513581,0.30272630687938473
32.333333333333336,1.201,1.2918332038616445,0.15899038133863108,668.0893532750044,0.3027404403948708
32.35,1.201,1.291803086716916,0.15892792902311448,668.1205053577038,0.30275455676297247
32.36666666666667,1.201,1.2917730081911538,0.158865559147787,668.1516196690739,0.30276865601523656
32.38333333333333,1.201,1.291742968209329,0.15880327154792157,668.1826962785656,0.3027827381831342
32.4,1.201,1.291712966696605,0.1587410660592215,668.2137352554633,0.3027968032980614
32.416666666666664,1.201,1.291683003578333,0.15867894251781978,668.2447366688859,0.30281085139133884
32.43333333333333,1.201,1.2916530787800549,0.15861690076027762,668.275700587787,0.30282488249421224
32.45,1.201,1.2916231922275012,0.15855494062358283,668.3066270809547,0.30283889663785274
32.46666666666667,1.201,1.29159334384659,0.15849306194514834,668.3375162170137,0.302852893853357
32.483333333333334,1.201,1.2915635335634286,0.1584312645628117,668.3683680644236,0.30286687417174724
32.5,1.201,1.2915337613043092,0.15836954831483258,668.3991826914817,0.3028808376239717
32.516666666666666,1.201,1.2915040269957123,0.15830791303989228,668.4299601663216,0.3028947842409049
32.53333333333333,1.201,1.2914743305643033,0.15824635857709238,668.4607005569145,0.3029087140533475
32.55,1.201,1.2914446719369335,0.15818488476595266,668.4914039310696,0.3029226270920268
32.56666666666667,1.201,1.2914150510406386,0.15812349144641039,668.5220703564346,0.30293652338759686
32.583333333333336,1.201,1.2913854678026386,0.15806217845881898,668.5526999004962,0.3029504029706389
32.6,1.201,1.2913559221503375,0.15800094564394648,668.5832926305801,0.30296426587166114
32.61666666666667,1.201,1.2913264140113214,0.15793979284297416,668.6138486138522,0.3029781121210994
32.63333333333333,1.201,1.2912969433133603,0.15787871989749594,668.6443679173182,0.3029919417493169
32.65,1.201,1.2912675099844053,0.15781772664951582,668.6748506078249,0.30300575478660474
32.666666666666664,1.201,1.2912381139525886,0.15775681294144775,668.7052967520602,0.3030195512631823
32.68333333333333,1.201,1.2912087551462244,0.15769597861611373,668.7357064165536,0.30303333120919673
32.7,1.201,1.2911794334938058,0.15763522351674264,668.7660796676769,0.30304709465472424
32.71666666666667,1.201,1.2911501489240067,0.15757454748696892,668.796416571644,0.30306084162976915
32.733333333333334,1.201,1.29112090136568,0.15751395037083155,668.8267171945122,0.3030745721642648
32.75,1.201,1.2910916907478567,0.1574534320127724,668.856981602182,0.3030882862880737
32.766666666666666,1.201,1.2910625169997465,0.15739299225763542,668.8872098603982,0.30310198403098776
32.78333333333333,1.201,1.2910333800507363,0.1573326309506648,668.9174020347491,0.3031156654227278
32.8,1.201,1.29100427983039,0.15727234793750378,668.9475581906689,0.3031293304929448
32.81666666666667,1.201,1.2909752162684485,0.15721214306419426,668.9776783934361,0.30314297927121947
32.833333333333336,1.201,1.290946189294828,0.15715201617717434,669.0077627081754,0.3031566117870626
32.85,1.201,1.2909171988396206,0.15709196712327783,669.0378111998573,0.3031702280699152
32.86666666666667,1.201,1.2908882448330927,0.15703199574973306,669.067823933299,0.3031838281491487
32.88333333333333,1.201,1.2908593272056856,0.15697210190416097,669.0978009731648,0.3031974120540653
32.9,1.201,1.290830445888014,0.15691228543457442,669.1277423839664,0.30321097981389816
32.916666666666664,1.201,1.290801600810866,0.15685254618937705,669.157648230063,0.3032245314578112
32.93333333333333,1.201,1.2907727919052028,0.15679288401736158,669.1875185756626,0.3032380670148998
32.95,1.201,1.2907440191021569,0.15673329876770897,669.2173534848217,0.30325158651419093
32.96666666666667,1.201,1.2907152823330337,0.15667379028998737,669.2471530214458,0.30326508998464274
32.983333333333334,1.201,1.290686581529309,0.1566143584341501,669.2769172492901,0.3032785774551457
33.0,1.201,1.290657916622629,0.15655500305053513,669.3066462319603,0.3032920489545221
33.016666666666666,1.201,1.2906292875448113,0.15649572398986397,669.3363400329116,0.3033055045115265
33.03333333333333,1.201,1.2906006942278418,0.15643652110324002,669.3659987154507,0.3033189441548457
33.05,1.201,1.290572136603876,0.15637739424214758,669.3956223427356,0.3033323679130996
33.06666666666667,1.201,1.2905436146052383,0.15631834325845076,669.4252109777758,0.30334577581484035
33.083333333333336,1.201,1.2905151281644207,0.15625936800439202,669.454764683433,0.3033591678885534
33.1,1.201,1.290486677214083,0.15620046833259132,669.4842835224217,0.3033725441626574
33.11666666666667,1.201,1.2904582616870524,0.1561416440960447,669.5137675573086,0.3033859046655041
33.13333333333333,1.201,1.2904298815163215,0.1560828951481234,669.5432168505149,0.3033992494253792
33.15,1.201,1.2904015366350507,0.156024221342572,669.5726314643148,0.30341257847050196
33.166666666666664,1.201,1.2903732269765646,0.1559656225335082,669.602011460837,0.3034258918290256
33.18333333333333,1.201,1.290344952474354,0.1559070985754212,669.6313569020647,0.3034391895290372
33.2,1.201,1.2903167130620725,0.15584864932317008,669.6606678498363,0.3034524715985587
33.21666666666667,1.201,1.29028850867354,0.15579027463198353,669.6899443658457,0.3034657380655462
33.233333333333334,1.201,1.290260339242738,0.15573197435745822,669.7191865116424,0.30347898895789044
33.25,1.201,1.2902322047038122,0.1556737483555575,669.7483943486326,0.3034922243034173
33.266666666666666,1.201,1.290204104991071,0.1556155964826107,669.7775679380785,0.3035054441298873
33.28333333333333,1.201,1.2901760400389841,0.1555575185953118,669.8067073411003,0.3035186484649967
33.3,1.201,1.2901480097821836,0.15549951455071825,669.8358126186747,0.30353183733637673
33.31666666666667,1.201,1.2901200141554618,0.1554415842062496,669.8648838316374,0.30354501077159457
33.333333333333336,1.201,1.290092053093773,0.15538372741968717,669.8939210406811,0.30355816879815295
33.35,1.201,1.2900641265322301,0.15532594404917205,669.9229243063583,0.30357131144349064
33.36666666666667,1.201,1.2900362344061072,0.15526823395320438,669.9518936890801,0.30358443873498264
33.38333333333333,1.201,1.2900083766508361,0.15521059699064213,669.9808292491169,0.3035975506999402
33.4,1.201,1.2899805532020092,0.1551530330207004,670.0097310465993,0.30361064736561094
33.416666666666664,1.201,1.2899527639953752,0.15509554190294955,670.0385991415184,0.3036237287591795
33.43333333333333,1.201,1.2899250089668417,0.1550381234973148,670.0674335937256,0.3036367949077672
33.45,1.201,1.289897288052473,0.1549807776640749,670.0962344629331,0.30364984583843224
33.46666666666667,1.201,1.2898696011884914,0.15492350426386092,670.1250018087151,0.30366288157817023
33.483333333333334,1.201,1.289841948311274,0.15486630315765534,670.1537356905076,0.3036759021539143
33.5,1.201,1.2898143293573547,0.15480917420679066,670.1824361676084,0.3036889075925348
33.516666666666666,1.201,1.2897867442634225,0.15475211727294888,670.2111032991785,0.30370189792084024
33.53333333333333,1.201,1.2897591929663221,0.1546951322181599,670.2397371442413,0.3037148731655766
33.55,1.201,1.2897316754030517,0.15463821890480056,670.2683377616839,0.3037278333534283
33.56666666666667,1.201,1.2897041915107639,0.15458137719559373,670.2969052102575,0.30374077851101794
33.583333333333336,1.201,1.2896767412267651,0.1545246069536073,670.3254395485768,0.30375370866490653
33.6,1.201,1.2896493244885148,0.1544679080422529,670.3539408351214,0.30376662384159364
33.61666666666667,1.201,1.289621941233625,0.15441128032528487,670.3824091282358,0.30377952406751774
33.63333333333333,1.201,1.2895945913998597,0.1543547236667993,670.4108444861298,0.30379240936905627
33.65,1.201,1.289567274925135,0.1542982379312329,670.4392469668788,0.3038052797725257
33.666666666666664,1.201,1.2895399917475185,0.1542418229833623,670.4676166284245,0.30381813530418184
33.68333333333333,1.201,1.2895127418052283,0.15418547868830235,670.4959535285743,0.3038309759902199
33.7,1.201,1.2894855250366328,0.15412920491150572,670.5242577250033,0.30384380185677495
33.71666666666667,1.201,1.289458341380251,0.15407300151876138,670.5525292752532,0.30385661292992155
33.733333333333334,1.201,1.2894311907747507,0.15401686837619402,670.5807682367334,0.30386940923567457
33.75,1.201,1.2894040731589487,0.15396080535026246,670.6089746667213,0.30388219079998874
33.766666666666666,1.201,1.2893769884718114,0.15390481230775926,670.6371486223627,0.30389495764875935
33.78333333333333,1.201,1.2893499366524523,0.15384888911580935,670.6652901606716,0.30390770980782206
33.8,1.201,1.2893229176401337,0.15379303564186902,670.6933993385312,0.3039204473029529
33.81666666666667,1.201,1.289295931374264,0.15373725175372494,670.7214762126943,0.30393317015986926
33.833333333333336,1.201,1.2892689777943995,0.15368153731949313,670.7495208397831,0.3039458784042291
33.85,1.201,1.2892420568402425,0.15362589220761824,670.7775332762902,0.3039585720616315
33.86666666666667,1.201,1.2892151684516413,0.15357031628687196,670.8055135785786,0.30397125115761714
33.88333333333333,1.201,1.28918831256859,0.1535148094263526,670.833461802882,0.303983915717668
33.9,1.201,1.2891614891312277,0.15345937149548372,670.8613780053053,0.3039965657672075
33.916666666666664,1.201,1.289134698079838,0.1534040023640136,670.889262241825,0.3040092013316012
33.93333333333333,1.201,1.2891079393548492,0.15334870190201366,670.9171145682894,0.3040218224361564
33.95,1.201,1.2890812128968334,0.15329346997987764,670.9449350404195,0.30403442910612255
33.96666666666667,1.201,1.2890545186465059,0.15323830646832087,670.9727237138083,0.3040470213666914
33.983333333333334,1.201,1.2890278565447248,0.15318321123837916,671.0004806439223,0.3040595992429972
34.0,1.201,1.2890012265324917,0.15312818416140805,671.0282058861006,0.30407216276011656
34.016666666666666,1.201,1.2889746285509496,0.15307322510908136,671.0558994955569,0.30408471194306913
34.03333333333333,1.201,1.2889480625413834,0.1530183339533904,671.0835615273782,0.3040972468168173
34.05,1.201,1.2889215284452198,0.15296351056664328,671.1111920365261,0.3041097674062665
34.06666666666667,1.201,1.288895026204025,0.1529087548214637,671.1387910778373,0.30412227373626577
34.083333333333336,1.201,1.288868555759508,0.1528540665907903,671.1663587060225,0.3041347658316068
34.1,1.201,1.288842117053516,0.15279944574787502,671.1938949756691,0.30414724371702556
34.11666666666667,1.201,1.2888157100280366,0.1527448921662829,671.2213999412395,0.3041597074172013
34.13333333333333,1.201,1.2887893346251966,0.1526904057198908,671.2488736570722,0.3041721569567572
34.15,1.201,1.2887629907872624,0.1526359862828865,671.2763161773822,0.30418459236026046
34.166666666666664,1.201,1.2887366784566372,0.15258163372976763,671.3037275562618,0.3041970136522226
34.18333333333333,1.201,1.2887103975758634,0.1525273479353409,671.3311078476798,0.3042094208570993
34.2,1.201,1.2886841480876214,0.15247312877472108,671.3584571054826,0.30422181399929066
34.21666666666667,1.201,1.2886579299347278,0.1524189761233303,671.3857753833945,0.3042341931031416
34.233333333333334,1.201,1.2886317430601366,0.15236488985689683,671.413062735018,0.30424655819294166
34.25,1.201,1.2886055874069384,0.15231086985145414,671.4403192138338,0.3042589092929253
34.266666666666666,1.201,1.2885794629183598,0.15225691598334049,671.4675448732016,0.3042712464272721
34.28333333333333,1.201,1.2885533695377624,0.15220302812919725,671.4947397663603,0.30428356962010705
34.3,1.201,1.2885273072086438,0.1521492061659685,671.5219039464284,0.30429587889550036
34.31666666666667,1.201,1.2885012758746366,0.15209544997090005,671.5490374664037,0.3043081742774676
34.333333333333336,1.201,1.288475275479507,0.1520417594215384,671.5761403791643,0.30432045578997025
34.35,1.201,1.2884493059671562,0.15198813439573017,671.6032127374691,0.3043327234569156
34.36666666666667,1.201,1.288423367281618,0.15193457477162042,671.6302545939577,0.304344977302157
34.38333333333333,1.201,1.2883974593670608,0.15188108042765278,671.6572660011507,0.3043572173494938
34.4,1.201,1.288371582167785,0.15182765124256767,671.68424701145,0.3043694436226716
34.416666666666664,1.201,1.288345735628224,0.1517742870954022,671.7111976771395,0.30438165614538243
34.43333333333333,1.201,1.2883199196929422,0.15172098786548865,671.7381180503853,0.3043938549412652
34.45,1.201,1.2882941343066376,0.15166775343245378,671.7650081832355,0.30440604003390503
34.46666666666667,1.201,1.288268379414138,0.15161458367621825,671.7918681276215,0.30441821144683434
34.483333333333334,1.201,1.2882426549604036,0.15156147847699497,671.8186979353571,0.3044303692035323
34.5,1.201,1.2882169608905238,0.1515084377152893,671.8454976581402,0.30444251332742533
34.516666666666666,1.200966666666667,1.2881912964962157,0.15145545992292347,671.8722680292374,0.30443774432180526
34.53333333333333,1.2009333333333336,1.2881656611379269,0.1514025437737853,671.8990097103989,0.3044329614393125
34.55,1.2009000000000003,1.288140054702759,0.1513496890290015,671.9257228141079,0.3044281647331302
34.56666666666667,1.2008666666666667,1.2881144771134259,0.15129689552323586,671.9524074157271,0.3044233542396133
34.583333333333336,1.2008333333333334,1.2880889283042147,0.15124416311507088,671.979063578567,0.30441852998964924
34.6,1.2008,1.2880634082149085,0.15119149167445284,672.0056913602263,0.30441369201153123
34.61666666666667,1.2007666666666668,1.2880379167884146,0.15113888107780005,672.0322908150628,0.30440884033207866
34.63333333333333,1.2007333333333334,1.2880124539696285,0.1510863312056551,672.0588619953793,0.30440397497717475
34.65,1.2007,1.287987019704812,0.15103384194140365,672.0854049520709,0.30439909597205944
34.666666666666664,1.2006666666666668,1.287961613941225,0.15098141317050942,672.11191973501,0.30439420334150447
34.68333333333333,1.2006333333333334,1.287936236626889,0.1509290447800285,672.1384063932924,0.3043892971099248
34.7,1.2006000000000001,1.2879108877104286,0.15087673665828288,672.1648649754015,0.3043843773014528
34.71666666666667,1.2005666666666668,1.2878855671409628,0.15082448869463394,672.1912955293233,0.3043794439399907
34.733333333333334,1.2005333333333335,1.287860274868025,0.15077230077931864,672.217698102628,0.3043744970492476
34.75,1.2005000000000001,1.2878350108415042,0.15072017280332878,672.2440727425317,0.3043695366527674
34.766666666666666,1.2004666666666668,1.287809775011603,0.15066810465831912,672.270419495942,0.3043645627739492
34.78333333333333,1.2004333333333335,1.2877845673287998,0.15061609623653655,672.2967384094943,0.30435957543606446
34.8,1.2004000000000001,1.2877593877438243,0.15056414743076438,672.3230295295791,0.30435457466226856
34.81666666666667,1.2003666666666668,1.2877342362076352,0.1505122581342776,672.3492929023653,0.30434956047561185
34.833333333333336,1.2003333333333335,1.2877091126714026,0.15046042824080724,672.375528573817,0.3043445328990476
34.85,1.2003,1.2876840170864938,0.1504086576445101,672.4017365897101,0.3043394919554386
34.86666666666667,1.2002666666666666,1.2876589494044623,0.15035694623994517,672.4279169956429,0.304334437667563
34.88333333333333,1.2002333333333333,1.2876339095770366,0.15030529392205225,672.4540698370472,0.3043293700581188
34.9,1.2002000000000002,1.2876088975561122,0.15025370058613488,672.4801951591967,0.3043242891497274
34.916666666666664,1.2001666666666668,1.2875839132937452,0.15020216612784565,672.5062930072147,0.3043191949649381
34.93333333333333,1.2001333333333335,1.287558956742145,0.15015069044317347,672.5323634260803,0.30431408752622974
34.95,1.2001000000000002,1.2875340278536704,0.15009927342843232,672.5584064606335,0.30430896685601383
34.96666666666667,1.2000666666666666,1.2875091265808234,0.15004791498025183,672.5844221555803,0.30430383297663666
34.983333333333334,1.2000333333333333,1.2874842528762465,0.14999661499556877,672.610410555497,0.3042986859103812
35.0,1.2,1.287459406692719,0.14994537337161976,672.636371704833,0.3042935256794683
35.016666666666666,1.2,1.287434588616624,0.14989419131231693,672.662304985959,0.30430525761945587
35.03333333333333,1.2,1.2874097991673357,0.14984306988323826,672.6882098511371,0.3043169767043714
35.05,1.2,1.287385038354248,0.14979200909819446,672.7140862854794,0.3043286829274799
35.06666666666667,1.2,1.2873603061527052,0.14974100890078387,672.7399343096904,0.3043403762981477
35.083333333333336,1.2,1.287335602527168,0.14969006921217898,672.7657539558596,0.3043520568308919
35.1,1.2,1.2873109274370644,0.14963918994318853,672.7915452613521,0.30436372454261595
35.11666666666667,1.2,1.287286280839063,0.14958837099895053,672.8173082664314,0.30437537945153476
35.13333333333333,1.2,1.2872616626881646,0.14953761228118068,672.8430430131205,0.304387021576659
35.15,1.2,1.2872370729382956,0.14948691368939837,672.8687495445815,0.3043986509375147
35.166666666666664,1.2,1.2872125115426618,0.14943627512165614,672.894427904746,0.30441026755397615
35.18333333333333,1.2,1.2871879784539735,0.14938569647500266,672.9200781380799,0.3044218714461593
35.2,1.2,1.287163473624595,0.14933517764579235,672.9457002894276,0.30443346263435106
35.21666666666667,1.2,1.2871389970066494,0.14928471852989983,672.9712944039021,0.3044450411389602
35.233333333333334,1.2,1.287114548552092,0.14923431902287423,672.9968605268082,0.30445660698048216
35.25,1.2,1.2870901282127662,0.14918397902005187,673.0223987035841,0.30446816017947276
35.266666666666666,1.2,1.287065735940445,0.14913369841664195,673.0479089797589,0.30447970075652864
35.28333333333333,1.2,1.2870413716868618,0.14908347710779205,673.0733914009185,0.3044912287322726
35.3,1.2,1.2870170354037365,0.14903331498863895,673.0988460126803,0.30450274412734135
35.31666666666667,1.2,1.2869927270427934,0.14898321195434927,673.1242728606726,0.3045142469623767
35.333333333333336,1.2,1.2869684465557794,0.14893316790015138,673.1496719905181,0.30452573725801785
35.35,1.2,1.2869441938944737,0.14888318272136203,673.1750434478199,0.30453721503489517
35.36666666666667,1.2,1.2869199690107005,0.14883325631340713,673.2003872781524,0.30454868031362603
35.38333333333333,1.2,1.286895771856336,0.14878338857183993,673.2257035270502,0.30456013311480973
35.4,1.2,1.2868716023833178,0.14873357939235535,673.2509922400016,0.30457157345902475
35.416666666666664,1.2,1.2868474605436473,0.14868382867080235,673.2762534624427,0.30458300136682603
35.43333333333333,1.2,1.2868233462893983,0.1486341363031939,673.301487239751,0.30459441685874167
35.45,1.2,1.2867992595727191,0.1485845021857159,673.3266936172423,0.3046058199552721
35.46666666666667,1.2,1.2867752003458364,0.14853492621473452,673.3518726401659,0.30461721067688763
35.483333333333334,1.2,1.2867511685610593,0.14848540828680235,673.3770243537009,0.30462858904402684
35.5,1.2,1.2867271641707807,0.1484359482986637,673.4021488029553,0.30463995507709607
35.516666666666666,1.2,1.2867031871274799,0.14838654614725938,673.4272460329615,0.30465130879646757
35.53333333333333,1.2,1.2866792373837252,0.14833720172973047,673.4523160886757,0.30466265022247896
35.55,1.2,1.2866553148921756,0.14828791494342175,673.4773590149749,0.3046739793754321
35.56666666666667,1.2,1.2866314196055801,0.14823868568588439,673.502374856657,0.30468529627559315
35.583333333333336,1.2,1.2866075514767823,0.14818951385487877,673.5273636584371,0.3046966009431908
35.6,1.2,1.2865837104587188,0.1481403993483765,673.5523254649487,0.30470789339841664
35.61666666666667,1.2,1.286559896504421,0.1480913420645622,673.5772603207411,0.3047191736614243
35.63333333333333,1.2,1.2865361095670163,0.14804234190183488,673.6021682702791,0.3047304417523293
35.65,1.2,1.2865123495997288,0.1479933987588099,673.6270493579423,0.30474169769120835
35.666666666666664,1.2,1.2864886165558782,0.14794451253431934,673.6519036280245,0.30475294149809967
35.68333333333333,1.2,1.2864649103888837,0.1478956831274136,673.6767311247321,0.30476417319300164
35.7,1.2,1.2864412310522604,0.14784691043736192,673.7015318921851,0.3047753927958737
35.71666666666667,1.2,1.2864175784996223,0.14779819436365288,673.7263059744162,0.30478660032663574
35.733333333333334,1.2,1.2863939526846824,0.14774953480599545,673.7510534153695,0.30479779580516775
35.75,1.2,1.2863703535612518,0.147700931664319,673.7757742589012,0.30480897925130956
35.766666666666666,1.2,1.2863467810832414,0.1476523848387738,673.8004685487792,0.30482015068486157
35.78333333333333,1.2,1.2863232352046596,0.14760389422973122,673.8251363286827,0.3048313101255836
35.8,1.2,1.2862997158796163,0.14755545973778417,673.8497776422018,0.3048424575931954
35.81666666666667,1.2,1.2862762230623186,0.14750708126374687,673.8743925328379,0.30485359310737653
35.833333333333336,1.2,1.286252756707074,0.1474587587086549,673.898981044003,0.30486471668776616
35.85,1.2,1.2862293167682897,0.14741049197376574,673.9235432190198,0.304875828353963
35.86666666666667,1.2,1.2862059032004718,0.14736228096055806,673.9480791011222,0.3048869281255255
35.88333333333333,1.2,1.2861825159582256,0.14731412557073195,673.9725887334545,0.3048980160219718
35.9,1.2,1.286159154996256,0.14726602570620878,673.9970721590715,0.30490909206277955
35.916666666666664,1.2,1.286135820269368,0.14721798126913097,674.021529420939,0.3049201562673858
35.93333333333333,1.2,1.286112511732465,0.14716999216186177,674.0459605619332,0.30493120865518725
35.95,1.2,1.286089229340549,0.1471220582869851,674.0703656248415,0.3049422492455407
35.96666666666667,1.2,1.2860659730487232,0.14707417954730534,674.0947446523612,0.30495327805776173
35.983333333333334,1.2,1.2860427428121868,0.14702635584584664,674.1190976871013,0.3049642951111264
36.0,1.2,1.28601953858624,0.1469785870858532,674.1434247715816,0.3049753004248701
36.016666666666666,1.2,1.2859963603262814,0.1469308731707885,674.1677259482323,0.3049862940181877
36.03333333333333,1.2,1.2859732079878077,0.14688321400433535,674.1920012593953,0.3049972759102344
36.05,1.2,1.2859500815264138,0.14683560949039504,674.2162507473233,0.3050082461201249
36.06666666666667,1.2,1.2859269808977942,0.14678805953308718,674.2404744541806,0.3050192046669336
36.083333333333336,1.2,1.2859039060577393,0.1467405640367495,674.2646724220427,0.3050301515696954
36.1,1.2,1.2858808569621394,0.1466931229059372,674.2888446928969,0.30504108684740455
36.11666666666667,1.2,1.2858578335669815,0.14664573604542253,674.3129913086417,0.3050520105190157
36.13333333333333,1.2,1.285834835828351,0.14659840336019453,674.3371123110878,0.30506292260344353
36.15,1.2,1.28581186370243,0.1465511247554584,674.361207741958,0.3050738231195629
36.166666666666664,1.2,1.2857889171454977,0.14650390013663528,674.3852776428866,0.30508471208620885
36.18333333333333,1.2,1.285765996113931,0.1464567294093615,674.4093220554208,0.30509558952217675
36.2,1.2,1.2857431005642028,0.14640961247948822,674.4333410210198,0.3051064554462224
36.21666666666667,1.2,1.2857202304528834,0.14636254925308126,674.4573345810555,0.30511730987706204
36.233333333333334,1.2,1.285697385736639,0.14631553963642008,674.4813027768129,0.3051281528333724
36.25,1.2,1.2856745663722322,0.1462685835359977,674.5052456494888,0.3051389843337906
36.266666666666666,1.2,1.2856517723165213,0.14622168085852025,674.5291632401944,0.30514980439691497
36.28333333333333,1.2,1.2856290035264608,0.14617483151090602,674.5530555899534,0.30516061304130404
36.3,1.2,1.2856062599591007,0.1461280354002855,674.5769227397028,0.3051714102854774
36.31666666666667,1.2,1.285583541571586,0.1460812924340003,674.6007647302938,0.30518219614791564
36.333333333333336,1.2,1.285560848321157,0.14603460251960354,674.6245816024907,0.3051929706470601
36.35,1.2,1.285538180165149,0.14598796556485832,674.6483733969723,0.3052037338013134
36.36666666666667,1.2,1.285515537060992,0.14594138147773789,674.6721401543313,0.30521448562903924
36.38333333333333,1.2,1.2854929189662108,0.14589485016642473,674.6958819150746,0.3052252261485626
36.4,1.2,1.285470325838423,0.1458483715393104,674.7195987196238,0.3052359553781697
36.416666666666664,1.2,1.2854477576353422,0.1458019455049949,674.7432906083151,0.3052466733361083
36.43333333333333,1.2,1.2854252143147746,0.14575557197228592,674.7669576213995,0.30525738004058744
36.45,1.2,1.2854026958346203,0.1457092508501986,674.7905997990432,0.3052680755097779
36.46666666666667,1.2,1.2853802021528729,0.14566298204795486,674.8142171813274,0.30527875976181196
36.483333333333334,1.2,1.285357733227618,0.14561676547498278,674.8378098082496,0.30528943281478416
36.5,1.2,1.285335289017036,0.1455706010409166,674.8613777197216,0.30530009468675
36.516666666666666,1.2,1.2853128694793983,0.1455244886555954,674.884920955572,0.3053107453957277
36.53333333333333,1.2,1.28529047457307,0.14547842822906332,674.9084395555452,0.3053213849596971
36.55,1.2,1.2852681042565068,0.14543241967156828,674.9319335593018,0.3053320133966002
36.56666666666667,1.2,1.2852457584882584,0.14538646289356233,674.9554030064185,0.30534263072434115
36.583333333333336,1.2,1.2852234372269642,0.14534055780570032,674.9788479363893,0.30535323696078664
36.6,1.2,1.285201140431357,0.14529470431883992,675.0022683886242,0.3053638321237653
36.61666666666667,1.2,1.2851788680602594,0.14524890234404078,675.0256644024508,0.3053744162310684
36.63333333333333,1.2,1.2851566200725852,0.14520315179256413,675.0490360171137,0.30538498930045005
36.65,1.2,1.2851343964273403,0.14515745257587212,675.0723832717749,0.3053955513496264
36.666666666666664,1.2,1.28511219708362,0.1451118046056275,675.0957062055138,0.30540610239627675
36.68333333333333,1.2,1.2850900220006096,0.14506620779369314,675.1190048573279,0.3054166424580432
36.7,1.2,1.2850678711375858,0.1450206620521311,675.1422792661325,0.30542717155253046
36.71666666666667,1.2,1.2850457444539145,0.14497516729320248,675.165529470761,0.30543768969730645
36.733333333333334,1.2,1.2850236419090515,0.14492972342936677,675.1887555099654,0.3054481969099021
36.75,1.2,1.2850015634625414,0.14488433037328136,675.211957422416,0.3054586932078115
36.766666666666666,1.2,1.2849795090740186,0.14483898803780085,675.235135246702,0.30546917860849193
36.78333333333333,1.2,1.2849574787032063,0.14479369633597688,675.2582890213318,0.30547965312936426
36.8,1.2,1.2849354723099167,0.144748455181057,675.2814187847326,0.30549011678781246
36.81666666666667,1.2,1.28491348985405,0.14470326448648493,675.3045245752511,0.3055005696011842
36.833333333333336,1.2,1.284891531295595,0.14465812416589952,675.3276064311534,0.30551101158679067
36.85,1.2,1.2848695965946288,0.1446130341331342,675.3506643906256,0.30552144276190685
36.86666666666667,1.2,1.2848476857113156,0.14456799430221676,675.3736984917738,0.3055318631437715
36.88333333333333,1.2,1.2848257986059077,0.14452300458736866,675.3967087726236,0.3055422727495871
36.9,1.2,1.284803935238745,0.1444780649030044,675.4196952711218,0.3055526715965202
36.916666666666664,1.2,1.284782095570254,0.14443317516373128,675.4426580251352,0.30556305970170156
36.93333333333333,1.2,1.2847602795609483,0.14438833528434852,675.4655970724516,0.30557343708222584
36.95,1.2,1.2847384871714282,0.14434354517984735,675.4885124507794,0.30558380375515193
36.96666666666667,1.2,1.2847167183623809,0.14429880476540963,675.5114041977483,0.30559415973750315
36.983333333333334,1.2,1.284694973094579,0.14425411395640808,675.5342723509094,0.30560450504626707
37.0,1.2,1.2846732513288817,0.14420947266840559,675.5571169477352,0.305614839698396
37.016666666666666,1.2,1.2846515530262332,0.14416488081715434,675.57993802562,0.3056251637108067
37.03333333333333,1.2,1.2846298781476653,0.14412033831859558,675.6027356218796,0.3056354771003804
37.05,1.2,1.2846082266542924,0.1440758450888594,675.6255097737526,0.3056457798839635
37.06666666666667,1.2,1.2845865985073162,0.14403140104426376,675.648260518399,0.3056560720783668
37.083333333333336,1.2,1.2845649936680217,0.143987006101314,675.6709878929021,0.3056663537003663
37.1,1.2,1.2845434120977797,0.1439426601767027,675.6936919342675,0.305676624766703
37.11666666666667,1.2,1.284521853758045,0.1438983631873088,675.7163726794233,0.3056868852940827
37.13333333333333,1.2,1.2845003186103563,0.14385411505019724,675.7390301652213,0.3056971352991769
37.15,1.2,1.2844788066163375,0.14380991568261858,675.7616644284361,0.305707374798622
37.166666666666664,1.2,1.2844573177376943,0.1437657650020085,675.7842755057662,0.30571760380901986
37.18333333333333,1.2,1.2844358519362176,0.14372166292598687,675.8068634338331,0.30572782234693785
37.2,1.2,1.2844144091737815,0.1436776093723579,675.8294282491822,0.3057380304289086
37.21666666666667,1.2,1.2843929894123423,0.14363360425910915,675.8519699882834,0.30574822807143076
37.233333333333334,1.2,1.2843715926139394,0.14358964750441117,675.8744886875304,0.3057584152909685
37.25,1.2,1.2843502187406965,0.14354573902661708,675.8969843832414,0.30576859210395163
37.266666666666666,1.2,1.2843288677548175,0.14350187874426215,675.9194571116589,0.305778758526776
37.28333333333333,1.2,1.28430753961859,0.14345806657606303,675.9419069089505,0.30578891457580337
37.3,1.2,1.2842862342943828,0.14341430244091738,675.9643338112087,0.3057990602673617
37.31666666666667,1.2,1.284264951744647,0.14337058625790364,675.9867378544509,0.3058091956177448
37.333333333333336,1.2,1.2842436919319153,0.14332691794628016,676.00911907462,0.3058193206432129
37.35,1.2,1.284222454818802,0.14328329742548498,676.0314775075844,0.30582943535999246
37.36666666666667,1.2,1.2842012403680019,0.14323972461513518,676.053813189138,0.3058395397842762
37.38333333333333,1.2,1.284180048542291,0.14319619943502643,676.0761261550009,0.3058496339322236
37.4,1.2,1.2841588793045264,0.14315272180513267,676.0984164408187,0.3058597178199603
37.416666666666664,1.2,1.2841377326176453,0.1431092916456052,676.120684082164,0.305869791463579
37.43333333333333,1.2,1.2841166084446658,0.14306590887677278,676.1429291145353,0.30587985487913877
37.45,1.2,1.2840955067486854,0.14302257341914104,676.1651515733575,0.3058899080826656
37.46666666666667,1.2,1.2840744274928821,0.14297928519339123,676.1873514939831,0.3058999510901525
37.483333333333334,1.2,1.284053370640513,0.14293604412038086,676.2095289116909,0.30590998391755914
37.5,1.2,1.2840323361549155,0.14289285012114258,676.231683861687,0.30592000658081253
37.516666666666666,1.2,1.2840113239995055,0.14284970311688358,676.2538163791048,0.3059300190958066
37.53333333333333,1.2,1.2839903341377779,0.14280660302898585,676.2759264990057,0.3059400214784026
37.55,1.2,1.2839693665333074,0.14276354977900488,676.2980142563778,0.305950013744429
37.56666666666667,1.2,1.2839484211497463,0.1427205432886697,676.3200796861381,0.30595999590968187
37.583333333333336,1.2,1.283927497950826,0.14267758347988224,676.3421228231314,0.30596996798992443
37.6,1.2,1.2839065969003562,0.14263467027471677,676.36414370213,0.30597993000088747
37.61666666666667,1.2,1.2838857179622238,0.14259180359541973,676.3861423578356,0.3059898819582696
37.63333333333333,1.2,1.2838648611003947,0.1425489833644089,676.4081188248781,0.305999823877737
37.65,1.2,1.2838440262789113,0.14250620950427337,676.4300731378162,0.3060097557749237
37.666666666666664,1.2,1.2838232134618943,0.14246348193777245,676.4520053311372,0.30601967766543137
37.68333333333333,1.2,1.283802422613541,0.14242080058783602,676.473915439258,0.30602958956482984
37.7,1.2,1.283781653698126,0.14237816537756345,676.4958034965248,0.30603949148865695
37.71666666666667,1.2,1.2837609066800004,0.14233557623022325,676.5176695372131,0.30604938345241867
37.733333333333334,1.2,1.283740181523593,0.1422930330692529,676.539513595528,0.30605926547158885
37.75,1.2,1.2837194781934074,0.14225053581825814,676.5613357056045,0.30606913756160997
37.766666666666666,1.2,1.283698796654024,0.14220808440101235,676.583135901508,0.30607899973789277
37.78333333333333,1.2,1.2836781368701005,0.14216567874145664,676.604914217233,0.3060888520158161
37.8,1.2,1.283657498806368,0.14212331876369894,676.6266706867058,0.3060986944107276
37.81666666666667,1.2,1.2836368824276354,0.14208100439201385,676.6484053437822,0.30610852693794355
37.833333333333336,1.2,1.283616287698786,0.14203873555084176,676.670118222249,0.30611834961274864
37.85,1.2,1.283595714584778,0.14199651216478876,676.6918093558238,0.30612816245039626
37.86666666666667,1.2,1.2835751630506453,0.1419543341586264,676.7134787781555,0.30613796546610894
37.88333333333333,1.2,1.2835546330614964,0.1419122014572906,676.735126522824,0.3061477586750779
37.9,1.2,1.2835341245825145,0.14187011398588198,676.7567526233406,0.30615754209246315
37.916666666666664,1.2,1.283513637578957,0.1418280716696646,676.7783571131483,0.306167315733394
37.93333333333333,1.2,1.2834931720161555,0.14178607443406618,676.7999400256216,0.3061770796129688
37.95,1.2,1.283472727859516,0.14174412220467725,676.8215013940672,0.30618683374625505
37.96666666666667,1.2,1.2834523050745184,0.14170221490725116,676.8430412517234,0.3061965781482894
37.983333333333334,1.2,1.2834319036267154,0.1416603524677031,676.8645596317613,0.3062063128340782
38.0,1.2,1.283411523481734,0.14161853481211004,676.8860565672842,0.3062160378185969
38.016666666666666,1.2,1.2833911646052747,0.14157676186671025,676.9075320913275,0.3062257531167905
38.03333333333333,1.2,1.28337082696311,0.14153503355790265,676.9289862368603,0.3062354587435737
38.05,1.2,1.2833505105210863,0.14149334981224676,676.9504190367836,0.30624515471383074
38.06666666666667,1.2,1.283330215245122,0.14145171055646177,676.9718305239322,0.3062548410424157
38.083333333333336,1.2,1.2833099411012088,0.14141011571742673,676.9932207310737,0.3062645177441522
38.1,1.2,1.2832896880554097,0.1413685652221795,677.0145896909097,0.3062741848338341
38.11666666666667,1.2,1.2832694560738604,0.14132705899791662,677.0359374360746,0.3062838423262249
38.13333333333333,1.2,1.283249245122769,0.14128559697199322,677.0572639991369,0.3062934902360583
38.15,1.2,1.2832290551684145,0.14124417907192185,677.0785694125991,0.306303128578038
38.166666666666664,1.2,1.2832088861771478,0.1412028052253728,677.0998537088976,0.3063127573668379
38.18333333333333,1.2,1.2831887381153917,0.14116147536017307,677.1211169204031,0.30632237661710215
38.2,1.2,1.2831686109496387,0.14112018940430635,677.1423590794209,0.30633198634344533
38.21666666666667,1.2,1.2831485046464546,0.14107894728591255,677.1635802181902,0.30634158656045213
38.233333333333334,1.2,1.2831284191724739,0.14103774893328722,677.1847803688856,0.3063511772826781
38.25,1.2,1.2831083544944029,0.14099659427488126,677.2059595636165,0.3063607585246489
38.266666666666666,1.2,1.283088310579018,0.14095548323930054,677.2271178344267,0.3063703303008611
38.28333333333333,1.2,1.2830682873931665,0.14091441575530522,677.2482552132959,0.3063798926257818
38.3,1.2,1.2830482849037643,0.14087339175180985,677.2693717321391,0.30638944551384906
38.31666666666667,1.2,1.2830283030777987,0.14083241115788242,677.2904674228064,0.3063989889794715
38.333333333333336,1.2,1.2830083418823262,0.1407914739027443,677.3115423170839,0.3064085230370289
38.35,1.2,1.2829884012844728,0.1407505799157696,677.3325964466933,0.3064180477008718
38.36666666666667,1.2,1.2829684812514337,0.14070972912648516,677.3536298432925,0.30642756298532176
38.38333333333333,1.2,1.282948581750474,0.14066892146456958,677.3746425384755,0.30643706890467176
38.4,1.2,1.2829287027489267,0.1406281568598532,677.3956345637728,0.30644656547318566
38.416666666666664,1.2,1.282908844214195,0.14058743524231776,677.4166059506507,0.3064560527050986
38.43333333333333,1.2,1.2828890061137495,0.14054675654209567,677.437556730513,0.3064655306146174
38.45,1.2,1.28286918841513,0.14050612068946977,677.4584869346997,0.3064749992159198
38.46666666666667,1.2,1.2828493910859444,0.1404655276148732,677.479396594488,0.30648445852315526
38.483333333333334,1.2,1.2828296140938684,0.14042497724888842,677.5002857410918,0.3064939085504448
38.5,1.2,1.2828098574066467,0.14038446952224728,677.5211544056626,0.30650334931188083
38.516666666666666,1.2,1.2827901209920904,0.14034400436583067,677.5420026192895,0.3065127808215278
38.53333333333333,1.2,1.2827704048180792,0.14030358171066762,677.5628304129986,0.3065222030934216
38.55,1.2,1.2827507088525596,0.14026320148793542,677.5836378177543,0.3065316161415702
38.56666666666667,1.2,1.2827310330635462,0.1402228636289592,677.6044248644581,0.30654101997995303
38.583333333333336,1.2,1.2827113774191194,0.14018256806521107,677.6251915839501,0.30655041462252197
38.6,1.2,1.2826917418874277,0.14014231472831026,677.6459380070087,0.3065598000832007
38.61666666666667,1.2,1.2826721264366858,0.14010210355002253,677.6666641643499,0.30656917637588493
38.63333333333333,1.2,1.282652531035175,0.1400619344622595,677.6873700866289,0.30657854351444264
38.65,1.2,1.2826329556512428,0.14002180739707892,677.7080558044391,0.30658790151271403
38.666666666666664,1.2,1.2826134002533034,0.13998172228668362,677.7287213483128,0.3065972503845116
38.68333333333333,1.2,1.2825938648098367,0.13994167906342156,677.7493667487212,0.30660659014362
38.7,1.2,1.2825743492893886,0.13990167765978537,677.7699920360744,0.30661592080379674
38.71666666666667,1.2,1.2825548536605704,0.13986171800841163,677.7905972407223,0.30662524237877153
38.733333333333334,1.2,1.2825353778920598,0.13982180004208095,677.8111823929532,0.3066345548822467
38.75,1.2,1.2825159219525988,0.13978192369371742,677.831747522996,0.3066438583278973
38.766666666666666,1.2,1.282496485810995,0.13974208889638828,677.8522926610183,0.30665315272937094
38.78333333333333,1.2,1.2824770694361216,0.13970229558330316,677.8728178371282,0.3066624381002881
38.8,1.2,1.282457672796916,0.1396625436878144,677.8933230813733,0.3066717144542421
38.81666666666667,1.2,1.2824382958623803,0.13962283314341603,677.9138084237417,0.30668098180479914
38.833333333333336,1.2,1.2824189386015818,0.13958316388374387,677.9342738941613,0.3066902401654984
38.85,1.2,1.2823996009836514,0.13954353584257487,677.9547195225008,0.3066994895498521
38.86666666666667,1.2,1.2823802829777842,0.1395039489538268,677.9751453385694,0.3067087299713456
38.88333333333333,1.2,1.2823609845532404,0.13946440315155795,677.9955513721166,0.30671796144343716
38.9,1.2,1.2823417056793431,0.13942489836996672,678.0159376528331,0.3067271839795587
38.916666666666664,1.2,1.2823224463254794,0.13938543454339122,678.0363042103505,0.3067363975931153
38.93333333333333,1.2,1.2823032064611,0.13934601160630916,678.0566510742414,0.30674560229748493
38.95,1.2,1.2822839860557187,0.13930662949333686,678.0769782740199,0.3067547981060198
38.96666666666667,1.2,1.2822647850789128,0.13926728813922976,678.0972858391413,0.3067639850320451
38.983333333333334,1.2,1.2822456035003231,0.13922798747888124,678.1175737990023,0.30677316308885955
39.0,1.2,1.282226441289652,0.13918872744732275,678.137842182942,0.3067823322897358
39.016666666666666,1.2,1.2822072984166666,0.1391495079797232,678.1580910202404,0.3067914926479198
39.03333333333333,1.2,1.2821881748511945,0.13911032901138887,678.1783203401199,0.30680064417663155
39.05,1.2,1.2821690705631272,0.1390711904777629,678.1985301717451,0.30680978688906485
39.06666666666667,1.2,1.282149985522418,0.13903209231442465,678.2187205442228,0.30681892079838713
39.083333333333336,1.2,1.2821309196990824,0.13899303445709005,678.2388914866023,0.30682804591774
39.1,1.2,1.2821118730631975,0.13895401684161038,678.2590430278751,0.3068371622602391
39.11666666666667,1.2,1.2820928455849028,0.1389150394039728,678.2791751969754,0.30684626983897373
39.13333333333333,1.2,1.2820738372343985,0.13887610208029919,678.299288022781,0.3068553686670081
39.15,1.2,1.2820548479819476,0.1388372048068463,678.3193815341115,0.30686445875737967
39.166666666666664,1.2,1.2820358777978733,0.13879834752000536,678.3394557597302,0.3068735401231008
39.18333333333333,1.2,1.2820169266525605,0.1387595301563015,678.3595107283436,0.306882612777158
39.2,1.2,1.281997994516455,0.13872075265239356,678.3795464686016,0.30689167673251216
39.21666666666667,1.2,1.2819790813600633,0.13868201494507354,678.3995630090976,0.30690073200209866
39.233333333333334,1.2,1.2819601871539532,0.1386433169712668,678.4195603783684,0.30690977859882707
39.25,1.2,1.2819413118687522,0.13860465866803107,678.4395386048948,0.30691881653558206
39.266666666666666,1.2,1.281922455475149,0.13856603997255654,678.4594977171015,0.3069278458252224
39.28333333333333,1.2,1.2819036179438912,0.13852746082216527,678.4794377433574,0.3069368664805822
39.3,1.2,1.2818847992457894,0.1384889211543109,678.4993587119747,0.30694587851446925
39.31666666666667,1.2,1.28186599935171,0.1384504209065785,678.5192606512114,0.30695488193966747
39.333333333333336,1.2,1.281847218232583,0.1384119600166839,678.5391435892687,0.30696387676893455
39.35,1.2,1.281828455859396,0.13837353842247385,678.559007554293,0.3069728630150037
39.36666666666667,1.2,1.2818097122031964,0.13833515606192487,678.5788525743752,0.30698184069058293
39.38333333333333,1.2,1.2817909872350914,0.13829681287314377,678.598678677551,0.3069908098083554
39.4,1.2,1.2817722809262466,0.13825850879436682,678.6184858918015,0.30699977038097936
39.416666666666664,1.2,1.2817535932478874,0.13822024376395955,678.6382742450525,0.3070087224210881
39.43333333333333,1.2,1.2817349241712976,0.13818201772041647,678.6580437651749,0.30701766594129026
39.45,1.2,1.2817162736678203,0.13814383060236066,678.6777944799857,0.30702660095416984
39.46666666666667,1.2,1.2816976417088566,0.13810568234854345,678.6975264172465,0.307035527472286
39.483333333333334,1.2,1.281679028265866,0.13806757289784405,678.7172396046655,0.3070444455081735
39.5,1.2,1.2816604333103676,0.13802950218926924,678.7369340698957,0.30705335507434234
39.516666666666666,1.2,1.2816418568139367,0.13799147016195334,678.7566098405367,0.30706225618327826
39.53333333333333,1.2,1.2816232987482077,0.13795347675515723,678.7762669441341,0.30707114884744263
39.55,1.2,1.281604759084873,0.13791552190826867,678.7959054081795,0.3070800330792723
39.56666666666667,1.2,1.2815862377956824,0.13787760556080167,678.8155252601102,0.3070889088911797
39.583333333333336,1.2,1.2815677348524428,0.1378397276523961,678.8351265273111,0.3070977762955534
39.6,1.2,1.2815492502270198,0.1378018881228176,678.8547092371131,0.30710663530475757
39.61666666666667,1.2,1.281530783891335,0.1377640869119569,678.8742734167934,0.3071154859311322
39.63333333333333,1.2,1.2815123358173681,0.1377263239598301,678.8938190935766,0.3071243281869933
39.65,1.2,1.2814939059771548,0.1376885992065776,678.9133462946337,0.307133162084633
39.666666666666664,1.2,1.2814754943427886,0.13765091259246448,678.9328550470834,0.30714198763631917
39.68333333333333,1.2,1.281457100886419,0.1376132640578797,678.9523453779909,0.3071508048542961
39.7,1.2,1.2814387255802526,0.1375756535433357,678.9718173143696,0.3071596137507842
39.71666666666667,1.2,1.2814203683965524,0.13753808098946885,678.9912708831791,0.30716841433797976
39.733333333333334,1.2,1.2814020293076371,0.1375005463370383,679.0107061113277,0.30717720662805587
39.75,1.2,1.2813837082858823,0.137463049526926,679.0301230256708,0.30718599063316143
39.766666666666666,1.2,1.281365405303719,0.13742559050013634,679.0495216530121,0.3071947663654223
39.78333333333333,1.2,1.2813471203336344,0.13738816919779584,679.0689020201024,0.30720353383694027
39.8,1.2,1.2813288533481715,0.13735078556115307,679.0882641536413,0.3072122930597939
39.81666666666667,1.2,1.2813106043199285,0.13731343953157776,679.1076080802765,0.30722104404603834
39.833333333333336,1.2,1.2812923732215589,0.13727613105056116,679.1269338266038,0.3072297868077053
39.85,1.2,1.2812741600257727,0.13723886005971536,679.1462414191676,0.30723852135680313
39.86666666666667,1.2,1.2812559647053339,0.13720162650077294,679.1655308844606,0.3072472477053168
39.88333333333333,1.2,1.2812377872330618,0.1371644303155869,679.1848022489245,0.30725596586520826
39.9,1.2,1.2812196275818306,0.13712727144613007,679.2040555389498,0.30726467584841644
39.916666666666664,1.2,1.2812014857245697,0.1370901498344951,679.2232907808755,0.30727337766685664
39.93333333333333,1.2,1.2811833616342627,0.13705306542289403,679.2425080009901,0.30728207133242164
39.95,1.2,1.2811652552839474,0.1370160181536578,679.2617072255313,0.307290756856981
39.96666666666667,1.2,1.2811471666467165,0.13697900796923623,679.2808884806857,0.30729943425238126
39.983333333333334,1.2,1.281129095695717,0.13694203481219763,679.3000517925893,0.30730810353044613
40.0,1.2,1.2811110424041494,0.13690509862522834,679.3191971873284,0.3073167647029767
40.016666666666666,1.2,1.2810930067452682,0.13686819935113279,679.3383246909382,0.30732541778175104
40.03333333333333,1.2,1.281074988692383,0.13683133693283284,679.3574343294034,0.30733406277852443
40.05,1.2,1.2810569882188547,0.1367945113133675,679.3765261286599,0.30734269970502986
40.06666666666667,1.2,1.2810390052981002,0.13675772243589304,679.395600114592,0.30735132857297726
40.083333333333336,1.2,1.281021039903588,0.1367209702436821,679.4146563130354,0.3073599493940543
40.1,1.2,1.281003092008841,0.136684254680124,679.4336947497753,0.30736856217992603
40.11666666666667,1.2,1.2809851615874348,0.13664757568872365,679.4527154505475,0.307377166942235
40.13333333333333,1.2,1.280967248612998,0.13661093321310247,679.4717184410385,0.3073857636926015
40.15,1.2,1.2809493530592122,0.13657432719699672,679.4907037468851,0.30739435244262325
40.166666666666664,1.2,1.2809314748998115,0.1365377575842582,679.5096713936748,0.30740293320387596
40.18333333333333,1.2,1.2809136141085835,0.1365012243188536,679.528621406946,0.3074115059879128
40.2,1.2,1.2808957706593667,0.13646472734486412,679.5475538121882,0.30742007080626504
40.21666666666667,1.2,1.2808779445260536,0.13642826660648522,679.5664686348417,0.30742862767044155
40.233333333333334,1.2,1.2808601356825882,0.13639184204802676,679.5853659002984,0.30743717659192926
40.25,1.2,1.2808423441029662,0.136355453613912,679.604245633901,0.3074457175821931
40.266666666666666,1.2,1.280824569761236,0.13631910124867777,679.623107860944,0.3074542506526759
40.28333333333333,1.2,1.2808068126314975,0.1362827848969742,679.6419526066729,0.30746277581479864
40.3,1.2,1.2807890726879028,0.13624650450356418,679.6607798962856,0.30747129307996035
40.31666666666667,1.2,1.280771349904655,0.13621026001332334,679.679589754931,0.30747980245953827
40.333333333333336,1.2,1.2807536442560086,0.13617405137123945,679.6983822077104,0.3074883039648879
40.35,1.2,1.2807359557162699,0.13613787852241252,679.7171572796768,0.307496797607343
40.36666666666667,1.2,1.2807182842597964,0.13610174141205417,679.7359149958355,0.30750528339821565
40.38333333333333,1.2,1.280700629860996,0.13606563998548774,679.7546553811438,0.30751376134879627
40.4,1.2,1.2806829924943288,0.13602957418814748,679.7733784605115,0.30752223147035385
40.416666666666664,1.2,1.2806653721343049,0.13599354396557875,679.7920842588005,0.30753069377413556
40.43333333333333,1.2,1.280647768755485,0.13595754926343753,679.8107728008256,0.3075391482713674
40.45,1.2,1.2806301823324804,0.1359215900274902,679.8294441113541,0.30754759497325385
40.46666666666667,1.2,1.2806126128399538,0.13588566620361314,679.848098215106,0.30755603389097796
40.483333333333334,1.2,1.2805950602526168,0.1358497777377925,679.8667351367545,0.3075644650357016
40.5,1.2,1.2805775245452324,0.13581392457612407,679.8853549009256,0.3075728884185654
40.516666666666666,1.2,1.2805600056926132,0.13577810666481302,679.903957532198,0.3075813040506883
40.53333333333333,1.2,1.280542503669622,0.13574232395017327,679.922543055104,0.30758971194316864
40.55,1.2,1.280525018451171,0.13570657637862765,679.9411114941295,0.30759811210708354
40.56666666666667,1.2,1.2805075500122227,0.1356708638967074,679.959662873713,0.3076065045534887
40.583333333333336,1.2,1.2804900983277885,0.13563518645105185,679.9781972182475,0.30761488929341924
40.6,1.2,1.2804726633729302,0.1355995439884083,679.996714552079,0.30762326633788895
40.61666666666667,1.2,1.280455245122758,0.13556393645563164,680.0152148995074,0.3076316356978911
40.63333333333333,1.2,1.2804378435524324,0.13552836379968422,680.0336982847863,0.3076399973843975
40.65,1.2,1.280420458637162,0.1354928259676355,680.0521647321237,0.3076483514083597
40.666666666666664,1.2,1.2804030903522048,0.13545732290666163,680.0706142656815,0.30765669778070825
40.68333333333333,1.2,1.2803857386728683,0.13542185456404543,680.0890469095754,0.3076650365123529
40.7,1.2,1.2803684035745075,0.13538642088717598,680.1074626878757,0.30767336761418274
40.71666666666667,1.2,1.280351085032527,0.13535102182354863,680.1258616246073,0.30768169109706645
40.733333333333334,1.2,1.2803337830223798,0.135315657320764,680.1442437437495,0.30769000697185184
40.75,1.2,1.280316497519567,0.13528032732652862,680.1626090692356,0.3076983152493663
40.766666666666666,1.2,1.2802992284996384,0.1352450317886542,680.1809576249547,0.3077066159404168
40.78333333333333,1.2,1.2802819759381918,0.13520977065505743,680.1992894347496,0.3077149090557898
40.8,1.2,1.2802647398108729,0.13517454387375963,680.2176045224189,0.30772319460625136
40.81666666666667,1.2,1.280247520093378,0.1351393513928924,680.2359029117129,0.3077314726025458
40.833333333333336,1.2,1.2802303167614428,0.13510419316067324,680.2541846263464,0.30773974305540164
40.85,1.2,1.2802131297908594,0.13506906912544184,680.2724496899801,0.3077480059755226
40.86666666666667,1.2,1.2801959591574648,0.13503397923563684,680.2906981262328,0.30775626137359363
40.88333333333333,1.2,1.2801788048371443,0.13499892343979958,680.3089299586783,0.3077645092602792
40.9,1.2,1.2801616668058284,0.1349639016865745,680.3271452108471,0.3077727496462244
40.916666666666664,1.2,1.280144545039497,0.1349289139247087,680.3453439062245,0.3077809825420535
40.93333333333333,1.2,1.2801274395141762,0.13489396010305207,680.363526068252,0.3077892079583714
40.95,1.2,1.2801103502059383,0.13485904017055686,680.381691720327,0.3077974259057628
40.96666666666667,1.2,1.2800932770909041,0.13482415407627762,680.3998408858027,0.3078056363947923
40.983333333333334,1.2,1.28007622014524,0.13478930176937054,680.4179735879884,0.30781383943600493
41.0,1.2,1.28005917934516,0.13475448319909372,680.4360898501494,0.3078220350399255
41.016666666666666,1.2,1.2800421546669232,0.13471969831480643,680.4541896955077,0.30783022321705955
41.03333333333333,1.2,1.2800251460868368,0.13468494706596934,680.4722731472413,0.30783840397789247
41.05,1.2,1.2800081535812535,0.13465022940214377,680.4903402284847,0.3078465773328902
41.06666666666667,1.2,1.2799911771265724,0.1346155452729919,680.508390962329,0.3078547432924988
41.083333333333336,1.2,1.2799742166992385,0.13458089462827622,680.5264253718221,0.3078629018671448
41.1,1.2,1.279957272275743,0.1345462774178594,680.5444434799688,0.30787105306723545
41.11666666666667,1.2,1.2799403438326231,0.134511693591704,680.5624453097302,0.3078791969031581
41.13333333333333,1.2,1.2799234313464618,0.1344771430998722,680.5804308840248,0.3078873333852809
41.15,1.2,1.2799065347938872,0.1344426258925256,680.5984002257284,0.3078954625239524
41.166666666666664,1.2,1.2798896541515736,0.13440814191992514,680.6163533576732,0.30790358432950193
41.18333333333333,1.2,1.279872789396241,0.13437369113243056,680.6342903026494,0.3079116988122393
41.2,1.2,1.2798559405046535,0.1343392734805003,680.6522110834044,0.3079198059824552
41.21666666666667,1.2,1.2798391074536215,0.13430488891469114,680.6701157226427,0.30792790585042107
41.233333333333334,1.2,1.2798222902200003,0.13427053738565825,680.6880042430269,0.30793599842638913
41.25,1.2,1.2798054887806907,0.1342362188441547,680.7058766671765,0.30794408372059223
41.266666666666666,1.2,1.279788703112637,0.13420193324103125,680.7237330176699,0.3079521617432445
41.28333333333333,1.2,1.27977193319283,0.134167680527236,680.7415733170423,0.30796023250454074
41.3,1.2,1.2797551789983033,0.13413346065381454,680.7593975877874,0.30796829601465686
41.31666666666667,1.2,1.279738440506137,0.13409927357190932,680.7772058523566,0.3079763522837496
41.333333333333336,1.2,1.2797217176934548,0.1340651192327596,680.7949981331599,0.3079844013219569
41.35,1.2,1.2797050105374246,0.1340309975877013,680.8127744525651,0.3079924431393979
41.36666666666667,1.2,1.2796883190152586,0.13399690858816626,680.8305348328987,0.3080004777461728
41.38333333333333,1.2,1.2796716431042137,0.13396285218568277,680.8482792964453,0.3080085051523629
41.4,1.2,1.2796549827815902,0.13392882833187472,680.8660078654483,0.3080165253680308
41.416666666666664,1.2,1.279638338024733,0.1338948369784616,680.8837205621095,0.30802453840322047
41.43333333333333,1.2,1.27962170881103,0.1338608780772583,680.9014174085896,0.3080325442679571
41.45,1.2,1.2796050951179134,0.1338269515801749,680.9190984270082,0.30804054297224753
41.46666666666667,1.2,1.2795884969228595,0.1337930574392164,680.9367636394434,0.3080485345260794
41.483333333333334,1.2,1.2795719142033872,0.13375919560648217,680.9544130679326,0.3080565189394224
41.5,1.2,1.279555346937059,0.13372536603416627,680.9720467344723,0.3080644962222274
41.516666666666666,1.2,1.2795387951014814,0.1336915686745568,680.9896646610182,0.3080724663844269
41.53333333333333,1.2,1.2795222586743034,0.13365780348003603,681.0072668694852,0.3080804294359351
41.55,1.2,1.279505737633217,0.13362407040307983,681.0248533817474,0.3080883853866476
41.56666666666667,1.2,1.2794892319559583,0.13359036939625749,681.042424219639,0.3080963342464418
41.583333333333336,1.2,1.2794727416203053,0.1335567004122318,681.0599794049529,0.30810427602517665
41.6,1.2,1.279456266604079,0.13352306340375839,681.0775189594423,0.3081122107326932
41.61666666666667,1.2,1.2794398068851431,0.13348945832368586,681.0950429048198,0.3081201383788138
41.63333333333333,1.2,1.2794233624414044,0.13345588512495538,681.1125512627581,0.308128058973343
41.65,1.2,1.2794069332508116,0.13342234376060041,681.1300440548897,0.3081359725260673
41.666666666666664,1.2,1.279390519291356,0.1333888341837467,681.147521302807,0.3081438790467546
41.68333333333333,1.2,1.2793741205410711,0.13335535634761192,681.1649830280627,0.3081517785451552
41.7,1.2,1.279357736978033,0.13332191020550532,681.1824292521698,0.30815967103100145
41.71666666666667,1.2,1.2793413685803596,0.13328849571082782,681.199859996601,0.3081675565140073
41.733333333333334,1.2,1.2793250153262108,0.13325511281707136,681.2172752827902,0.3081754350038692
41.75,1.2,1.279308677193788,0.1332217614778191,681.2346751321313,0.3081833065102656
41.766666666666666,1.2,1.2792923541613355,0.13318844164674504,681.2520595659788,0.30819117104285687
41.78333333333333,1.2,1.279276046207138,0.13315515327761362,681.2694286056479,0.30819902861128606
41.8,1.2,1.2792597533095231,0.1331218963242799,681.2867822724146,0.3082068792251779
41.81666666666667,1.2,1.2792434754468587,0.13308867074068886,681.3041205875155,0.3082147228941398
41.833333333333336,1.2,1.279227212597555,0.13305547648087554,681.3214435721486,0.30822255962776146
41.85,1.2,1.2792109647400627,0.1330223134989647,681.3387512474724,0.3082303894356148
41.86666666666667,1.2,1.2791947318528747,0.13298918174917065,681.3560436346069,0.3082382123272542
41.88333333333333,1.2,1.2791785139145242,0.13295608118579688,681.3733207546328,0.30824602831221637
41.9,1.2,1.279162310903586,0.1329230117632361,681.3905826285926,0.3082538374000208
41.916666666666664,1.2,1.279146122798675,0.13288997343596975,681.4078292774899,0.30826163960016917
41.93333333333333,1.2,1.2791299495784476,0.13285696615856818,681.4250607222897,0.30826943492214587
41.95,1.2,1.2791137912216013,0.13282398988568977,681.4422769839186,0.3082772233754179
41.96666666666667,1.2,1.2790976477068732,0.13279104457208146,681.4594780832651,0.30828500496943495
41.983333333333334,1.2,1.2790815190130413,0.13275813017257815,681.4766640411789,0.30829277971362923
42.0,1.2,1.2790654051189245,0.13272524664210236,681.493834878472,0.3083005476174158
42.016666666666666,1.2,1.279049306003382,0.13269239393566434,681.5109906159176,0.3083083086901924
42.03333333333333,1.2,1.2790332216453122,0.13265957200836165,681.5281312742518,0.3083160629413397
42.05,1.2,1.279017152023655,0.13262678081537913,681.5452568741721,0.3083238103802209
42.06666666666667,1.2,1.27900109711739,0.13259402031198855,681.5623674363381,0.3083315510161825
42.083333333333336,1.2,1.2789850569055354,0.13256129045354825,681.5794629813722,0.3083392848585536
42.1,1.2,1.278969031367152,0.1325285911955033,681.5965435298585,0.30834701191664626
42.11666666666667,1.2,1.2789530204813377,0.13249592249338518,681.613609102344,0.30835473219975584
42.13333333333333,1.2,1.2789370242272313,0.13246328430281132,681.6306597193376,0.30836244571716026
42.15,1.2,1.2789210425840116,0.1324306765794851,681.6476954013111,0.3083701524781208
42.166666666666664,1.2,1.278905075530896,0.1323980992791956,681.6647161686994,0.30837785249188193
42.18333333333333,1.2,1.2788891230471418,0.13236555235781755,681.6817220418993,0.3083855457676709
42.2,1.2,1.2788731851120452,0.13233303577131075,681.6987130412709,0.30839323231469856
42.21666666666667,1.2,1.278857261704942,0.13230054947572034,681.7156891871372,0.3084009121421587
42.233333333333334,1.2,1.2788413528052076,0.13226809342717627,681.732650499784,0.3084085852592284
42.25,1.2,1.2788254583922551,0.13223566758189303,681.7495969994603,0.3084162516750682
42.266666666666666,1.2,1.2788095784455382,0.1322032718961699,681.766528706378,0.3084239113988216
42.28333333333333,1.2,1.2787937129445481,0.1321709063263902,681.7834456407129,0.30843156443961595
42.3,1.2,1.2787778618688148,0.13213857082902147,681.8003478226034,0.3084392108065617
42.31666666666667,1.2,1.2787620251979084,0.13210626536061507,681.8172352721516,0.3084468505087529
42.333333333333336,1.2,1.2787462029114356,0.13207398987780597,681.8341080094232,0.3084544835552669
42.35,1.2,1.2787303949890434,0.13204174433731297,681.850966054447,0.3084621099551646
42.36666666666667,1.2,1.278714601410416,0.13200952869593777,681.8678094272161,0.30846972971749065
42.38333333333333,1.2,1.2786988221552764,0.1319773429105653,681.8846381476869,0.30847734285127315
42.4,1.2,1.2786830572033856,0.13194518693816343,681.9014522357797,0.30848494936552373
42.416666666666664,1.2,1.2786673065345433,0.1319130607357828,681.9182517113786,0.30849254926923775
42.43333333333333,1.2,1.2786515701285865,0.1318809642605563,681.9350365943319,0.3085001425713945
42.45,1.2,1.2786358479653905,0.13184889746969924,681.9518069044518,0.3085077292809568
42.46666666666667,1.2,1.2786201400248687,0.1318168603205091,681.9685626615145,0.30851530940687105
42.483333333333334,1.2,1.2786044462869715,0.1317848527703654,681.9853038852609,0.30852288295806796
42.5,1.2,1.2785887667316878,0.13175287477672887,682.0020305953956,0.3085304499434615
42.516666666666666,1.2,1.2785731013390442,0.13172092629714244,682.0187428115879,0.3085380103719501
42.53333333333333,1.2,1.2785574500891037,0.13168900728922983,682.0354405534715,0.30854556425241564
42.55,1.2,1.2785418129619681,0.1316571177106961,682.0521238406446,0.3085531115937242
42.56666666666667,1.2,1.2785261899377756,0.1316252575193275,682.06879269267,0.3085606524047258
42.583333333333336,1.2,1.2785105809967021,0.13159342667299057,682.0854471290752,0.3085681866942545
42.6,1.2,1.2784949861189605,0.13156162512963276,682.1020871693526,0.30857571447112836
42.61666666666667,1.2,1.2784794052848012,0.1315298528472817,682.1187128329591,0.30858323574414964
42.63333333333333,1.2,1.2784638384745106,0.1314981097840453,682.1353241393168,0.3085907505221045
42.65,1.2,1.278448285668413,0.13146639589811132,682.1519211078131,0.3085982588137637
42.666666666666664,1.2,1.2784327468468693,0.13143471114774752,682.1685037577997,0.30860576062788164
42.68333333333333,1.2,1.2784172219902765,0.13140305549130119,682.1850721085941,0.3086132559731975
42.7,1.2,1.2784017110790693,0.13137142888719897,682.201626179479,0.30862074485843444
42.71666666666667,1.2,1.2783862140937179,0.1313398312939469,682.218165989702,0.3086282272923
42.733333333333334,1.2,1.2783707310147303,0.13130826267013007,682.2346915584761,0.30863570328348583
42.75,1.2,1.2783552618226495,0.13127672297441212,682.2512029049806,0.3086431728406684
42.766666666666666,1.2,1.2783398064980556,0.13124521216553575,682.2677000483593,0.30865063597250836
42.78333333333333,1.2,1.2783243650215648,0.13121373020232188,682.284183007722,0.3086580926876506
42.8,1.2,1.2783089373738294,0.13118227704366994,682.3006518021448,0.308665542994725
42.81666666666667,1.2,1.2782935235355382,0.13115085264855736,682.3171064506685,0.30867298690234535
42.833333333333336,1.2,1.2782781234874148,0.1311194569760394,682.3335469723006,0.3086804244191106
42.85,1.2,1.2782627372102202,0.1310880899852495,682.349973386014,0.3086878555536037
42.86666666666667,1.2,1.2782473646847499,0.13105675163539823,682.3663857107481,0.3086952803143928
42.88333333333333,1.2,1.2782320058918364,0.1310254418857738,682.3827839654075,0.30870269871003003
42.9,1.2,1.2782166608123464,0.13099416069574155,682.3991681688643,0.3087101107490529
42.916666666666664,1.2,1.278201329427184,0.13096290802474378,682.4155383399553,0.3087175164399832
42.93333333333333,1.2,1.278186011717287,0.1309316838322997,682.431894497485,0.30872491579132755
42.95,1.2,1.2781707076636293,0.1309004880780052,682.4482366602233,0.30873230881157754
42.96666666666667,1.2,1.2781554172472205,0.13086932072153262,682.4645648469069,0.30873969550920927
42.983333333333334,1.2,1.2781401404491053,0.13083818172263068,682.480879076239,0.30874707589268396
43.0,1.2,1.2781248772503628,0.13080707104112416,682.4971793668896,0.30875444997044765
43.016666666666666,1.2,1.2781096276321082,0.13077598863691378,682.513465737495,0.30876181775093137
43.03333333333333,1.2,1.2780943915754917,0.13074493446997618,682.5297382066583,0.30876917924255076
43.05,1.2,1.278079169061697,0.13071390850036338,682.5459967929497,0.3087765344537069
43.06666666666667,1.2,1.2780639600719446,0.13068291068820292,682.5622415149063,0.30878388339278573
43.083333333333336,1.2,1.2780487645874885,0.13065194099369754,682.5784723910315,0.3087912260681579
43.1,1.2,1.2780335825896172,0.1306209993771252,682.5946894397966,0.3087985624881799
43.11666666666667,1.2,1.2780184140596549,0.13059008579883855,682.6108926796396,0.3088058926611926
43.13333333333333,1.2,1.2780032589789596,0.13055920021926495,682.6270821289655,0.3088132165955224
43.15,1.2,1.2779881173289236,0.1305283425989066,682.6432578061472,0.30882053429948086
43.166666666666664,1.2,1.2779729890909741,0.13049751289833983,682.6594197295238,0.30882784578136463
43.18333333333333,1.2,1.2779578742465725,0.130466711078215,682.6755679174032,0.30883515104945575
43.2,1.2,1.277942772777214,0.13043593709925688,682.6917023880595,0.3088424501120214
43.21666666666667,1.2,1.2779276846644279,0.13040519092226371,682.7078231597354,0.30884974297731427
43.233333333333334,1.2,1.2779126098897782,0.13037447250810769,682.7239302506403,0.3088570296535721
43.25,1.2,1.2778975484348623,0.13034378181773443,682.740023678952,0.3088643101490184
43.266666666666666,1.2,1.277882500281312,0.13031311881216273,682.7561034628155,0.30887158447186186
43.28333333333333,1.2,1.277867465410792,0.1302824834524848,682.7721696203441,0.3088788526302965
43.3,1.2,1.2778524438050023,0.13025187569986577,682.7882221696184,0.30888611463250204
43.31666666666667,1.2,1.2778374354456747,0.13022129551554348,682.8042611286877,0.30889337048664367
43.333333333333336,1.2,1.277822440314576,0.1301907428608285,682.8202865155689,0.30890062020087206
43.35,1.2,1.277807458393506,0.1301602176971039,682.8362983482468,0.30890786378332324
43.36666666666667,1.2,1.2777924896642976,0.130129719985825,682.8522966446752,0.3089151012421195
43.38333333333333,1.2,1.277777534108818,0.13009924968851938,682.868281422775,0.30892233258536794
43.4,1.2,1.2777625917089668,0.13006880676678656,682.8842527004364,0.30892955782116194
43.416666666666664,1.2,1.277747662446677,0.13003839118229774,682.9002104955173,0.3089367769575802
43.43333333333333,1.2,1.2777327463039152,0.13000800289679593,682.9161548258445,0.30894399000268746
43.45,1.2,1.2777178432626803,0.12997764187209554,682.9320857092132,0.308951196964534
43.46666666666667,1.2,1.277702953305005,0.12994730807008237,682.9480031633872,0.30895839785115586
43.483333333333334,1.2,1.2776880764129543,0.1299170014527133,682.9639072060987,0.30896559267057516
43.5,1.2,1.2776732125686263,0.12988672198201623,682.979797855049,0.3089727814307996
43.516666666666666,1.2,1.2776583617541517,0.1298564696200899,682.995675127908,0.3089799641398229
43.53333333333333,1.2,1.2776435239516941,0.1298262443291037,683.0115390423147,0.3089871408056247
43.55,1.2,1.2776286991434496,0.12979604607129744,683.0273896158764,0.3089943114361705
43.56666666666667,1.2,1.2776138873116467,0.12976587480898139,683.0432268661702,0.30900147603941186
43.583333333333336,1.2,1.2775990884385464,0.1297357305045358,683.0590508107418,0.3090086346232863
43.6,1.2,1.2775843025064426,0.12970561312041115,683.0748614671061,0.3090157871957174
43.61666666666667,1.2,1.277569529497661,0.12967552261912768,683.0906588527472,0.3090229337646147
43.63333333333333,1.2,1.2775547693945595,0.12964545896327528,683.1064429851186,0.30903007433787416
43.65,1.2,1.2775400221795281,0.12961542211551344,683.122213881643,0.3090372089233774
43.666666666666664,1.2,1.2775252878349896,0.12958541203857085,683.1379715597125,0.3090443375289925
43.68333333333333,1.2,1.2775105663433983,0.12955542869524572,683.1537160366887,0.3090514601625738
43.7,1.2,1.2774958576872402,0.12952547204840487,683.1694473299028,0.30905857683196153
43.71666666666667,1.2,1.2774811618490334,0.1294955420609844,683.1851654566556,0.30906568754498254
43.733333333333334,1.2,1.2774664788113284,0.1294656386959889,683.2008704342174,0.30907279230944973
43.75,1.2,1.2774518085567064,0.12943576191649178,683.2165622798284,0.30907989113316225
43.766666666666666,1.2,1.2774371510677813,0.12940591168563448,683.2322410106985,0.30908698402390583
43.78333333333333,1.2,1.2774225063271976,0.12937608796662703,683.2479066440075,0.30909407098945224
43.8,1.2,1.2774078743176323,0.12934629072274745,683.2635591969052,0.30910115203756017
43.81666666666667,1.2,1.2773932550217928,0.12931651991734175,683.2791986865112,0.3091082271759741
43.833333333333336,1.2,1.277378648422419,0.1292867755138235,683.2948251299155,0.30911529641242536
43.85,1.2,1.2773640545022815,0.12925705747567418,683.3104385441777,0.3091223597546316
43.86666666666667,1.2,1.2773494732441817,0.12922736576644261,683.3260389463281,0.3091294172102972
43.88333333333333,1.2,1.277334904630953,0.12919770034974515,683.3416263533672,0.30913646878711293
43.9,1.2,1.2773203486454598,0.12916806118926494,683.3572007822654,0.30914351449275607
43.916666666666664,1.2,1.2773058052705972,0.12913844824875237,683.3727622499639,0.3091505543348905
43.93333333333333,1.2,1.2772912744892908,0.1291088614920247,683.3883107733741,0.30915758832116697
43.95,1.2,1.2772767562844989,0.12907930088296576,683.4038463693779,0.3091646164592225
43.96666666666667,1.2,1.277262250639208,0.12904976638552626,683.419369054828,0.3091716387566812
43.983333333333334,1.2,1.2772477575364376,0.12902025796372282,683.4348788465478,0.3091786552211536
44.0,1.2,1.2772332769592367,0.12899077558163885,683.450375761331,0.30918566586023727
44.016666666666666,1.2,1.2772188088906855,0.1289613192034234,683.4658598159422,0.3091926706815161
44.03333333333333,1.2,1.2772043533138944,0.12893188879329173,683.4813310271169,0.30919966969256124
44.05,1.2,1.277189910212004,0.12890248431552476,683.496789411562,0.3092066629009305
44.06666666666667,1.2,1.2771754795681862,0.1288731057344692,683.512234985954,0.30921365031416836
44.083333333333336,1.2,1.2771610613656421,0.12884375301453715,683.5276677669419,0.30922063193980653
44.1,1.2,1.2771466555876048,0.12881442612020613,683.5430877711449,0.3092276077853633
44.11666666666667,1.2,1.2771322622173351,0.12878512501601883,683.5584950151535,0.30923457785834424
44.13333333333333,1.2,1.2771178812381263,0.12875584966658293,683.5738895155296,0.30924154216624156
44.15,1.2,1.2771035126333006,0.12872660003657113,683.5892712888061,0.30924850071653476
44.166666666666664,1.2,1.2770891563862103,0.12869737609072085,683.6046403514875,0.30925545351669015
44.18333333333333,1.2,1.2770748124802378,0.1286681777938342,683.6199967200495,0.30926240057416116
44.2,1.2,1.2770604808987955,0.12863900511077744,683.6353404109391,0.3092693418963884
44.21666666666667,1.2,1.2770461616253252,0.12860985800648156,683.6506714405751,0.3092762774907994
44.233333333333334,1.2,1.2770318546432986,0.12858073644594142,683.665989825348,0.3092832073648091
44.25,1.2,1.2770175599362177,0.128551640394216,683.6812955816195,0.30929013152581936
44.266666666666666,1.2,1.2770032774876132,0.1285225698164283,683.6965887257229,0.30929704998121915
44.28333333333333,1.2,1.2769890072810455,0.12849352467776481,683.7118692739641,0.3093039627383852
44.3,1.2,1.2769747493001051,0.1284645049434758,683.7271372426197,0.3093108698046808
44.31666666666667,1.2,1.276960503528411,0.12843551057887498,683.742392647939,0.30931777118745696
44.333333333333336,1.2,1.2769462699496126,0.12840654154933911,683.7576355061431,0.3093246668940518
44.35,1.2,1.2769320485473876,0.1283775978203085,683.7728658334246,0.30933155693179093
44.36666666666667,1.2,1.276917839305443,0.12834867935728614,683.7880836459487,0.3093384413079872
44.38333333333333,1.2,1.2769036422075162,0.12831978612583808,683.8032889598526,0.3093453200299408
44.4,1.2,1.2768894572373723,0.1282909180915931,683.8184817912452,0.30935219310493944
44.416666666666664,1.2,1.2768752843788056,0.12826207522024244,683.8336621562083,0.3093590605402582
44.43333333333333,1.2,1.27686112361564,0.12823325747753994,683.8488300707958,0.3093659223431597
44.45,1.2,1.2768469749317277,0.12820446482930167,683.8639855510336,0.30937277852089395
44.46666666666667,1.2,1.2768328383109502,0.12817569724140587,683.8791286129205,0.3093796290806986
44.483333333333334,1.2,1.2768187137372173,0.12814695467979278,683.8942592724271,0.3093864740297986
44.5,1.2,1.2768046011944678,0.12811823711046466,683.9093775454974,0.3093933133754068
44.516666666666666,1.2,1.2767905006666689,0.12808954449948534,683.9244834480475,0.3094001471247235
44.53333333333333,1.2,1.276776412137817,0.1280608768129804,683.9395769959659,0.30940697528493655
44.55,1.2,1.276762335591936,0.12803223401713676,683.9546582051144,0.30941379786322154
44.56666666666667,1.2,1.276748271013079,0.1280036160782028,683.9697270913268,0.30942061486674166
44.583333333333336,1.2,1.2767342183853276,0.12797502296248808,683.9847836704106,0.30942742630264786
44.6,1.2,1.2767201776927906,0.12794645463636312,683.9998279581456,0.3094342321780789
44.61666666666667,1.2,1.2767061489196065,0.12791791106625933,684.0148599702845,0.3094410325001612
44.63333333333333,1.2,1.2766921320499411,0.12788939221866913,684.0298797225535,0.30944782727600884
44.65,1.2,1.276678127067989,0.12786089806014525,684.0448872306512,0.309454616512724
44.666666666666664,1.2,1.2766641339579718,0.12783242855730134,684.0598825102496,0.3094614002173964
44.68333333333333,1.2,1.27665015270414,0.12780398367681098,684.0748655769941,0.30946817839710383
44.7,1.2,1.2766361832907722,0.12777556338540846,684.0898364465029,0.3094749510589119
44.71666666666667,1.2,1.2766222257021742,0.1277471676498877,684.1047951343678,0.30948171820987397
44.733333333333334,1.2,1.27660827992268,0.12771879643710293,684.1197416561535,0.30948847985703154
44.75,1.2,1.2765943459366509,0.12769044971396804,684.1346760273987,0.3094952360074141
44.766666666666666,1.2,1.2765804237284768,0.12766212744745656,684.1495982636152,0.30950198666803896
44.78333333333333,1.2,1.2765665132825748,0.12763382960460196,684.1645083802881,0.30950873184591154
44.8,1.2,1.2765526145833892,0.12760555615249675,684.1794063928766,0.3095154715480253
44.81666666666667,1.2,1.276538727615392,0.12757730705829273,684.1942923168131,0.3095222057813617
44.833333333333336,1.2,1.2765248523630832,0.12754908228920123,684.2091661675036,0.3095289345528904
44.85,1.2,1.27651098881099,0.12752088181249227,684.2240279603279,0.3095356578695688
44.86666666666667,1.2,1.2764971369436664,0.12749270559549492,684.2388777106402,0.30954237573834315
44.88333333333333,1.2,1.276483296745694,0.12746455360559697,684.2537154337674,0.30954908816614723
44.9,1.2,1.276469468201682,0.12743642581024492,684.2685411450112,0.3095557951599032
44.916666666666664,1.2,1.2764556512962657,0.12740832217694362,684.2833548596473,0.30956249672652175
44.93333333333333,1.2,1.2764418460141091,0.12738024267325646,684.2981565929243,0.30956919287290113
44.95,1.2,1.2764280523399019,0.12735218726680517,684.3129463600661,0.30957588360592847
44.96666666666667,1.2,1.2764142702583612,0.12732415592526924,684.3277241762702,0.309582568932479
44.983333333333334,1.2,1.276400499754231,0.1272961486163865,684.342490056708,0.309589248859416
45.0,1.2,1.2763867408122829,0.12726816530795243,684.3572440165259,0.30959592339359165
45.016666666666666,1.2,1.276372993417314,0.12724020596782037,684.3719860708435,0.30960259254184586
45.03333333333333,1.2,1.276359257554149,0.1272122705639012,684.3867162347556,0.3096092563110073
45.05,1.2,1.276345533207639,0.12718435906416325,684.4014345233309,0.30961591470789296
45.06666666666667,1.2,1.276331820362662,0.1271564714366323,684.4161409516131,0.30962256773930846
45.083333333333336,1.2,1.2763181190041224,0.12712860764939132,684.4308355346195,0.30962921541204735
45.1,1.2,1.276304429116951,0.1271007676705802,684.4455182873428,0.3096358577328923
45.11666666666667,1.2,1.276290750686105,0.12707295146839592,684.4601892247499,0.3096424947086142
45.13333333333333,1.2,1.2762770836965684,0.12704515901109248,684.4748483617823,0.30964912634597225
45.15,1.2,1.2762634281333514,0.12701739026698028,684.4894957133564,0.30965575265171463
45.166666666666664,1.2,1.2762497839814901,0.12698964520442646,684.5041312943631,0.30966237363257776
45.18333333333333,1.2,1.2762361512260476,0.12696192379185467,684.5187551196683,0.3096689892952868
45.2,1.2,1.2762225298521124,0.12693422599774484,684.5333672041129,0.30967559964655567
45.21666666666667,1.2,1.2762089198447992,0.12690655179063307,684.5479675625123,0.30968220469308666
45.233333333333334,1.2,1.2761953211892492,0.1268789011391115,684.5625562096575,0.30968880444157104
45.25,1.2,1.2761817338706296,0.12685127401182844,684.5771331603137,0.30969539889868847
45.266666666666666,1.2,1.276168157874133,0.1268236703774879,684.5916984292218,0.3097019880711075
45.28333333333333,1.2,1.2761545931849783,0.12679609020484958,684.6062520310975,0.3097085719654855
45.3,1.2,1.2761410397884103,0.1267685334627289,684.6207939806319,0.3097151505884685
45.31666666666667,1.2,1.276127497669699,0.12674100011999656,684.6353242924913,0.3097217239466913
45.333333333333336,1.2,1.2761139668141412,0.12671349014557873,684.649842981317,0.3097282920467776
45.35,1.2,1.276100447207058,0.12668600350845682,684.6643500617259,0.3097348548953398
45.36666666666667,1.2,1.2760869388337976,0.12665854017766737,684.6788455483105,0.30974141249897946
45.38333333333333,1.2,1.2760734416797321,0.12663110012230183,684.6933294556381,0.30974796486428674
45.4,1.2,1.2760599557302605,0.12660368331150645,684.7078017982519,0.30975451199784065
45.416666666666664,1.2,1.276046480970807,0.1265762897144824,684.7222625906708,0.3097610539062095
45.43333333333333,1.2,1.27603301738682,0.12654891930048523,684.736711847389,0.3097675905959503
45.45,1.2,1.2760195649637749,0.12652157203882514,684.7511495828761,0.30977412207360905
45.46666666666667,1.2,1.2760061236871714,0.12649424789886685,684.765575811578,0.30978064834572067
45.483333333333334,1.2,1.2759926935425343,0.12646694685002902,684.779990547916,0.3097871694188094
45.5,1.2,1.2759792745154144,0.12643966886178476,684.794393806287,0.30979368529938817
45.516666666666666,1.2,1.2759658665913867,0.12641241390366095,684.8087856010644,0.30980019599395947
45.53333333333333,1.2,1.275952469756052,0.1263851819452384,684.8231659465966,0.3098067015090142
45.55,1.2,1.2759390839950357,0.12635797295615198,684.8375348572088,0.30981320185103295
45.56666666666667,1.2,1.2759257092939886,0.12633078690608984,684.8518923472013,0.3098196970264851
45.583333333333336,1.2,1.2759123456385852,0.12630362376479398,684.8662384308515,0.3098261870418295
45.6,1.2,1.2758989930145264,0.12627648350205975,684.8805731224119,0.30983267190351405
45.61666666666667,1.2,1.275885651407537,0.1262493660877357,684.8948964361117,0.30983915161797565
45.63333333333333,1.2,1.2758723208033667,0.12622227149172363,684.9092083861561,0.30984562619164063
45.65,1.2,1.2758590011877895,0.12619519968397858,684.9235089867268,0.30985209563092464
45.666666666666664,1.2,1.275845692546605,0.12616815063450826,684.9377982519813,0.3098585599422325
45.68333333333333,1.2,1.2758323948656367,0.1261411243133735,684.9520761960539,0.3098650191319583
45.7,1.2,1.2758191081307328,0.12611412069068764,684.966342833055,0.30987147320648545
45.71666666666667,1.2,1.2758058323277655,0.12608713973661684,684.9805981770718,0.30987792217218685
45.733333333333334,1.2,1.2757925674426325,0.1260601814213796,684.9948422421672,0.3098843660354244
45.75,1.2,1.2757793134612543,0.12603324571524688,685.0090750423817,0.30989080480254994
45.766666666666666,1.2,1.2757660703695775,0.126006332588542,685.0232965917318,0.3098972384799043
45.78333333333333,1.2,1.2757528381535717,0.12597944201164027,685.0375069042101,0.30990366707381767
45.8,1.2,1.2757396167992312,0.12595257395496912,685.051705993787,0.30991009059061003
45.81666666666667,1.2,1.2757264062925744,0.1259257283890079,685.065893874409,0.3099165090365906
45.833333333333336,1.2,1.2757132066196437,0.12589890528428788,685.0800705599994,0.30992292241805824
45.85,1.2,1.2757000177665054,0.1258721046113918,685.0942360644583,0.30992933074130113
45.86666666666667,1.2,1.2756868397192505,0.12584532634095436,685.1083904016627,0.30993573401259716
45.88333333333333,1.2,1.275673672463993,0.12581857044366115,685.1225335854668,0.30994213223821376
45.9,1.2,1.2756605159868717,0.1257918368902498,685.1366656297015,0.3099485254244078
45.916666666666664,1.2,1.2756473702740487,0.12576512565150877,685.1507865481746,0.309954913577426
45.93333333333333,1.2,1.2756342353117103,0.1257384366982778,685.1648963546711,0.30996129670350436
45.95,1.2,1.2756211110860656,0.12571177000144776,685.1789950629532,0.3099676748088688
45.96666666666667,1.2,1.2756079975833488,0.12568512553196007,685.1930826867602,0.3099740478997348
45.983333333333334,1.2,1.2755948947898168,0.12565850326080752,685.2071592398086,0.30998041598230763
46.0,1.2,1.2755818026917503,0.12563190315903308,685.2212247357918,0.30998677906278205
46.016666666666666,1.2,1.2755687212754534,0.1256053251977306,685.2352791883814,0.30999313714734283
46.03333333333333,1.2,1.2755556505272543,0.12557876934804438,685.2493226112252,0.3099994902421643
46.05,1.2,1.2755425904335043,0.12555223558116896,685.2633550179494,0.31000583835341056
46.06666666666667,1.2,1.2755295409805776,0.12552572386834937,685.2773764221569,0.31001218148723547
46.083333333333336,1.2,1.2755165021548724,0.1254992341808806,685.2913868374284,0.31001851964978294
46.1,1.2,1.2755034739428102,0.1254727664901077,685.3053862773222,0.31002485284718656
46.11666666666667,1.2,1.2754904563308351,0.12544632076742573,685.319374755374,0.3100311810855696
46.13333333333333,1.2,1.275477449305415,0.12541989698427958,685.3333522850972,0.31003750437104555
46.15,1.2,1.2754644528530412,0.1253934951121638,685.347318879983,0.3100438227097175
46.166666666666664,1.2,1.2754514669602273,0.12536711512262255,685.3612745535,0.3100501361076787
46.18333333333333,1.2,1.27543849161351,0.1253407569872495,685.3752193190949,0.3100564445710121
46.2,1.2,1.27542552679945,0.12531442067768786,685.3891531901919,0.3100627481057908
46.21666666666667,1.2,1.2754125725046301,0.12528810616562994,685.4030761801934,0.3100690467180779
46.233333333333334,1.2,1.275399628715656,0.12526181342281734,685.416988302479,0.31007534041392615
46.25,1.2,1.2753866954191564,0.12523554242104074,685.4308895704073,0.3100816291993788
46.266666666666666,1.2,1.2753737726017833,0.12520929313213974,685.4447799973138,0.31008791308046874
46.28333333333333,1.2,1.275360860250211,0.12518306552800285,685.458659596513,0.3100941920632193
46.3,1.2,1.2753479583511358,0.12515685958056721,685.4725283812967,0.31010046615364356
46.31666666666667,1.2,1.2753350668912782,0.12513067526181892,685.4863863649352,0.3101067353577449
46.333333333333336,1.2,1.27532218585738,0.12510451254379226,685.5002335606772,0.3101129996815168
46.35,1.2,1.2753093152362067,0.12507837139857036,685.5140699817487,0.3101192591309425
46.36666666666667,1.2,1.2752964550145451,0.12505225179828428,685.527895641355,0.3101255137119962
46.38333333333333,1.2,1.2752836051792056,0.1250261537151136,685.541710552679,0.31013176343064147
46.4,1.2,1.2752707657170201,0.12500007712128597,685.5555147288825,0.3101380082928326
46.416666666666664,1.2,1.2752579366148435,0.12497402198907698,685.5693081831052,0.310144248304514
46.43333333333333,1.2,1.2752451178595527,0.12494798829081022,685.5830909284655,0.31015048347162
46.45,1.2,1.2752323094380469,0.12492197599885713,685.5968629780601,0.31015671380007576
46.46666666666667,1.2,1.2752195113372478,0.1248959850856369,685.6106243449645,0.3101629392957963
46.483333333333334,1.2,1.2752067235440994,0.12487001552361633,685.6243750422321,0.31016915996468686
46.5,1.2,1.275193946045567,0.12484406728530958,685.638115082896,0.3101753758126434
46.516666666666666,1.2,1.275181178828639,0.12481814034327843,685.6518444799668,0.31018158684555197
46.53333333333333,1.2,1.2751684218803252,0.12479223467013181,685.6655632464347,0.31018779306928895
46.55,1.2,1.2751556751876576,0.12476635023852603,685.679271395268,0.31019399448972135
46.56666666666667,1.2,1.2751429387376905,0.12474048702116439,685.6929689394141,0.31020019111270625
46.583333333333336,1.2,1.2751302125174993,0.12471464499079728,685.7066558917993,0.31020638294409136
46.6,1.2,1.2751174965141823,0.12468882412022184,685.7203322653284,0.3102125699897147
46.61666666666667,1.2,1.2751047907148585,0.12466302438228224,685.7339980728854,0.31021875225540485
46.63333333333333,1.2,1.2750920951066695,0.12463724574986926,685.7476533273332,0.310224929746981
46.65,1.2,1.2750794096767788,0.12461148819592033,685.7612980415137,0.3102311024702525
46.666666666666664,1.2,1.2750667344123703,0.12458575169341922,685.7749322282478,0.31023727043101945
46.68333333333333,1.2,1.275054069300651,0.12456003621539635,685.7885559003356,0.31024343363507245
46.7,1.2,1.2750414143288487,0.12453434173492839,685.8021690705557,0.31024959208819247
46.71666666666667,1.2,1.2750287694842128,0.12450866822513798,685.8157717516672,0.31025574579615145
46.733333333333334,1.2,1.2750161347540145,0.12448301565919428,685.8293639564068,0.3102618947647116
46.75,1.2,1.2750035101255466,0.12445738401031226,685.8429456974916,0.31026803899962574
46.766666666666666,1.2,1.2749908955861222,0.12443177325175267,685.8565169876177,0.3102741785066376
46.78333333333333,1.2,1.2749782911230771,0.12440618335682228,685.8700778394602,0.31028031329148115
46.8,1.2,1.2749656967237681,0.12438061429887351,685.8836282656739,0.3102864433598813
46.81666666666667,1.2,1.2749531123755724,0.1243550660513045,685.897168278893,0.3102925687175538
46.833333333333336,1.2,1.2749405380658894,0.12432953858755871,685.910697891731,0.3102986893702047
46.85,1.2,1.2749279737821395,0.12430403188112525,685.924217116781,0.310304805323531
46.86666666666667,1.2,1.2749154195117638,0.12427854590553841,685.9377259666157,0.31031091658322046
46.88333333333333,1.2,1.2749028752422251,0.12425308063437793,685.9512244537873,0.3103170231549516
46.9,1.2,1.274890340961007,0.12422763604126845,685.9647125908276,0.31032312504439363
46.916666666666664,1.2,1.2748778166556138,0.12420221209987976,685.978190390248,0.3103292222572066
46.93333333333333,1.2,1.2748653023135714,0.12417680878392655,685.9916578645397,0.3103353147990414
46.95,1.2,1.274852797922426,0.12415142606716847,686.0051150261737,0.3103414026755398
46.96666666666667,1.2,1.274840303469745,0.12412606392340986,686.0185618876008,0.3103474858923343
46.983333333333334,1.2,1.2748278189431166,0.12410072232649973,686.0319984612515,0.31035356445504847
47.0,1.2,1.2748153443301498,0.12407540125033159,686.0454247595362,0.31035963836929653
47.016666666666666,1.2,1.2748028796184743,0.12405010066884366,686.0588407948451,0.3103657076406837
47.03333333333333,1.2,1.2747904247957405,0.12402482055601824,686.0722465795488,0.31037177227480645
47.05,1.2,1.2747779798496193,0.12399956088588207,686.0856421259973,0.3103778322772515
47.06666666666667,1.2,1.274765544767803,0.12397432163250624,686.0990274465208,0.3103838876535972
47.083333333333336,1.2,1.2747531195380035,0.12394910277000565,686.1124025534299,0.31038993840941254
47.1,1.2,1.2747407041479537,0.12392390427253933,686.125767459015,0.31039598455025763
47.11666666666667,1.2,1.2747282985854067,0.1238987261143103,686.1391221755466,0.31040202608168355
47.13333333333333,1.2,1.2747159028381365,0.12387356826956526,686.1524667152756,0.3104080630092324
47.15,1.2,1.2747035168939376,0.12384843071259474,686.165801090433,0.3104140953384374
47.166666666666664,1.2,1.2746911407406238,0.12382331341773292,686.1791253132301,0.3104201230748228
47.18333333333333,1.2,1.2746787743660304,0.12379821635935746,686.1924393958585,0.31042614622390396
47.2,1.2,1.2746664177580127,0.12377313951188942,686.20574335049,0.31043216479118724
47.21666666666667,1.2,1.2746540709044458,0.12374808284979338,686.2190371892773,0.3104381787821704
47.233333333333334,1.2,1.2746417337932252,0.12372304634757711,686.2323209243528,0.3104441882023421
47.25,1.2,1.274629406412267,0.12369802997979154,686.2455945678299,0.3104501930571822
47.266666666666666,1.2,1.2746170887495067,0.12367303372103075,686.2588581318023,0.3104561933521618
47.28333333333333,1.2,1.2746047807929004,0.12364805754593167,686.2721116283442,0.3104621890927431
47.3,1.2,1.2745924825304238,0.12362310142917432,686.2853550695107,0.31046818028437984
47.31666666666667,1.2,1.274580193950073,0.12359816534548143,686.2985884673369,0.3104741669325164
47.333333333333336,1.2,1.2745679150398639,0.12357324926961849,686.3118118338392,0.3104801490425889
47.35,1.2,1.2745556457878324,0.12354835317639368,686.3250251810142,0.3104861266200246
47.36666666666667,1.2,1.274543386182034,0.12352347704065758,686.3382285208396,0.310492099670242
47.38333333333333,1.2,1.2745311362105443,0.12349862083730329,686.3514218652739,0.3104980681986509
47.4,1.2,1.2745188958614584,0.12347378454126637,686.3646052262559,0.31050403221065237
47.416666666666664,1.2,1.2745066651228911,0.12344896812752458,686.3777786157059,0.3105099917116392
47.43333333333333,1.2,1.274494443982978,0.12342417157109792,686.3909420455244,0.3105159467069948
47.45,1.2,1.2744822324298724,0.12339939484704839,686.4040955275937,0.3105218972020946
47.46666666666667,1.2,1.2744700304517484,0.12337463793048012,686.4172390737763,0.31052784320230525
47.483333333333334,1.2,1.2744578380368001,0.12334990079653899,686.4303726959159,0.31053378471298465
47.5,1.2,1.2744456551732406,0.12332518342041292,686.4434964058375,0.3105397217394822
47.516666666666666,1.2,1.274433481849302,0.12330048577733146,686.4566102153473,0.31054565428713893
47.53333333333333,1.2,1.2744213180532367,0.12327580784256602,686.4697141362316,0.310551582361287
47.55,1.2,1.2744091637733157,0.1232511495914293,686.4828081802591,0.31055750596725024
47.56666666666667,1.2,1.2743970189978304,0.12322651099927565,686.4958923591789,0.3105634251103439
47.583333333333336,1.2,1.274384883715091,0.12320189204150075,686.5089666847217,0.3105693397958748
47.6,1.2,1.2743727579134267,0.12317729269354177,686.5220311685994,0.3105752500291413
47.61666666666667,1.2,1.2743606415811861,0.12315271293087679,686.5350858225052,0.31058115581543333
47.63333333333333,1.2,1.2743485347067376,0.12312815272902532,686.5481306581133,0.31058705716003215
47.65,1.2,1.2743364372784682,0.12310361206354786,686.5611656870799,0.3105929540682108
47.666666666666664,1.2,1.2743243492847844,0.12307909091004576,686.574190921042,0.31059884654523384
47.68333333333333,1.2,1.2743122707141108,0.12305458924416145,686.5872063716187,0.31060473459635757
47.7,1.2,1.274300201554893,0.12303010704157796,686.6002120504098,0.31061061822682967
47.71666666666667,1.2,1.2742881417955934,0.1230056442780192,686.6132079689977,0.31061649744188985
47.733333333333334,1.2,1.2742760914246953,0.12298120092924968,686.6261941389449,0.31062237224676886
47.75,1.2,1.2742640504306997,0.1229567769710744,686.6391705717967,0.31062824264668976
47.766666666666666,1.2,1.2742520188021267,0.12293237237933874,686.6521372790799,0.310634108646867
47.78333333333333,1.2,1.274239996527516,0.12290798712992866,686.6650942723023,0.3106399702525067
47.8,1.2,1.2742279835954256,0.12288362119877042,686.6780415629537,0.3106458274688067
47.81666666666667,1.2,1.2742159799944317,0.12285927456183018,686.6909791625063,0.31065168030095686
47.833333333333336,1.2,1.2742039857131304,0.12283494719511456,686.7039070824133,0.3106575287541385
47.85,1.2,1.2741920007401362,0.12281063907467005,686.7168253341098,0.3106633728335248
47.86666666666667,1.2,1.2741800250640813,0.12278635017658313,686.7297339290129,0.3106692125442807
47.88333333333333,1.2,1.274168058673618,0.12276208047698023,686.7426328785218,0.310675047891563
47.9,1.2,1.274156101557416,0.1227378299520275,686.7555221940173,0.3106808788805204
47.916666666666664,1.2,1.2741441537041642,0.12271359857793078,686.7684018868622,0.3106867055162931
47.93333333333333,1.2,1.2741322151025702,0.12268938633093567,686.7812719684015,0.3106925278040137
47.95,1.2,1.2741202857413594,0.12266519318732719,686.794132449962,0.3106983457488061
47.96666666666667,1.2,1.2741083656092758,0.12264101912342984,686.8069833428527,0.3107041593557866
47.983333333333334,1.2,1.2740964546950828,0.12261686411560753,686.8198246583646,0.31070996863006295
48.0,1.2,1.2740845529875608,0.12259272814026356,686.8326564077707,0.31071577357673497
48.016666666666666,1.2,1.2740726604755095,0.12256861117384024,686.8454786023268,0.3107215742008947
48.03333333333333,1.2,1.274060777147746,0.12254451319281923,686.8582912532701,0.3107273705076257
48.05,1.2,1.2740489029931066,0.12252043417372113,686.8710943718205,0.3107331625020038
48.06666666666667,1.2,1.2740370380004453,0.12249637409310553,686.88388796918,0.31073895018909653
48.083333333333336,1.2,1.2740251821586348,0.12247233292757102,686.8966720565331,0.3107447335739638
48.1,1.2,1.2740133354565653,0.12244831065375483,686.9094466450465,0.3107505126616572
48.11666666666667,1.2,1.2740014978831453,0.1224243072483331,686.9222117458692,0.3107562874572204
48.13333333333333,1.2,1.2739896694273014,0.12240032268802051,686.9349673701327,0.31076205796568923
48.15,1.2,1.2739778500779781,0.12237635694957037,686.9477135289512,0.3107678241920917
48.166666666666664,1.2,1.273966039824139,0.12235241000977443,686.9604502334209,0.3107735861414475
48.18333333333333,1.2,1.273954238654764,0.12232848184546298,686.9731774946209,0.3107793438187687
48.2,1.2,1.2739424465588522,0.1223045724335046,686.9858953236126,0.31078509722905934
48.21666666666667,1.2,1.2739306635254195,0.12228068175080603,686.9986037314402,0.31079084637731585
48.233333333333334,1.2,1.2739188895435007,0.12225680977431225,687.0113027291303,0.31079659126852643
48.25,1.2,1.2739071246021476,0.12223295648100643,687.0239923276924,0.3108023319076717
48.266666666666666,1.2,1.2738953686904309,0.12220912184790969,687.0366725381185,0.31080806829972424
48.28333333333333,1.2,1.2738836217974374,0.12218530585208101,687.0493433713834,0.31081380044964907
48.3,1.2,1.2738718839122734,0.1221615084706175,687.0620048384444,0.31081952836240295
48.31666666666667,1.2,1.2738601550240616,0.12213772968065384,687.0746569502421,0.31082525204293554
48.333333333333336,1.2,1.2738484351219426,0.12211396945936238,687.0872997176997,0.3108309714961882
48.35,1.2,1.2738367241950752,0.12209022778395327,687.0999331517229,0.3108366867270947
48.36666666666667,1.2,1.273825022232635,0.12206650463167416,687.1125572632006,0.31084239774058087
48.38333333333333,1.2,1.2738133292238156,0.12204279997981013,687.1251720630049,0.31084810454156525
48.4,1.2,1.273801645157828,0.12201911380568382,687.1377775619903,0.3108538071349583
48.416666666666664,1.2,1.2737899700239004,0.12199544608665497,687.1503737709947,0.310859505525663
48.43333333333333,1.2,1.273778303811279,0.12197179680012078,687.1629607008388,0.31086519971857446
48.45,1.2,1.2737666465092274,0.12194816592351548,687.1755383623263,0.3108708897185802
48.46666666666667,1.2,1.2737549981070255,0.12192455343431041,687.1881067662445,0.31087657553056014
48.483333333333334,1.2,1.2737433585939717,0.12190095931001407,687.2006659233629,0.31088225715938644
48.5,1.2,1.2737317279593812,0.12187738352817178,687.213215844435,0.3108879346099239
48.516666666666666,1.2,1.2737201061925862,0.1218538260663658,687.2257565401972,0.3108936078870294
48.53333333333333,1.2,1.273708493282937,0.1218302869022151,687.2382880213688,0.3108992769955525
48.55,1.2,1.2736968892198002,0.12180676601337545,687.250810298653,0.31090494194033486
48.56666666666667,1.2,1.2736852939925598,0.12178326337753927,687.2633233827358,0.3109106027262109
48.583333333333336,1.2,1.2736737075906173,0.12175977897243545,687.2758272842867,0.31091625935800743
48.6,1.2,1.2736621300033906,0.1217363127758295,687.2883220139583,0.31092191184054346
48.61666666666667,1.2,1.273650561220315,0.12171286476552325,687.3008075823872,0.31092756017863094
48.63333333333333,1.2,1.2736390012308434,0.12168943491935516,687.3132840001923,0.31093320437707384
48.65,1.2,1.2736274500244444,0.12166602321519948,687.3257512779772,0.31093884444066894
48.666666666666664,1.2,1.273615907590605,0.12164262963096693,687.3382094263281,0.3109444803742054
48.68333333333333,1.2,1.2736043739188283,0.12161925414460453,687.3506584558153,0.31095011218246504
48.7,1.2,1.2735928489986337,0.12159589673409506,687.3630983769922,0.31095573987022224
48.71666666666667,1.2,1.2735813328195584,0.12157255737745737,687.3755292003959,0.3109613634422439
48.733333333333334,1.2,1.2735698253711565,0.12154923605274617,687.3879509365473,0.3109669829032894
48.75,1.2,1.273558326642998,0.12152593273805218,687.4003635959506,0.31097259825811074
48.766666666666666,1.2,1.2735468366246705,0.12150264741150174,687.412767189094,0.3109782095114528
48.78333333333333,1.2,1.273535355305778,0.12147938005125687,687.4251617264491,0.3109838166680527
48.8,1.2,1.2735238826759407,0.12145613063551529,687.4375472184715,0.3109894197326405
48.81666666666667,1.2,1.2735124187247964,0.12143289914251014,687.4499236756004,0.3109950187099388
48.833333333333336,1.2,1.2735009634419985,0.12140968555051018,687.4622911082589,0.31100061360466286
48.85,1.2,1.273489516817218,0.12138648983781947,687.4746495268538,0.31100620442152055
48.86666666666667,1.2,1.2734780788401414,0.12136331198277735,687.4869989417759,0.3110117911652127
48.88333333333333,1.2,1.2734666495004727,0.12134015196375858,687.4993393633998,0.3110173738404326
48.9,1.2,1.2734552287879315,0.12131700975917296,687.5116708020838,0.31102295245186623
48.916666666666664,1.2,1.2734438166922548,0.12129388534746556,687.5239932681707,0.3110285270041925
48.93333333333333,1.2,1.2734324132031947,0.12127077870711628,687.5363067719868,0.311034097502083
48.95,1.2,1.273421018310521,0.12124768981664005,687.5486113238427,0.31103966395020216
48.96666666666667,1.2,1.273409632004019,0.12122461865458689,687.5609069340328,0.311045226353207
48.983333333333334,1.2,1.273398254273491,0.12120156519954144,687.5731936128357,0.31105078471574743
49.0,1.2,1.2733868851087549,0.12117852943012311,687.5854713705141,0.31105633904246627
49.016666666666666,1.2,1.2733755244996452,0.12115551132498614,687.5977402173149,0.31106188933799905
49.03333333333333,1.2,1.2733641724360125,0.12113251086281926,687.6100001634692,0.3110674356069741
49.05,1.2,1.2733528289077236,0.12110952802234574,687.6222512191919,0.3110729778540127
49.06666666666667,1.2,1.2733414939046621,0.12108656278232346,687.6344933946826,0.31107851608372905
49.083333333333336,1.2,1.2733301674167263,0.12106361512154455,687.6467267001251,0.3110840503007301
49.1,1.2,1.273318849433832,0.12104068501883572,687.6589511456872,0.3110895805096157
49.11666666666667,1.2,1.2733075399459104,0.12101777245305759,687.6711667415211,0.3110951067149786
49.13333333333333,1.2,1.2732962389429083,0.12099487740310526,687.6833734977637,0.3111006289214045
49.15,1.2,1.2732849464147895,0.12097199984790791,687.6955714245358,0.3111061471334721
49.166666666666664,1.2,1.2732736623515333,0.12094913976642885,687.7077605319429,0.311111661355753
49.18333333333333,1.2,1.2732623867431347,0.12092629713766509,687.7199408300748,0.3111171715928117
49.2,1.2,1.273251119579605,0.12090347194064795,687.7321123290059,0.3111226778492057
49.21666666666667,1.2,1.273239860850971,0.12088066415444224,687.7442750387949,0.31112818012948557
49.233333333333334,1.2,1.273228610547275,0.12085787375814694,687.7564289694852,0.31113367843819467
49.25,1.2,1.2732173686585768,0.12083510073089446,687.7685741311047,0.31113917277986963
49.266666666666666,1.2,1.27320613517495,0.120812345051851,687.780710533666,0.31114466315904
49.28333333333333,1.2,1.2731949100864846,0.12078960670021628,687.7928381871661,0.31115014958022835
49.3,1.2,1.2731836933832867,0.12076688565522363,687.8049571015869,0.3111556320479503
49.31666666666667,1.2,1.2731724850554782,0.12074418189613975,687.8170672868944,0.31116111056671447
49.333333333333336,1.2,1.2731612850931953,0.12072149540226475,687.8291687530401,0.3111665851410228
49.35,1.2,1.2731500934865918,0.12069882615293204,687.8412615099597,0.31117205577537005
49.36666666666667,1.2,1.2731389102258355,0.12067617412750833,687.853345567574,0.3111775224742443
49.38333333333333,1.2,1.2731277353011103,0.12065353930539353,687.8654209357882,0.3111829852421265
49.4,1.2,1.2731165687026162,0.12063092166602055,687.8774876244926,0.311188444083491
49.416666666666664,1.2,1.2731054104205675,0.12060832118885544,687.8895456435624,0.31119389900280525
49.43333333333333,1.2,1.2730942604451951,0.1205857378533973,687.9015950028573,0.3111993500045296
49.45,1.2,1.2730831187667448,0.12056317163917797,687.9136357122223,0.3112047970931178
49.46666666666667,1.2,1.2730719853754777,0.12054062252576234,687.9256677814874,0.31121024027301697
49.483333333333334,1.2,1.2730608602616706,0.12051809049274789,687.937691220467,0.3112156795486669
49.5,1.2,1.2730497434156152,0.12049557551976504,687.9497060389612,0.31122111492450116
49.516666666666666,1.2,1.273038634827619,0.12047307758647682,687.9617122467542,0.311226546404946
49.53333333333333,1.2,1.2730275344880047,0.12045059667257867,687.9737098536165,0.3112319739944214
49.55,1.2,1.2730164423871102,0.12042813275779868,687.9856988693026,0.31123739769734027
49.56666666666667,1.2,1.2730053585152883,0.1204056858218974,687.9976793035527,0.31124281751810895
49.583333333333336,1.2,1.2729942828629073,0.12038325584466783,688.0096511660919,0.31124823346112696
49.6,1.2,1.2729832154203509,0.1203608428059352,688.0216144666302,0.31125364553078705
49.61666666666667,1.2,1.2729721561780172,0.1203384466855571,688.0335692148637,0.31125905373147555
49.63333333333333,1.2,1.27296110512632,0.12031606746342327,688.0455154204727,0.31126445806757186
49.65,1.2,1.2729500622556886,0.12029370511945557,688.0574530931233,0.31126985854344863
49.666666666666664,1.2,1.2729390275565662,0.120271359633608,688.0693822424665,0.311275255163472
49.68333333333333,1.2,1.2729280010194117,0.1202490309858665,688.0813028781392,0.3112806479320016
49.7,1.2,1.2729169826346989,0.12022671915624913,688.0932150097631,0.3112860368533901
49.71666666666667,1.2,1.272905972392917,0.12020442412480559,688.1051186469454,0.3112914219319838
49.733333333333334,1.2,1.2728949702845689,0.12018214587161757,688.1170137992788,0.31129680317212227
49.75,1.2,1.2728839763001738,0.12015988437679848,688.1289004763412,0.3113021805781385
49.766666666666666,1.2,1.2728729904302647,0.12013763962049338,688.1407786876963,0.311307554154359
49.78333333333333,1.2,1.2728620126653902,0.12011541158287903,688.1526484428928,0.3113129239051034
49.8,1.2,1.2728510429961135,0.12009320024416363,688.1645097514652,0.3113182898346851
49.81666666666667,1.2,1.272840081413012,0.12007100558458701,688.1763626229338,0.311323651947411
49.833333333333336,1.2,1.2728291279066788,0.12004882758442048,688.1882070668037,0.3113290102475811
49.85,1.2,1.2728181824677212,0.12002666622396668,688.2000430925661,0.31133436473948906
49.86666666666667,1.2,1.2728072450867611,0.12000452148355953,688.2118707096978,0.311339715427422
49.88333333333333,1.2,1.2727963157544355,0.11998239334356417,688.223689927661,0.31134506231566067
49.9,1.2,1.2727853944613956,0.11996028178437707,688.2355007559039,0.3113504054084794
49.916666666666664,1.2,1.2727744811983073,0.11993818678642577,688.2473032038599,0.3113557447101456
49.93333333333333,1.2,1.2727635759558513,0.11991610833016882,688.2590972809487,0.31136108022492065
49.95,1.2,1.2727526787247228,0.11989404639609591,688.2708829965753,0.31136641195705933
49.96666666666667,1.2,1.2727417894956312,0.11987200096472764,688.2826603601306,0.31137173991081
49.983333333333334,1.2,1.2727309082593008,0.11984997201661532,688.2944293809915,0.3113770640904146
50.0,1.2,1.2727200350064705,0.11982795953234138,688.30619006852,0.3113823845001085
50.016666666666666,1.2,1.2727091697278927,0.11980596349251879,688.317942432065,0.31138770114412095
50.03333333333333,1.2,1.2726983124143352,0.11978398387779132,688.3296864809607,0.3113930140266747
50.05,1.2,1.27268746305658,0.11976202066883333,688.3414222245272,0.31139832315198596
50.06666666666667,1.2,1.2726766216454235,0.11974007384634988,688.3531496720702,0.3114036285242647
50.083333333333336,1.2,1.2726657881716759,0.11971814339107653,688.3648688328823,0.31140893014771454
50.1,1.2,1.2726549626261618,0.11969622928377917,688.3765797162413,0.31141422802653296
50.11666666666667,1.2,1.272644144999721,0.1196743315052542,688.3882823314111,0.3114195221649107
50.13333333333333,1.2,1.2726333352832064,0.11965245003632832,688.3999766876419,0.31142481256703247
50.15,1.2,1.2726225334674857,0.11963058485785857,688.4116627941698,0.31143009923707654
50.166666666666664,1.2,1.2726117395434409,0.11960873595073218,688.423340660217,0.3114353821792149
50.18333333333333,1.2,1.2726009535019673,0.11958690329586649,688.4350102949919,0.3114406613976135
50.2,1.2,1.272590175333976,0.11956508687420919,688.4466717076888,0.3114459368964316
50.21666666666667,1.2,1.27257940503039,0.11954328666673764,688.4583249074885,0.3114512086798225
50.233333333333334,1.2,1.2725686425821483,0.11952150265445946,688.4699699035577,0.3114564767519332
50.25,1.2,1.2725578879802035,0.11949973481841215,688.4816067050494,0.3114617411169044
50.266666666666666,1.2,1.2725471412155211,0.11947798313966296,688.493235321103,0.31146700177887066
50.28333333333333,1.2,1.2725364022790822,0.1194562475993091,688.5048557608438,0.3114722587419601
50.3,1.2,1.272525671161881,0.11943452817847745,688.5164680333841,0.311477512010295
50.31666666666667,1.2,1.2725149478549254,0.11941282485832466,688.5280721478215,0.3114827615879912
50.333333333333336,1.2,1.272504232349238,0.1193911376200369,688.5396681132407,0.3114880074791585
50.35,1.2,1.2724935246358546,0.11936946644483004,688.5512559387129,0.3114932496879004
50.36666666666667,1.2,1.272482824705825,0.11934781131394943,688.562835633295,0.3114984882183143
50.38333333333333,1.2,1.2724721325502135,0.11932617220866981,688.5744072060307,0.3115037230744915
50.4,1.2,1.2724614481600978,0.11930454911029535,688.5859706659504,0.3115089542605171
50.416666666666664,1.2,1.2724507715265685,0.11928294200015971,688.5975260220703,0.3115141817804701
50.43333333333333,1.2,1.2724401026407313,0.11926135085962566,688.6090732833939,0.3115194056384235
50.45,1.2,1.272429441493705,0.11923977567008529,688.6206124589105,0.3115246258384441
50.46666666666667,1.2,1.2724187880766222,0.11921821641295978,688.6321435575965,0.3115298423845925
50.483333333333334,1.2,1.2724081423806293,0.11919667306969964,688.6436665884145,0.31153505528092346
50.5,1.2,1.2723975043968856,0.11917514562178419,688.655181560314,0.3115402645314856
50.516666666666666,1.2,1.2723868741165656,0.11915363405072185,688.6666884822308,0.31154547014032136
50.53333333333333,1.2,1.2723762515308557,0.11913213833805,688.6781873630878,0.31155067211146725
50.55,1.2,1.2723656366309573,0.11911065846533497,688.6896782117938,0.3115558704489538
50.56666666666667,1.2,1.2723550294080839,0.11908919441417186,688.7011610372451,0.3115610651568053
50.583333333333336,1.2,1.2723444298534636,0.11906774616618448,688.7126358483246,0.31156625623904044
50.6,1.2,1.2723338379583382,0.11904631370302557,688.7241026539012,0.3115714436996715
50.61666666666667,1.2,1.2723232537139617,0.11902489700637633,688.7355614628316,0.31157662754270493
50.63333333333333,1.2,1.2723126771116027,0.11900349605794662,688.7470122839586,0.3115818077721413
50.65,1.2,1.2723021081425427,0.11898211083947491,688.7584551261123,0.31158698439197513
50.666666666666664,1.2,1.272291546798077,0.11896074133272816,688.769889998109,0.3115921574061949
50.68333333333333,1.2,1.2722809930695138,0.11893938751950173,688.7813169087523,0.31159732681878327
50.7,1.2,1.272270446948175,0.11891804938161933,688.792735866833,0.31160249263371703
50.71666666666667,1.2,1.272259908425395,0.11889672690093311,688.8041468811282,0.31160765485496694
50.733333333333334,1.2,1.272249377492523,0.1188754200593235,688.8155499604023,0.3116128134864979
50.75,1.2,1.27223885414092,0.11885412883869911,688.8269451134066,0.3116179685322688
50.766666666666666,1.2,1.2722283383619613,0.1188328532209967,688.8383323488791,0.31162311999623277
50.78333333333333,1.2,1.2722178301470348,0.11881159318818119,688.8497116755454,0.31162826788233705
50.8,1.2,1.2722073294875413,0.11879034872224548,688.8610831021178,0.3116334121945231
50.81666666666667,1.2,1.2721968363748961,0.1187691198052106,688.8724466372955,0.31163855293672627
50.833333333333336,1.2,1.2721863508005262,0.11874790641912542,688.883802289765,0.31164369011287624
50.85,1.2,1.2721758727558727,0.1187267085460667,688.8951500681999,0.31164882372689684
50.86666666666667,1.2,1.2721654022323887,0.11870552616813915,688.9064899812611,0.3116539537827063
50.88333333333333,1.2,1.2721549392215414,0.11868435926747524,688.9178220375961,0.3116590802842165
50.9,1.2,1.272144483714811,0.11866320782623502,688.9291462458403,0.3116642032353341
50.916666666666664,1.2,1.2721340357036897,0.11864207182660644,688.9404626146159,0.3116693226399596
50.93333333333333,1.2,1.2721235951796839,0.11862095125080496,688.9517711525322,0.3116744385019879
50.95,1.2,1.272113162134312,0.11859984608107373,688.963071868186,0.311679550825308
50.96666666666667,1.2,1.2721027365591064,0.1185787562996832,688.9743647701615,0.3116846596138033
50.983333333333334,1.2,1.2720923184456114,0.11855768188893145,688.9856498670298,0.31168976487135125
51.0,1.2,1.2720819077853849,0.11853662283114386,688.9969271673498,0.31169486660182383
51.016666666666666,1.2,1.2720715045699966,0.11851557910867343,689.0081966796671,0.31169996480908707
51.03333333333333,1.2,1.2720611087910307,0.11849455070390016,689.0194584125154,0.31170505949700145
51.05,1.2,1.2720507204400828,0.11847353759923146,689.0307123744153,0.31171015066942154
51.06666666666667,1.2,1.272040339508762,0.11845253977710192,689.041958573875,0.3117152383301964
51.083333333333336,1.2,1.27202996598869,0.11843155721997332,689.0531970193902,0.31172032248316944
51.1,1.2,1.2720195998715014,0.11841058991033446,689.0644277194436,0.3117254031321781
51.11666666666667,1.2,1.2720092411488426,0.1183896378307012,689.0756506825064,0.3117304802810547
51.13333333333333,1.2,1.2719988898123744,0.11836870096361658,689.0868659170361,0.3117355539336253
51.15,1.2,1.2719885458537687,0.11834777929165019,689.0980734314785,0.3117406240937106
51.166666666666664,1.2,1.271978209264711,0.11832687279739887,689.1092732342668,0.3117456907651258
51.18333333333333,1.2,1.2719678800368988,0.11830598146348616,689.1204653338217,0.31175075395168045
51.2,1.2,1.2719575581620428,0.11828510527256238,689.1316497385515,0.3117558136571781
51.21666666666667,1.2,1.271947243631866,0.11826424420730466,689.142826456852,0.31176086988541707
51.233333333333334,1.2,1.2719369364381032,0.11824339825041674,689.1539954971072,0.3117659226401902
51.25,1.2,1.2719266365725037,0.11822256738462911,689.165156867688,0.31177097192528436
51.266666666666666,1.2,1.271916344026827,0.11820175159269852,689.1763105769534,0.3117760177444811
51.28333333333333,1.2,1.2719060587928468,0.11818095085740862,689.1874566332502,0.31178106010155643
51.3,1.2,1.2718957808623486,0.11816016516156941,689.1985950449127,0.31178609900028065
51.31666666666667,1.2,1.2718855102271296,0.11813939448801727,689.2097258202632,0.3117911344444187
51.333333333333336,1.2,1.2718752468790009,0.11811863881961501,689.2208489676117,0.31179616643773
51.35,1.2,1.271864990809785,0.11809789813925177,689.2319644952555,0.311801194983968
51.36666666666667,1.2,1.2718547420113169,0.11807717242984289,689.2430724114807,0.31180622008688147
51.38333333333333,1.2,1.2718445004754442,0.11805646167433008,689.2541727245606,0.3118112417502129
51.4,1.2,1.2718342661940267,0.11803576585568105,689.2652654427563,0.3118162599776998
51.416666666666664,1.2,1.2718240391589364,0.11801508495688975,689.2763505743171,0.31182127477307386
51.43333333333333,1.2,1.2718138193620574,0.1179944189609762,689.2874281274802,0.3118262861400616
51.45,1.2,1.2718036067952865,0.11797376785098654,689.2984981104705,0.31183129408238386
51.46666666666667,1.2,1.271793401450533,0.11795313160999266,689.309560531501,0.311836298603756
51.483333333333334,1.2,1.271783203319717,0.11793251022109255,689.3206153987727,0.31184129970788826
51.5,1.2,1.2717730123947721,0.11791190366740997,689.3316627204748,0.3118462973984852
51.516666666666666,1.2,1.271762828667644,0.11789131193209461,689.3427025047839,0.31185129167924597
51.53333333333333,1.2,1.2717526521302895,0.11787073499832196,689.3537347598653,0.3118562825538643
51.55,1.2,1.2717424827746788,0.11785017284929308,689.3647594938722,0.31186127002602865
51.56666666666667,1.2,1.2717323205927933,0.11782962546823483,689.3757767149456,0.311866254099422
51.583333333333336,1.2,1.2717221655766269,0.1178090928383997,689.3867864312149,0.311871234777722
51.6,1.2,1.2717120177181849,0.11778857494306569,689.3977886507977,0.31187621206460087
51.61666666666667,1.2,1.271701877009486,0.11776807176553641,689.4087833817993,0.3118811859637254
51.63333333333333,1.2,1.271691743442559,0.117747583289141,689.4197706323138,0.3118861564787574
51.65,1.2,1.2716816170094465,0.11772710949723392,689.430750410423,0.31189112361335275
51.666666666666664,1.2,1.2716714977022017,0.11770665037319505,689.4417227241972,0.31189608737116264
51.68333333333333,1.2,1.2716613855128907,0.11768620590042966,689.4526875816948,0.31190104775583233
51.7,1.2,1.271651280433591,0.11766577606236825,689.4636449909624,0.31190600477100217
51.71666666666667,1.2,1.2716411824563918,0.1176453608424666,689.4745949600352,0.3119109584203073
51.733333333333334,1.2,1.2716310915733948,0.1176249602242057,689.4855374969363,0.311915908707377
51.75,1.2,1.271621007776713,0.1176045741910917,689.4964726096774,0.311920855635836
51.766666666666666,1.2,1.2716109310584711,0.11758420272665576,689.5074003062584,0.3119257992093031
51.78333333333333,1.2,1.2716008614108063,0.11756384581445414,689.518320594668,0.31193073943139243
51.8,1.2,1.2715907988258668,0.11754350343806817,689.5292334828825,0.31193567630571245
51.81666666666667,1.2,1.2715807432958135,0.11752317558110412,689.540138978867,0.31194060983586624
51.833333333333336,1.2,1.2715706948128178,0.11750286222719301,689.5510370905754,0.31194554002545233
51.85,1.2,1.271560653369064,0.11748256335999097,689.5619278259495,0.31195046687806344
51.86666666666667,1.2,1.271550618956747,0.1174622789631788,689.57281119292,0.3119553903972872
51.88333333333333,1.2,1.2715405915680742,0.11744200902046201,689.5836871994056,0.31196031058670615
51.9,1.2,1.2715305711952647,0.11742175351557099,689.5945558533139,0.31196522744989735
51.916666666666664,1.2,1.2715205578305482,0.11740151243226071,689.6054171625411,0.3119701409904332
51.93333333333333,1.2,1.271510551466167,0.11738128575431084,689.6162711349716,0.31197505121188035
51.95,1.2,1.271500552094375,0.11736107346552557,689.6271177784787,0.3119799581178007
51.96666666666667,1.2,1.271490559707437,0.11734087554973363,689.6379571009239,0.3119848617117507
51.983333333333334,1.2,1.2714805742976294,0.11732069199078819,689.6487891101581,0.31198976199728196
52.0,1.2,1.2714705958572408,0.11730052277256696,689.6596138140198,0.3119946589779406
52.016666666666666,1.2,1.2714606243785707,0.11728036787897209,689.670431220337,0.3119995526572678
52.03333333333333,1.2,1.2714506598539301,0.11726022729392994,689.681241336926,0.3120044430387997
52.05,1.2,1.2714407022756418,0.11724010100139118,689.6920441715918,0.31200933012606713
52.06666666666667,1.2,1.2714307516360397,0.11721998898533087,689.7028397321283,0.3120142139225961
52.083333333333336,1.2,1.2714208079274691,0.11719989122974814,689.7136280263179,0.31201909443190706
52.1,1.2,1.2714108711422871,0.1171798077186664,689.724409061932,0.3120239716575159
52.11666666666667,1.2,1.2714009412728615,0.11715973843613313,689.7351828467306,0.31202884560293304
52.13333333333333,1.2,1.2713910183115722,0.1171396833662199,689.7459493884626,0.31203371627166404
52.15,1.2,1.27138110225081,0.11711964249302224,689.7567086948656,0.3120385836672093
52.166666666666664,1.2,1.2713711930829767,0.1170996158006598,689.7674607736664,0.31204344779306437
52.18333333333333,1.2,1.2713612908004859,0.11707960327327604,689.7782056325801,0.31204830865271954
52.2,1.2,1.2713513953957625,0.11705960489503844,689.7889432793112,0.3120531662496601
52.21666666666667,1.2,1.2713415068612421,0.1170396206501382,689.7996737215527,0.3120580205873663
52.233333333333334,1.2,1.271331625189372,0.11701965052279041,689.8103969669869,0.3120628716693137
52.25,1.2,1.2713217503726104,0.11699969449723402,689.8211130232849,0.3120677194989724
52.266666666666666,1.2,1.2713118824034273,0.11697975255773134,689.8318218981063,0.3120725640798077
52.28333333333333,1.2,1.271302021274303,0.11695982468856879,689.8425235991004,0.31207740541528
52.3,1.2,1.2712921669777288,0.11693991087405615,689.8532181339054,0.3120822435088446
52.31666666666667,1.2,1.2712823195062088,0.11692001109852695,689.8639055101478,0.31208707836395183
52.333333333333336,1.2,1.2712724788522562,0.11690012534633798,689.874585735444,0.3120919099840473
52.35,1.2,1.2712626450083964,0.11688025360186981,689.8852588173991,0.31209673837257135
52.36666666666667,1.2,1.2712528179671654,0.11686039584952632,689.8959247636072,0.3121015635329594
52.38333333333333,1.2,1.2712429977211104,0.1168405520737349,689.9065835816516,0.31210638546864233
52.4,1.2,1.2712331842627895,0.1168207222589461,689.9172352791048,0.3121112041830456
52.416666666666664,1.2,1.271223377584772,0.11680090638963408,689.9278798635285,0.31211601967959013
52.43333333333333,1.2,1.2712135776796383,0.11678110445029606,689.9385173424729,0.3121208319616916
52.45,1.2,1.2712037845399793,0.11676131642545254,689.9491477234783,0.312125641032761
52.46666666666667,1.2,1.271193998158397,0.11674154229964723,689.9597710140738,0.31213044689620467
52.483333333333334,1.2,1.2711842185275042,0.11672178205744696,689.9703872217776,0.3121352495554236
52.5,1.2,1.2711744456399254,0.11670203568344177,689.9809963540971,0.31214004901381404
52.516666666666666,1.2,1.2711646794882947,0.11668230316224451,689.9915984185294,0.31214484527476766
52.53333333333333,1.2,1.2711549200652574,0.11666258447849132,690.0021934225606,0.312149638341671
52.55,1.2,1.271145167363471,0.11664287961684117,690.0127813736655,0.31215442821790573
52.56666666666667,1.2,1.271135421375602,0.11662318856197598,690.0233622793093,0.3121592149068489
52.583333333333336,1.2,1.2711256820943284,0.11660351129860057,690.0339361469458,0.31216399841187265
52.6,1.2,1.271115949512339,0.1165838478114425,690.0445029840185,0.31216877873634424
52.61666666666667,1.2,1.2711062236223336,0.1165641980852524,690.0550627979601,0.31217355588362616
52.63333333333333,1.2,1.2710965044170222,0.1165445621048033,690.0656155961925,0.312178329857076
52.65,1.2,1.2710867918891262,0.11652493985489124,690.0761613861274,0.31218310066004673
52.666666666666664,1.2,1.2710770860313767,0.11650533132033487,690.0867001751659,0.3121878682958866
52.68333333333333,1.2,1.2710673868365163,0.11648573648597535,690.0972319706981,0.3121926327679387
52.7,1.2,1.2710576942972984,0.11646615533667658,690.1077567801038,0.3121973940795416
52.71666666666667,1.2,1.2710480084064857,0.1164465878573249,690.1182746107528,0.3122021522340295
52.733333333333334,1.2,1.2710383291568534,0.11642703403282918,690.1287854700034,0.31220690723473093
52.75,1.2,1.2710286565411861,0.11640749384812077,690.1392893652044,0.31221165908497056
52.766666666666666,1.2,1.2710189905522788,0.1163879672881535,690.1497863036933,0.31221640778806775
52.78333333333333,1.2,1.2710093311829378,0.11636845433790344,690.1602762927981,0.31222115334733774
52.8,1.2,1.2709996784259798,0.11634895498236911,690.1707593398353,0.3122258957660903
52.81666666666667,1.2,1.2709900322742318,0.11632946920657129,690.1812354521117,0.31223063504763093
52.833333333333336,1.2,1.2709803927205312,0.11630999699555312,690.1917046369235,0.31223537119526046
52.85,1.2,1.270970759757726,0.11629053833437977,690.2021669015567,0.31224010421227494
52.86666666666667,1.2,1.2709611333786748,0.11627109320813872,690.2126222532867,0.3122448341019656
52.88333333333333,1.2,1.2709515135762461,0.11625166160193945,690.2230706993787,0.31224956086761935
52.9,1.2,1.2709419003433198,0.11623224350091374,690.2335122470878,0.31225428451251813
52.916666666666664,1.2,1.2709322936727858,0.11621283889021519,690.2439469036582,0.31225900503993925
52.93333333333333,1.2,1.270922693557543,0.11619344775501955,690.2543746763247,0.3122637224531556
52.95,1.2,1.2709130999905034,0.11617407008052454,690.2647955723106,0.312268436755435
52.96666666666667,1.2,1.2709035129645874,0.11615470585194973,690.2752095988304,0.312273147950041
52.983333333333334,1.2,1.2708939324727258,0.11613535505453673,690.2856167630872,0.31227785604023245
53.0,1.2,1.2708843585078602,0.11611601767354884,690.2960170722749,0.31228256102926366
53.016666666666666,1.2,1.2708747910629423,0.11609669369427122,690.3064105335761,0.31228726292038406
53.03333333333333,1.2,1.2708652301309349,0.11607738310201088,690.3167971541641,0.31229196171683865
53.05,1.2,1.2708556757048093,0.1160580858820964,690.3271769412016,0.3122966574218679
53.06666666666667,1.2,1.270846127777549,0.11603880201987804,690.3375499018415,0.31230135003870757
53.083333333333336,1.2,1.2708365863421458,0.1160195315007279,690.3479160432264,0.312306039570589
53.1,1.2,1.2708270513916031,0.11600027431003955,690.3582753724891,0.3123107260207389
53.11666666666667,1.2,1.270817522918934,0.11598103043322816,690.3686278967515,0.31231540939237923
53.13333333333333,1.2,1.270808000917162,0.11596179985573038,690.3789736231262,0.31232008968872754
53.15,1.2,1.2707984853793202,0.11594258256300446,690.3893125587157,0.3123247669129971
53.166666666666664,1.2,1.2707889762984523,0.11592337854052998,690.3996447106119,0.3123294410683961
53.18333333333333,1.2,1.270779473667612,0.11590418777380798,690.4099700858976,0.3123341121581287
53.2,1.2,1.2707699774798626,0.11588501024836084,690.4202886916449,0.3123387801853943
53.21666666666667,1.2,1.2707604877282788,0.11586584594973232,690.4306005349162,0.3123434451533878
53.233333333333334,1.2,1.2707510044059438,0.11584669486348745,690.4409056227636,0.31234810706529953
53.25,1.2,1.2707415275059517,0.11582755697521244,690.4512039622299,0.3123527659243156
53.266666666666666,1.2,1.2707320570214062,0.11580843227051486,690.4614955603474,0.3123574217336173
53.28333333333333,1.2,1.2707225929454218,0.11578932073502335,690.4717804241388,0.31236207449638165
53.3,1.2,1.2707131352711216,0.11577022235438772,690.4820585606169,0.3123667242157812
53.31666666666667,1.2,1.27070368399164,0.11575113711427876,690.4923299767845,0.3123713708949838
53.333333333333336,1.2,1.2706942391001204,0.11573206500038852,690.5025946796346,0.31237601453715325
53.35,1.2,1.2706848005897167,0.11571300599842996,690.5128526761504,0.31238065514544844
53.36666666666667,1.2,1.2706753684535927,0.11569396009413689,690.5231039733052,0.3123852927230241
53.38333333333333,1.2,1.2706659426849216,0.11567492727326434,690.5333485780627,0.31238992727303067
53.4,1.2,1.2706565232768867,0.11565590752158805,690.5435864973767,0.3123945587986138
53.416666666666664,1.2,1.270647110222682,0.11563690082490466,690.5538177381909,0.3123991873029147
53.43333333333333,1.2,1.2706377035155096,0.11561790716903164,690.56404230744,0.31240381278907076
53.45,1.2,1.2706283031485825,0.11559892653980726,690.5742602120483,0.31240843526021433
53.46666666666667,1.2,1.2706189091151239,0.11557995892309053,690.5844714589308,0.3124130547194737
53.483333333333334,1.2,1.2706095214083661,0.1155610043047612,690.5946760549923,0.3124176711699725
53.5,1.2,1.270600140021551,0.11554206267071962,690.6048740071287,0.3124222846148304
53.516666666666666,1.2,1.2705907649479307,0.11552313400688691,690.6150653222254,0.31242689505716237
53.53333333333333,1.2,1.270581396180767,0.11550421829920454,690.6252500071588,0.312431502500079
53.55,1.2,1.270572033713331,0.11548531553363489,690.6354280687954,0.31243610694668683
53.56666666666667,1.2,1.2705626775389045,0.11546642569616056,690.6455995139919,0.31244070840008764
53.583333333333336,1.2,1.2705533276507774,0.1154475487727848,690.6557643495956,0.3124453068633792
53.6,1.2,1.2705439840422508,0.11542868474953129,690.6659225824445,0.31244990233965475
53.61666666666667,1.2,1.2705346467066345,0.115409833612444,690.6760742193667,0.3124544948320033
53.63333333333333,1.2,1.2705253156372478,0.11539099534758751,690.6862192671808,0.3124590843435098
53.65,1.2,1.2705159908274208,0.11537216994104643,690.6963577326958,0.31246367087725413
53.666666666666664,1.2,1.2705066722704919,0.11535335737892592,690.7064896227114,0.3124682544363127
53.68333333333333,1.2,1.2704973599598097,0.11533455764735134,690.7166149440175,0.31247283502375706
53.7,1.2,1.2704880538887318,0.11531577073246815,690.7267337033949,0.31247741264265483
53.71666666666667,1.2,1.2704787540506264,0.1152969966204422,690.7368459076147,0.31248198729606924
53.733333333333334,1.2,1.2704694604388702,0.11527823529745933,690.7469515634385,0.312486558987059
53.75,1.2,1.2704601730468499,0.11525948674972553,690.7570506776188,0.312491127718679
53.766666666666666,1.2,1.2704508918679616,0.11524075096346698,690.7671432568983,0.3124956934939795
53.78333333333333,1.2,1.2704416168956103,0.11522202792492975,690.7772293080106,0.3125002563160068
53.8,1.2,1.270432348123212,0.11520331762038,690.7873088376795,0.3125048161878025
53.81666666666667,1.2,1.2704230855441903,0.11518462003610384,690.7973818526201,0.3125093731124047
53.833333333333336,1.2,1.2704138291519793,0.11516593515840737,690.8074483595374,0.31251392709284637
53.85,1.2,1.2704045789400225,0.11514726297361648,690.8175083651275,0.312518478132157
53.86666666666667,1.2,1.270395334901772,0.11512860346807696,690.8275618760775,0.3125230262333616
53.88333333333333,1.2,1.2703860970306897,0.11510995662815449,690.8376088990647,0.312527571399481
53.9,1.2,1.2703768653202479,0.11509132244023437,690.8476494407569,0.31253211363353167
53.916666666666664,1.2,1.2703676397639263,0.11507270089072194,690.8576835078134,0.3125366529385261
53.93333333333333,1.2,1.2703584203552154,0.11505409196604195,690.8677111068836,0.3125411893174725
53.95,1.2,1.2703492070876143,0.11503549565263903,690.877732244608,0.31254572277337483
53.96666666666667,1.2,1.270339999954632,0.11501691193697741,690.8877469276174,0.312550253309233
53.983333333333334,1.2,1.2703307989497858,0.11499834080554092,690.8977551625344,0.3125547809280429
54.0,1.2,1.270321604066603,0.11497978224483285,690.9077569559714,0.3125593056327959
54.016666666666666,1.2,1.2703124152986196,0.11496123624137619,690.9177523145323,0.3125638274264794
54.03333333333333,1.2,1.270303232639382,0.11494270278171347,690.9277412448113,0.31256834631207675
54.05,1.2,1.2702940560824443,0.11492418185240649,690.9377237533937,0.31257286229256703
54.06666666666667,1.2,1.2702848856213704,0.11490567344003665,690.947699846856,0.31257737537092534
54.083333333333336,1.2,1.270275721249734,0.1148871775312047,690.957669531765,0.31258188555012245
54.1,1.2,1.2702665629611167,0.1148686941125307,690.967632814679,0.3125863928331252
54.11666666666667,1.2,1.2702574107491102,0.11485022317065409,690.9775897021467,0.3125908972228963
54.13333333333333,1.2,1.2702482646073152,0.11483176469223366,690.9875402007079,0.3125953987223941
54.15,1.2,1.2702391245293412,0.11481331866394733,690.9974843168937,0.31259989733457333
54.166666666666664,1.2,1.2702299905088064,0.1147948850724923,691.007422057226,0.3126043930623844
54.18333333333333,1.2,1.2702208625393392,0.11477646390458503,691.0173534282171,0.3126088859087734
54.2,1.2,1.2702117406145765,0.11475805514696102,691.0272784363711,0.3126133758766827
54.21666666666667,1.2,1.270202624728164,0.11473965878637499,691.0371970881827,0.3126178629690504
54.233333333333334,1.2,1.2701935148737564,0.11472127480960062,691.0471093901378,0.31262234718881077
54.25,1.2,1.2701844110450178,0.11470290320343082,691.0570153487135,0.31262682853889384
54.266666666666666,1.2,1.2701753132356215,0.11468454395467736,691.0669149703774,0.3126313070222256
54.28333333333333,1.2,1.2701662214392486,0.1146661970501711,691.0768082615888,0.3126357826417281
54.3,1.2,1.2701571356495904,0.11464786247676173,691.0866952287977,0.3126402554003192
54.31666666666667,1.2,1.2701480558603466,0.11462954022131797,691.0965758784453,0.312644725300913
54.333333333333336,1.2,1.2701389820652262,0.11461123027072737,691.106450216964,0.31264919234641936
54.35,1.2,1.2701299142579463,0.1145929326118963,691.1163182507775,0.3126536565397442
54.36666666666667,1.2,1.2701208524322338,0.11457464723174997,691.1261799863003,0.31265811788378944
54.38333333333333,1.2,1.2701117965818238,0.11455637411723239,691.1360354299381,0.3126625763814531
54.4,1.2,1.270102746700461,0.11453811325530629,691.1458845880883,0.31266703203562907
54.416666666666664,1.2,1.2700937027818984,0.11451986463295313,691.1557274671388,0.31267148484920726
54.43333333333333,1.2,1.2700846648198978,0.11450162823717305,691.1655640734692,0.3126759348250737
54.45,1.2,1.2700756328082299,0.11448340405498479,691.1753944134501,0.3126803819661105
54.46666666666667,1.2,1.2700666067406743,0.11446519207342574,691.1852184934436,0.3126848262751956
54.483333333333334,1.2,1.2700575866110198,0.11444699227955188,691.1950363198026,0.31268926775520317
54.5,1.2,1.270048572413063,0.11442880466043773,691.2048478988718,0.3126937064090034
54.516666666666666,1.2,1.2700395641406097,0.11441062920317625,691.2146532369869,0.3126981422394626
54.53333333333333,1.2,1.270030561787475,0.11439246589487889,691.224452340475,0.31270257524944284
54.55,1.2,1.270021565347482,0.11437431472267576,691.2342452156545,0.31270700544180274
54.56666666666667,1.2,1.2700125748144628,0.11435617567371506,691.2440318688348,0.3127114328193965
54.583333333333336,1.2,1.2700035901822584,0.11433804873516357,691.2538123063175,0.31271585738507496
54.6,1.2,1.269994611444718,0.11431993389420636,691.2635865343946,0.31272027914168443
54.61666666666667,1.2,1.2699856385956996,0.11430183113804687,691.2733545593502,0.3127246980920679
54.63333333333333,1.2,1.2699766716290704,0.11428374045390668,691.2831163874594,0.3127291142390641
54.65,1.2,1.2699677105387048,0.11426566182902581,691.2928720249889,0.312733527585508
54.666666666666664,1.2,1.2699587553184881,0.11424759525066235,691.3026214781968,0.3127379381342307
54.68333333333333,1.2,1.269949805962312,0.11422954070609256,691.3123647533325,0.3127423458880594
54.7,1.2,1.269940862464078,0.11421149818261099,691.3221018566369,0.3127467508498174
54.71666666666667,1.2,1.269931924817696,0.11419346766753022,691.3318327943425,0.3127511530223242
54.733333333333334,1.2,1.269922993017084,0.11417544914818092,691.3415575726733,0.31275555240839553
54.75,1.2,1.2699140670561686,0.11415744261191174,691.3512761978448,0.31275994901084314
54.766666666666666,1.2,1.2699051469288865,0.11413944804608955,691.3609886760634,0.31276434283247473
54.78333333333333,1.2,1.26989623262918,0.11412146543809903,691.370695013528,0.3127687338760948
54.8,1.2,1.2698873241510025,0.11410349477534286,691.3803952164287,0.3127731221445034
54.81666666666667,1.2,1.2698784214883148,0.11408553604524163,691.3900892909465,0.31277750764049694
54.833333333333336,1.2,1.2698695246350855,0.11406758923523388,691.3997772432552,0.3127818903668683
54.85,1.2,1.2698606335852933,0.11404965433277603,691.409459079519,0.31278627032640616
54.86666666666667,1.2,1.2698517483329241,0.11403173132534225,691.4191348058945,0.31279064752189567
54.88333333333333,1.2,1.2698428688719727,0.11401382020042455,691.4288044285294,0.31279502195611797
54.9,1.2,1.269833995196442,0.1139959209455327,691.4384679535633,0.31279939363185066
54.916666666666664,1.2,1.2698251273003436,0.11397803354819422,691.4481253871274,0.31280376255186726
54.93333333333333,1.2,1.2698162651776972,0.1139601579959543,691.4577767353446,0.31280812871893776
54.95,1.2,1.269807408822531,0.11394229427637587,691.4674220043295,0.31281249213582835
54.96666666666667,1.2,1.269798558228882,0.11392444237703939,691.4770612001881,0.31281685280530136
54.983333333333334,1.2,1.2697897133907945,0.11390660228554299,691.4866943290185,0.3128212107301155
55.0,1.2,1.269780874302322,0.11388877398950245,691.4963213969102,0.31282556591302557
55.016666666666666,1.2,1.2697720409575262,0.11387095747655099,691.5059424099444,0.3128299183567826
55.03333333333333,1.2,1.2697632133504768,0.11385315273433935,691.5155573741945,0.3128342680641341
55.05,1.2,1.2697543914752518,0.11383535975053588,691.5251662957252,0.31283861503782384
55.06666666666667,1.2,1.2697455753259372,0.11381757851282624,691.5347691805931,0.3128429592805917
55.083333333333336,1.2,1.2697367648966287,0.11379980900891358,691.5443660348465,0.31284730079517376
55.1,1.2,1.2697279601814282,0.11378205122651841,691.5539568645256,0.3128516395843027
55.11666666666667,1.2,1.269719161174447,0.11376430515337863,691.5635416756628,0.31285597565070733
55.13333333333333,1.2,1.269710367869804,0.11374657077724948,691.5731204742814,0.3128603089971127
55.15,1.2,1.2697015802616278,0.11372884808590344,691.5826932663973,0.3128646396262402
55.166666666666664,1.2,1.269692798344053,0.11371113706713037,691.5922600580179,0.3128689675408077
55.18333333333333,1.2,1.2696840221112238,0.11369343770873727,691.6018208551429,0.3128732927435291
55.2,1.2,1.2696752515572918,0.11367574999854836,691.6113756637633,0.31287761523711494
55.21666666666667,1.2,1.2696664866764176,0.11365807392440513,691.6209244898623,0.31288193502427186
55.233333333333334,1.2,1.269657727462769,0.11364040947416611,691.6304673394151,0.312886252107703
55.25,1.2,1.2696489739105226,0.11362275663570695,691.6400042183884,0.31289056649010755
55.266666666666666,1.2,1.2696402260138624,0.11360511539692043,691.6495351327414,0.31289487817418155
55.28333333333333,1.2,1.2696314837669813,0.11358748574571645,691.6590600884249,0.31289918716261683
55.3,1.2,1.2696227471640797,0.11356986767002186,691.6685790913817,0.3129034934581021
55.31666666666667,1.2,1.2696140161993663,0.11355226115778043,691.6780921475466,0.31290779706332206
55.333333333333336,1.2,1.2696052908670576,0.11353466619695309,691.6875992628466,0.312912097980958
55.35,1.2,1.269596571161378,0.11351708277551749,691.6971004432004,0.3129163962136876
55.36666666666667,1.2,1.2695878570765606,0.11349951088146838,691.7065956945186,0.3129206917641847
55.38333333333333,1.2,1.2695791486068455,0.11348195050281734,691.7160850227045,0.31292498463511986
55.4,1.2,1.269570445746482,0.11346440162759272,691.7255684336525,0.31292927482915966
55.416666666666664,1.2,1.2695617484897264,0.11344686424383972,691.7350459332499,0.3129335623489674
55.43333333333333,1.2,1.269553056830843,0.11342933833962038,691.7445175273757,0.3129378471972028
55.45,1.2,1.269544370764105,0.11341182390301349,691.7539832219009,0.3129421293765217
55.46666666666667,1.2,1.269535690283792,0.11339432092211449,691.7634430226886,0.3129464088895767
55.483333333333334,1.2,1.2695270153841929,0.11337682938503561,691.7728969355944,0.3129506857390166
55.5,1.2,1.2695183460596036,0.11335934927990571,691.7823449664658,0.3129549599274867
55.516666666666666,1.2,1.2695096823043284,0.11334188059487038,691.7917871211417,0.3129592314576287
55.53333333333333,1.2,1.269501024112679,0.11332442331809167,691.8012234054548,0.31296350033208115
55.55,1.2,1.2694923714789756,0.11330697743774831,691.8106538252283,0.3129677665534784
55.56666666666667,1.2,1.2694837243975454,0.11328954294203555,691.8200783862785,0.31297203012445163
55.583333333333336,1.2,1.2694750828627248,0.1132721198191652,691.8294970944136,0.3129762910476284
55.6,1.2,1.269466446868856,0.11325470805736554,691.8389099554341,0.31298054932563296
55.61666666666667,1.2,1.269457816410291,0.1132373076448813,691.8483169751328,0.3129848049610857
55.63333333333333,1.2,1.2694491914813884,0.1132199185699738,691.8577181592943,0.31298905795660364
55.65,1.2,1.2694405720765145,0.1132025408209205,691.8671135136962,0.3129933083148005
55.666666666666664,1.2,1.2694319581900444,0.11318517438601548,691.8765030441075,0.3129975560382861
55.68333333333333,1.2,1.26942334981636,0.11316781925356911,691.8858867562899,0.3130018011296669
55.7,1.2,1.2694147469498511,0.113150475411908,691.8952646559977,0.3130060435915461
55.71666666666667,1.2,1.2694061495849158,0.11313314284937513,691.9046367489767,0.3130102834265232
55.733333333333334,1.2,1.2693975577159593,0.11311582155432977,691.9140030409658,0.31301452063719415
55.75,1.2,1.2693889713373943,0.11309851151514737,691.9233635376958,0.31301875522615175
55.766666666666666,1.2,1.2693803904436418,0.11308121272021958,691.9327182448897,0.31302298719598487
55.78333333333333,1.2,1.2693718150291304,0.11306392515795433,691.9420671682632,0.3130272165492793
55.8,1.2,1.269363245088296,0.1130466488167756,691.9514103135242,0.31303144328861726
55.81666666666667,1.2,1.2693546806155824,0.11302938368512361,691.960747686373,0.31303566741657746
55.833333333333336,1.2,1.269346121605441,0.11301212975145453,691.9700792925023,0.31303988893573514
55.85,1.2,1.2693375680523304,0.1129948870042407,691.979405137597,0.31304410784866227
55.86666666666667,1.2,1.2693290199507175,0.11297765543197055,691.988725227335,0.3130483241579272
55.88333333333333,1.2,1.2693204772950761,0.1129604350231484,691.9980395673857,0.31305253786609505
55.9,1.2,1.2693119400798887,0.11294322576629459,692.0073481634115,0.3130567489757272
55.916666666666664,1.2,1.269303408299644,0.11292602764994553,692.0166510210673,0.3130609574893819
55.93333333333333,1.2,1.2692948819488385,0.11290884066265339,692.0259481460005,0.31306516340961404
55.95,1.2,1.2692863610219773,0.11289166479298632,692.0352395438505,0.31306936673897473
55.96666666666667,1.2,1.2692778455135723,0.11287450002952841,692.0445252202496,0.313073567480012
55.983333333333334,1.2,1.2692693354181426,0.1128573463608795,692.0538051808225,0.3130777656352705
56.0,1.2,1.2692608307302151,0.11284020377565537,692.0630794311863,0.3130819612072912
56.016666666666666,1.2,1.2692523314443245,0.11282307226248744,692.0723479769509,0.3130861541986121
56.03333333333333,1.2,1.2692438375550124,0.11280595181002304,692.0816108237186,0.31309034461176743
56.05,1.2,1.2692353490568284,0.1127888424069251,692.0908679770838,0.31309453244928814
56.06666666666667,1.2,1.2692268659443289,0.11277174404187237,692.1001194426345,0.31309871771370223
56.083333333333336,1.2,1.2692183882120787,0.11275465670355922,692.10936522595,0.3131029004075337
56.1,1.2,1.2692099158546488,0.1127375803806957,692.1186053326034,0.3131070805333037
56.11666666666667,1.2,1.2692014488666192,0.11272051506200753,692.127839768159,0.3131112580935295
56.13333333333333,1.2,1.2691929872425753,0.11270346073623601,692.1370685381755,0.31311543309072587
56.15,1.2,1.269184530977112,0.11268641739213797,692.1462916482026,0.3131196055274033
56.166666666666664,1.2,1.2691760800648297,0.11266938501848583,692.1555091037834,0.31312377540606945
56.18333333333333,1.2,1.269167634500337,0.11265236360406743,692.1647209104538,0.3131279427292288
56.2,1.2,1.2691591942782503,0.11263535313768633,692.1739270737418,0.3131321074993821
56.21666666666667,1.2,1.269150759393193,0.11261835360816143,692.1831275991682,0.3131362697190268
56.233333333333334,1.2,1.269142329839795,0.11260136500432696,692.1923224922472,0.31314042939065767
56.25,1.2,1.269133905612695,0.11258438731503274,692.2015117584846,0.31314458651676536
56.266666666666666,1.2,1.2691254867065374,0.11256742052914388,692.2106954033796,0.31314874109983765
56.28333333333333,1.2,1.269117073115975,0.11255046463554089,692.219873432424,0.313152893142359
56.3,1.2,1.2691086648356678,0.11253351962311955,692.2290458511023,0.3131570426468105
56.31666666666667,1.2,1.2691002618602822,0.11251658548079102,692.2382126648919,0.3131611896156701
56.333333333333336,1.2,1.2690918641844933,0.11249966219748182,692.2473738792623,0.31316533405141217
56.35,1.2,1.2690834718029822,0.11248274976213356,692.2565294996768,0.3131694759565081
56.36666666666667,1.2,1.2690750847104377,0.11246584816370316,692.2656795315906,0.3131736153334259
56.38333333333333,1.2,1.2690667029015552,0.11244895739116273,692.2748239804521,0.3131777521846304
56.4,1.2,1.2690583263710387,0.11243207743349957,692.2839628517024,0.31318188651258305
56.416666666666664,1.2,1.269049955113598,0.11241520827971609,692.2930961507755,0.3131860183197421
56.43333333333333,1.2,1.2690415891239508,0.1123983499188299,692.3022238830981,0.31319014760856245
56.45,1.2,1.2690332283968213,0.11238150233987362,692.3113460540899,0.31319427438149616
56.46666666666667,1.2,1.269024872926942,0.11236466553189506,692.3204626691631,0.31319839864099147
56.483333333333334,1.2,1.2690165227090515,0.11234783948395696,692.3295737337234,0.3132025203894938
56.5,1.2,1.2690081777378954,0.1123310241851371,692.3386792531687,0.3132066396294454
56.516666666666666,1.2,1.268999838008228,0.11231421962452832,692.3477792328903,0.3132107563632849
56.53333333333333,1.2,1.2689915035148085,0.11229742579123836,692.3568736782719,0.31321487059344794
56.55,1.2,1.2689831742524047,0.11228064267438997,692.3659625946907,0.3132189823223673
56.56666666666667,1.2,1.2689748502157914,0.11226387026312074,692.3750459875162,0.31322309155247174
56.583333333333336,1.2,1.2689665313997498,0.11224710854658324,692.3841238621111,0.31322719828618756
56.6,1.2,1.2689582177990681,0.11223035751394486,692.3931962238314,0.31323130252593767
56.61666666666667,1.2,1.2689499094085426,0.11221361715438777,692.4022630780257,0.3132354042741417
56.63333333333333,1.2,1.2689416062229757,0.11219688745710914,692.4113244300353,0.313239503533216
56.65,1.2,1.2689333082371765,0.11218016841132071,692.420380285195,0.313243600305574
56.666666666666664,1.2,1.2689250154459628,0.1121634600062491,692.4294306488323,0.3132476945936258
56.68333333333333,1.2,1.2689167278441575,0.11214676223113565,692.4384755262678,0.31325178639977835
56.7,1.2,1.2689084454265913,0.11213007507523645,692.447514922815,0.3132558757264355
56.71666666666667,1.2,1.2689001681881018,0.11211339852782219,692.4565488437808,0.3132599625759979
56.733333333333334,1.2,1.2688918961235334,0.11209673257817834,692.4655772944647,0.3132640469508632
56.75,1.2,1.2688836292277383,0.11208007721560495,692.4746002801589,0.3132681288534253
56.766666666666666,1.2,1.2688753674955744,0.11206343242941666,692.4836178061499,0.3132722082860759
56.78333333333333,1.2,1.2688671109219072,0.11204679820894273,692.4926298777162,0.31327628525120294
56.8,1.2,1.268858859501609,0.11203017454352696,692.5016365001298,0.3132803597511913
56.81666666666667,1.2,1.2688506132295592,0.11201356142252777,692.5106376786556,0.3132844317884228
56.833333333333336,1.2,1.2688423721006437,0.11199695883531802,692.5196334185515,0.3132885013652762
56.85,1.2,1.2688341361097553,0.111980366771285,692.5286237250691,0.3132925684841271
56.86666666666667,1.2,1.268825905251794,0.11196378521983065,692.5376086034526,0.31329663314734807
56.88333333333333,1.2,1.2688176795216664,0.11194721417037112,692.5465880589395,0.31330069535730837
56.9,1.2,1.2688094589142862,0.11193065361233721,692.5555620967604,0.31330475511637423
56.916666666666664,1.2,1.2688012434245737,0.11191410353517396,692.564530722139,0.313308812426909
56.93333333333333,1.2,1.268793033047456,0.11189756392834081,692.5734939402925,0.31331286729127267
56.95,1.2,1.268784827777867,0.11188103478131156,692.5824517564307,0.3133169197118223
56.96666666666667,1.2,1.2687766276107477,0.11186451608357423,692.5914041757574,0.3133209696909118
56.983333333333334,1.2,1.2687684325410455,0.1118480078246313,692.6003512034688,0.31332501723089207
57.0,1.2,1.2687602425637148,0.11183150999399943,692.6092928447548,0.3133290623341109
57.016666666666666,1.2,1.2687520576737168,0.11181502258120954,692.6182291047985,0.31333310500291306
57.03333333333333,1.2,1.268743877866019,0.11179854557580668,692.6271599887759,0.3133371452396401
57.05,1.2,1.2687357031355964,0.11178207896735026,692.6360855018567,0.3133411830466307
57.06666666666667,1.2,1.26872753347743,0.11176562274541377,692.6450056492034,0.31334521842622054
57.083333333333336,1.2,1.2687193688865082,0.11174917689958482,692.6539204359722,0.313349251380742
57.1,1.2,1.2687112093578254,0.11173274141946521,692.6628298673124,0.31335328191252465
57.11666666666667,1.2,1.2687030548863834,0.11171631629467077,692.6717339483665,0.31335731002389483
57.13333333333333,1.2,1.2686949054671897,0.11169990151483156,692.6806326842707,0.3133613357171762
57.15,1.2,1.2686867610952597,0.11168349706959149,692.6895260801537,0.3133653589946889
57.166666666666664,1.2,1.268678621765615,0.11166710294860863,692.6984141411383,0.3133693798587504
57.18333333333333,1.2,1.2686704874732828,0.11165071914155496,692.7072968723405,0.3133733983116752
57.2,1.2,1.2686623582132985,0.11163434563811654,692.7161742788693,0.3133774143557745
57.21666666666667,1.2,1.2686542339807034,0.11161798242799334,692.7250463658277,0.3133814279933568
57.233333333333334,1.2,1.2686461147705457,0.11160162950089925,692.733913138311,0.3133854392267272
57.25,1.2,1.2686380005778792,0.11158528684656208,692.742774601409,0.3133894480581883
57.266666666666666,1.2,1.268629891397766,0.11156895445472359,692.7516307602043,0.3133934544900394
57.28333333333333,1.2,1.2686217872252734,0.11155263231513923,692.7604816197733,0.31339745852457696
57.3,1.2,1.268613688055476,0.11153632041757852,692.769327185185,0.31340146016409426
57.31666666666667,1.2,1.2686055938834544,0.11152001875182467,692.7781674615028,0.31340545941088177
57.333333333333336,1.2,1.2685975047042966,0.11150372730767469,692.7870024537827,0.31340945626722694
57.35,1.2,1.2685894205130959,0.11148744607493935,692.7958321670751,0.3134134507354143
57.36666666666667,1.2,1.2685813413049534,0.11147117504344319,692.8046566064228,0.3134174428177254
57.38333333333333,1.2,1.2685732670749756,0.11145491420302439,692.8134757768628,0.3134214325164387
57.4,1.2,1.2685651978182764,0.11143866354353499,692.8222896834254,0.3134254198338301
57.416666666666664,1.2,1.268557133529976,0.11142242305484061,692.8310983311342,0.31342940477217196
57.43333333333333,1.2,1.2685490742052004,0.11140619272682051,692.8399017250065,0.31343338733373427
57.45,1.2,1.2685410198390832,0.11138997254936762,692.8486998700528,0.3134373675207836
57.46666666666667,1.2,1.2685329704267636,0.11137376251238848,692.8574927712777,0.3134413453355841
57.483333333333334,1.2,1.2685249259633873,0.11135756260580307,692.8662804336791,0.31344532078039655
57.5,1.2,1.2685168864441072,0.11134137281954526,692.8750628622477,0.3134492938574789
57.516666666666666,1.1999666666666666,1.2685088516527594,0.1113251927180129,692.8838402928254,0.3134358508451259
57.53333333333333,1.1999333333333335,1.2685008214017304,0.11130902192311343,692.8926129300824,0.3134224057071012
57.55,1.1999000000000002,1.2684927956699492,0.11129286039213772,692.9013807967592,0.31340895845407063
57.56666666666667,1.1998666666666666,1.2684847744459131,0.11127670810164493,692.9101439051462,0.3133955090919707
57.583333333333336,1.1998333333333333,1.26847675772117,0.11126056503433848,692.9189022642017,0.3133820576252303
57.6,1.1998,1.2684687454886985,0.11124443117580492,692.927655881321,0.3133686040575702
57.61666666666667,1.1997666666666666,1.2684607377422843,0.11122830651325599,692.9364047630185,0.31335514839231204
57.63333333333333,1.1997333333333333,1.2684527344762215,0.11121219103492622,692.9451489152547,0.3133416906325265
57.65,1.1997,1.268444735685147,0.11119608472974285,692.9538883436155,0.31332823078111405
57.666666666666664,1.1996666666666667,1.2684367413639435,0.1111799875871288,692.9626230534183,0.3133147688408532
57.68333333333333,1.1996333333333336,1.2684287515076775,0.11116389959687652,692.9713530497813,0.31330130481443214
57.7,1.1996,1.2684207661115559,0.11114782074906288,692.9800783376689,0.3132878387044686
57.71666666666667,1.1995666666666667,1.2684127851708982,0.11113175103398978,692.9887989219242,0.3132743705135252
57.733333333333334,1.1995333333333333,1.2684048086811128,0.11111569044214135,692.9975148072924,0.31326090024411973
57.75,1.1995,1.2683968366376832,0.11109963896415165,693.0062259984379,0.3132474278987331
57.766666666666666,1.1994666666666667,1.2683888690361547,0.11108359659078056,693.0149324999579,0.313233953479815
57.78333333333333,1.1994333333333334,1.2683809058721252,0.1110675633128951,693.0236343163921,0.313220476989789
57.8,1.1994,1.268372947141239,0.1110515391214542,693.0323314522309,0.3132069984310558
57.81666666666667,1.1993666666666667,1.2683649928391794,0.1110355240074972,693.0410239119221,0.31319351780599625
57.833333333333336,1.1993333333333334,1.2683570429616644,0.1110195179621339,693.049711699876,0.313180035116974
57.85,1.1993,1.2683490975044436,0.11100352097653675,693.0583948204694,0.31316655036633706
57.86666666666667,1.1992666666666667,1.2683411564632932,0.11098753304193446,693.0670732780497,0.3131530635564196
57.88333333333333,1.1992333333333334,1.268333219834015,0.11097155414960633,693.0757470769373,0.313139574689543
57.9,1.1992,1.2683252876124331,0.11095558429087754,693.0844162214286,0.3131260837680178
57.916666666666664,1.1991666666666667,1.2683173597943929,0.11093962345711558,693.0930807157977,0.31311259079414355
57.93333333333333,1.1991333333333334,1.2683094363757577,0.11092367163972651,693.1017405642982,0.31309909577021033
57.95,1.1991,1.2683015173524093,0.11090772883015212,693.1103957711658,0.31308559869849956
57.96666666666667,1.1990666666666667,1.268293602720245,0.11089179501986768,693.1190463406181,0.31307209958128424
57.983333333333334,1.1990333333333334,1.2682856924751782,0.11087587020037948,693.1276922768569,0.3130585984208296
58.0,1.199,1.268277786613136,0.11085995436322299,693.1363335840686,0.31304509521939355
58.016666666666666,1.199,1.2682698853381011,0.11084404791877892,693.144970039024,0.3130489957505487
58.03333333333333,1.199,1.2682619888259028,0.11082815122073535,693.1536014492511,0.31305289400332453
58.05,1.199,1.2682540970884735,0.11081226429282628,693.1622278014194,0.31305678997170044
58.06666666666667,1.199,1.2682462101283645,0.11079638713989959,693.1708490924508,0.3130606836542865
58.083333333333336,1.199,1.2682383279451463,0.11078051976080316,693.1794653225271,0.31306457505116475
58.1,1.199,1.2682304505370001,0.11076466215158687,693.1880764933486,0.31306846416310297
58.11666666666667,1.199,1.2682225779013294,0.11074881430673732,693.1966826074658,0.3130723509912532
58.13333333333333,1.199,1.268214710035055,0.11073297621976869,693.2052836679574,0.31307623553700575
58.15,1.199,1.2682068469347751,0.11071714788354636,693.2138796782548,0.3130801178019105
58.166666666666664,1.199,1.2681989885968608,0.11070132929047974,693.2224706420388,0.3130839977876297
58.18333333333333,1.199,1.2681911350175183,0.11068552043264594,693.2310565631706,0.3130878754959073
58.2,1.199,1.26818328619283,0.11066972130187257,693.2396374456475,0.31309175092854863
58.21666666666667,1.199,1.2681754421187816,0.1106539318897957,693.2482132935721,0.3130956240874065
58.233333333333334,1.199,1.2681676027912854,0.11063815218790168,693.2567841111288,0.3130994949743708
58.25,1.199,1.2681597682061942,0.11062238218755815,693.2653499025672,0.31310336359136076
58.266666666666666,1.199,1.2681519383593127,0.11060662188003745,693.2739106721897,0.3131072299403195
58.28333333333333,1.199,1.2681441132464077,0.11059087125653486,693.2824664243409,0.31311109402320925
58.3,1.199,1.268136292863214,0.1105751303081828,693.2910171634009,0.3131149558420081
58.31666666666667,1.199,1.268128477205441,0.11055939902606235,693.2995628937779,0.31311881539870706
58.333333333333336,1.199,1.2681206662687767,0.11054367740121221,693.3081036199042,0.3131226726953079
58.35,1.199,1.2681128600488916,0.11052796542463636,693.3166393462319,0.3131265277338214
58.36666666666667,1.199,1.2681050585414413,0.11051226308731014,693.3251700772291,0.3131303805162653
58.38333333333333,1.199,1.2680972617420703,0.11049657038018557,693.3336958173776,0.313134231044664
58.4,1.199,1.2680894696464124,0.11048088729419547,693.3422165711705,0.3131380793210466
58.416666666666664,1.199,1.2680816822500947,0.11046521382025716,693.3507323431097,0.3131419253474463
58.43333333333333,1.199,1.2680738995487368,0.11044954994927567,693.3592431377049,0.3131457691258999
58.45,1.199,1.2680661215379536,0.11043389567214631,693.3677489594719,0.3131496106584469
58.46666666666667,1.199,1.2680583482133558,0.11041825097975688,693.3762498129313,0.31315344994712896
58.483333333333334,1.199,1.2680505795705521,0.11040261586298993,693.3847457026072,0.3131572869939893
58.5,1.199,1.268042815605148,0.11038699031272416,693.3932366330268,0.3131611218010726
58.516666666666666,1.199,1.2680350563127483,0.11037137431983612,693.4017226087191,0.31316495437042424
58.53333333333333,1.199,1.268027301688956,0.11035576787520149,693.4102036342147,0.3131687847040905
58.55,1.199,1.268019551729376,0.11034017096969624,693.418679714044,0.3131726128041174
58.56666666666667,1.199,1.268011806429612,0.11032458359419764,693.4271508527385,0.3131764386725515
58.583333333333336,1.199,1.2680040657852685,0.11030900573958519,693.4356170548288,0.3131802623114392
58.6,1.199,1.2679963297919528,0.11029343739674143,693.4440783248444,0.3131840837228259
58.61666666666667,1.199,1.267988598445272,0.11027787855655266,693.452534667314,0.31318790290875703
58.63333333333333,1.199,1.2679808717408358,0.11026232920990964,693.4609860867645,0.3131917198712772
58.65,1.199,1.2679731496742568,0.110246789347708,693.4694325877207,0.31319553461242977
58.666666666666664,1.199,1.2679654322411493,0.11023125896084898,693.4778741747053,0.3131993471342575
58.68333333333333,1.199,1.2679577194371303,0.11021573804023974,693.486310852239,0.3132031574388021
58.7,1.199,1.2679500112578201,0.11020022657679389,693.4947426248389,0.3132069655281036
58.71666666666667,1.199,1.2679423076988423,0.11018472456143173,693.5031694970198,0.3132107714042011
58.733333333333334,1.199,1.267934608755823,0.11016923198508084,693.5115914732934,0.3132145750691322
58.75,1.199,1.2679269144243923,0.11015374883867607,693.5200085581679,0.31321837652493295
58.766666666666666,1.199,1.2679192247001838,0.11013827511316016,693.5284207561483,0.313222175773638
58.78333333333333,1.199,1.2679115395788354,0.1101228107994838,693.5368280717356,0.3132259728172801
58.8,1.199,1.2679038590559872,0.11010735588860582,693.5452305094277,0.31322976765789073
58.81666666666667,1.199,1.267896183127285,0.11009191037149355,693.5536280737185,0.3132335602974995
58.833333333333336,1.199,1.2678885117883778,0.11007647423912298,693.5620207690974,0.31323735073813397
58.85,1.199,1.267880845034919,0.11006104748247886,693.5704086000507,0.31324113898182027
58.86666666666667,1.199,1.267873182862566,0.110045630092555,693.5787915710599,0.31324492503058243
58.88333333333333,1.199,1.2678655252669804,0.11003022206035434,693.5871696866024,0.3132487088864427
58.9,1.199,1.2678578722438285,0.11001482337688903,693.5955429511516,0.3132524905514213
58.916666666666664,1.199,1.267850223788781,0.1099994340331807,693.6039113691764,0.31325627002753653
58.93333333333333,1.199,1.2678425798975128,0.10998405402026036,693.6122749451413,0.3132600473168048
58.95,1.199,1.2678349405657037,0.10996868332916886,693.6206336835062,0.31326382242124035
58.96666666666667,1.199,1.2678273057890372,0.10995332195095664,693.6289875887268,0.31326759534285553
58.983333333333334,1.199,1.267819675563203,0.109937969876684,693.6373366652535,0.31327136608366035
59.0,1.199,1.267812049883894,0.10992262709742102,693.6456809175332,0.313275134645663
59.016666666666666,1.199,1.267804428746809,0.10990729360424795,693.654020350007,0.31327890103086936
59.03333333333333,1.199,1.26779681214765,0.10989196938825496,693.6623549671122,0.31328266524128356
59.05,1.199,1.2677892000821258,0.1098766544405424,693.6706847732805,0.31328642727890704
59.06666666666667,1.199,1.267781592545948,0.10986134875222062,693.6790097729398,0.31329018714573953
59.083333333333336,1.199,1.2677739895348346,0.1098460523144104,693.6873299705123,0.3132939448437783
59.1,1.199,1.2677663910445072,0.10983076511824272,693.695645370416,0.3132977003750187
59.11666666666667,1.199,1.2677587970706938,0.10981548715485884,693.7039559770633,0.3133014537414535
59.13333333333333,1.199,1.2677512076091255,0.1098002184154104,693.7122617948628,0.3133052049450739
59.15,1.199,1.2677436226555399,0.10978495889105945,693.7205628282169,0.313308953987868
59.166666666666664,1.199,1.267736042205679,0.10976970857297852,693.7288590815242,0.31331270087182245
59.18333333333333,1.199,1.267728466255289,0.1097544674523505,693.7371505591778,0.31331644559892124
59.2,1.199,1.267720894800122,0.10973923552036877,693.745437265566,0.3133201881711465
59.21666666666667,1.199,1.2677133278359352,0.1097240127682374,693.7537192050718,0.3133239285904775
59.233333333333334,1.199,1.2677057653584896,0.10970879918717077,693.7619963820737,0.31332766685889196
59.25,1.199,1.2676982073635528,0.10969359476839403,693.7702688009447,0.31333140297836465
59.266666666666666,1.199,1.2676906538468964,0.10967839950314276,693.7785364660533,0.3133351369508687
59.28333333333333,1.199,1.267683104804297,0.10966321338266327,693.7867993817624,0.3133388687783745
59.3,1.199,1.2676755602315368,0.10964803639821241,693.7950575524303,0.3133425984628505
59.31666666666667,1.199,1.2676680201244028,0.10963286854105761,693.80331098241,0.3133463260062625
59.333333333333336,1.199,1.2676604844786874,0.10961770980247712,693.8115596760497,0.31335005141057437
59.35,1.199,1.2676529532901868,0.10960256017375966,693.8198036376922,0.31335377467774755
59.36666666666667,1.199,1.2676454265547037,0.1095874196462047,693.8280428716752,0.313357495809741
59.38333333333333,1.199,1.267637904268045,0.1095722882111224,693.836277382332,0.3133612148085119
59.4,1.199,1.2676303864260234,0.10955716585983352,693.8445071739898,0.3133649316760145
59.416666666666664,1.199,1.2676228730244563,0.10954205258366964,693.8527322509715,0.3133686464142011
59.43333333333333,1.199,1.2676153640591656,0.10952694837397288,693.8609526175945,0.3133723590250218
59.45,1.199,1.2676078595259792,0.10951185322209606,693.8691682781716,0.3133760695104242
59.46666666666667,1.199,1.2676003594207295,0.10949676711940279,693.8773792370099,0.3133797778723536
59.483333333333334,1.199,1.2675928637392544,0.1094816900572674,693.8855854984114,0.313383484112753
59.5,1.199,1.2675853724773967,0.10946662202707469,693.8937870666738,0.31338718823356343
59.516666666666666,1.199,1.267577885631004,0.10945156302022038,693.9019839460885,0.3133908902367229
59.53333333333333,1.199,1.2675704031959296,0.10943651302811092,693.9101761409429,0.3133945901241678
59.55,1.199,1.2675629251680312,0.10942147204216318,693.9183636555188,0.313398287897832
59.56666666666667,1.199,1.2675554515431717,0.10940644005380495,693.9265464940927,0.3134019835596469
59.583333333333336,1.199,1.26754798231722,0.10939141705447467,693.9347246609361,0.3134056771115416
59.6,1.199,1.267540517486049,0.10937640303562135,693.9428981603161,0.3134093685554433
59.61666666666667,1.199,1.267533057045537,0.10936139798870483,693.9510669964934,0.3134130578932764
59.63333333333333,1.199,1.267525600991567,0.1093464019051955,693.959231173725,0.3134167451269634
59.65,1.199,1.2675181493200283,0.10933141477657453,693.9673906962616,0.3134204302584241
59.666666666666664,1.199,1.2675107020268137,0.1093164365943336,693.9755455683496,0.3134241132895762
59.68333333333333,1.199,1.267503259107823,0.10930146734997519,693.9836957942296,0.3134277942223351
59.7,1.199,1.2674958205589588,0.10928650703501244,693.991841378138,0.313431473058614
59.71666666666667,1.199,1.26748838637613,0.10927155564096895,693.9999823243055,0.31343514980032366
59.733333333333334,1.199,1.267480956555251,0.10925661315937907,694.0081186369575,0.31343882444937243
59.75,1.199,1.26747353109224,0.10924167958178785,694.0162503203152,0.31344249700766674
59.766666666666666,1.199,1.2674661099830216,0.10922675489975081,694.0243773785938,0.3134461674771104
59.78333333333333,1.199,1.2674586932235243,0.10921183910483416,694.0324998160038,0.3134498358596049
59.8,1.199,1.2674512808096823,0.10919693218861476,694.0406176367508,0.3134535021570497
59.81666666666667,1.199,1.2674438727374346,0.10918203414267988,694.0487308450349,0.31345716637134174
59.833333333333336,1.199,1.2674364690027256,0.10916714495862757,694.0568394450517,0.3134608285043758
59.85,1.199,1.267429069601504,0.10915226462806638,694.0649434409909,0.3134644885580442
59.86666666666667,1.199,1.2674216745297242,0.10913739314261545,694.0730428370382,0.3134681465342374
59.88333333333333,1.199,1.2674142837833455,0.1091225304939043,694.0811376373733,0.31347180243484296
59.9,1.199,1.267406897358332,0.10910767667357321,694.0892278461714,0.31347545626174655
59.916666666666664,1.199,1.2673995152506528,0.10909283167327288,694.0973134676025,0.3134791080168316
59.93333333333333,1.199,1.2673921374562822,0.10907799548466453,694.1053945058313,0.31348275770197903
59.95,1.199,1.2673847639711993,0.10906316809941993,694.1134709650183,0.31348640531906785
59.96666666666667,1.199,1.267377394791389,0.1090483495092213,694.1215428493175,0.31349005086997406
59.983333333333334,1.199,1.2673700299128394,0.10903353970576132,694.1296101628795,0.3134936943565723
60.0,1.199,1.2673626693315458,0.10901873868074329,694.1376729098488,0.31349733578073435
60.016666666666666,1.199,1.2673553130435067,0.10900394642588075,694.1457310943653,0.31350097514433006
60.03333333333333,1.199,1.267347961044727,0.10898916293289786,694.1537847205636,0.31350461244922656
60.05,1.199,1.2673406133312148,0.10897438819352916,694.1618337925736,0.3135082476972892
60.06666666666667,1.199,1.2673332698989845,0.10895962219951959,694.1698783145202,0.3135118808903809
60.083333333333336,1.199,1.267325930744056,0.10894486494262456,694.1779182905229,0.3135155120303621
60.1,1.199,1.2673185958624524,0.10893011641460978,694.1859537246968,0.3135191411190914
60.11666666666667,1.199,1.2673112652502032,0.10891537660725145,694.1939846211513,0.31352276815842484
60.13333333333333,1.199,1.2673039389033418,0.10890064551233608,694.2020109839918,0.31352639315021635
60.15,1.199,1.2672966168179074,0.10888592312166054,694.2100328173175,0.3135300160963174
60.166666666666664,1.199,1.2672892989899436,0.10887120942703216,694.2180501252238,0.3135336369985777
60.18333333333333,1.199,1.2672819854154993,0.1088565044202684,694.2260629118002,0.31353725585884407
60.2,1.199,1.267274676090628,0.10884180809319723,694.234071181132,0.3135408726789616
60.21666666666667,1.199,1.2672673710113882,0.1088271204376568,694.242074937299,0.31354448746077296
60.233333333333334,1.199,1.2672600701738432,0.10881244144549562,694.2500741843762,0.31354810020611845
60.25,1.199,1.2672527735740615,0.10879777110857247,694.2580689264338,0.3135517109168364
60.266666666666666,1.199,1.267245481208116,0.10878310941875637,694.2660591675372,0.3135553195947629
60.28333333333333,1.199,1.2672381930720855,0.10876845636792666,694.2740449117462,0.31355892624173143
60.3,1.199,1.2672309091620526,0.10875381194797284,694.2820261631164,0.31356253085957364
60.31666666666667,1.199,1.2672236294741048,0.1087391761507947,694.2900029256982,0.31356613345011897
60.333333333333336,1.199,1.2672163540043353,0.10872454896830219,694.2979752035372,0.3135697340151944
60.35,1.199,1.2672090827488414,0.10870993039241551,694.3059430006738,0.3135733325566248
60.36666666666667,1.199,1.267201815703726,0.10869532041506502,694.3139063211436,0.31357692907623275
60.38333333333333,1.199,1.2671945528650956,0.10868071902819128,694.3218651689778,0.31358052357583893
60.4,1.199,1.267187294229063,0.10866612622374489,694.3298195482021,0.31358411605726144
60.416666666666664,1.199,1.2671800397917448,0.10865154199368678,694.3377694628375,0.3135877065223164
60.43333333333333,1.199,1.2671727895492628,0.10863696632998784,694.3457149169003,0.3135912949728176
60.45,1.199,1.267165543497744,0.10862239922462921,694.3536559144018,0.3135948814105767
60.46666666666667,1.199,1.2671583016333194,0.10860784066960202,694.3615924593481,0.3135984658374031
60.483333333333334,1.199,1.2671510639521255,0.10859329065690759,694.3695245557414,0.31360204825510424
60.5,1.199,1.2671438304503033,0.10857874917855717,694.3774522075779,0.31360562866548497
60.516666666666666,1.199,1.2671366011239984,0.10856421622657224,694.3853754188499,0.31360920707034834
60.53333333333333,1.199,1.2671293759693616,0.10854969179298415,694.3932941935443,0.313612783471495
60.55,1.199,1.2671221549825482,0.10853517586983448,694.4012085356434,0.3136163578707235
60.56666666666667,1.199,1.2671149381597187,0.10852066844917467,694.4091184491247,0.3136199302698302
60.583333333333336,1.199,1.2671077254970375,0.10850616952306624,694.4170239379605,0.3136235006706092
60.6,1.199,1.2671005169906748,0.10849167908358065,694.4249250061189,0.31362706907485255
60.61666666666667,1.199,1.267093312636805,0.10847719712279938,694.4328216575627,0.31363063548435
60.63333333333333,1.199,1.267086112431607,0.1084627236328138,694.4407138962504,0.31363419990088937
60.65,1.199,1.267078916371265,0.10844825860572527,694.448601726135,0.31363776232625606
60.666666666666664,1.199,1.2670717244519676,0.10843380203364511,694.4564851511657,0.3136413227622335
60.68333333333333,1.199,1.2670645366699083,0.10841935390869448,694.4643641752857,0.3136448812106028
60.7,1.199,1.2670573530212852,0.1084049142230045,694.4722388024345,0.31364843767314293
60.71666666666667,1.199,1.2670501735023008,0.10839048296871617,694.4801090365465,0.313651992151631
60.733333333333334,1.199,1.2670429981091633,0.10837606013798037,694.487974881551,0.3136555446478414
60.75,1.199,1.2670358268380848,0.10836164572295784,694.495836341373,0.31365909516354706
60.766666666666666,1.199,1.267028659685282,0.10834723971581908,694.5036934199325,0.3136626437005182
60.78333333333333,1.199,1.2670214966469768,0.10833284210874453,694.5115461211449,0.31366619026052334
60.8,1.199,1.267014337719395,0.10831845289392436,694.5193944489209,0.31366973484532856
60.81666666666667,1.199,1.2670071828987683,0.10830407206355865,694.5272384071661,0.31367327745669776
60.833333333333336,1.199,1.2670000321813322,0.10828969960985714,694.535077999782,0.31367681809639303
60.85,1.199,1.2669928855633263,0.10827533552503946,694.542913230665,0.3136803567661741
60.86666666666667,1.199,1.2669857430409968,0.10826097980133488,694.5507441037066,0.31368389346779857
60.88333333333333,1.199,1.2669786046105924,0.10824663243098254,694.5585706227942,0.3136874282030221
60.9,1.199,1.2669714702683679,0.10823229340623117,694.56639279181,0.313690960973598
60.916666666666664,1.199,1.266964340010582,0.10821796271933937,694.5742106146317,0.3136944917812776
60.93333333333333,1.199,1.2669572138334981,0.10820364036257529,694.5820240951325,0.31369802062781016
60.95,1.199,1.2669500917333845,0.10818932632821682,694.5898332371805,0.31370154751494267
60.96666666666667,1.199,1.2669429737065137,0.10817502060855155,694.5976380446397,0.3137050724444202
60.983333333333334,1.199,1.2669358597491636,0.10816072319587672,694.6054385213686,0.3137085954179855
61.0,1.199,1.266928749857616,0.1081464340824992,694.613234671222,0.3137121164373795
61.016666666666666,1.199,1.2669216440281572,0.1081321532607355,694.6210264980496,0.3137156355043408
61.03333333333333,1.199,1.2669145422570784,0.10811788072291176,694.6288140056965,0.313719152620606
61.05,1.199,1.2669074445406756,0.10810361646136366,694.6365971980032,0.3137226677879096
61.06666666666667,1.199,1.266900350875249,0.10808936046843642,694.6443760788051,0.31372618100798383
61.083333333333336,1.199,1.2668932612571033,0.10807511273648503,694.6521506519341,0.3137296922825593
61.1,1.199,1.2668861756825478,0.10806087325787386,694.6599209212164,0.31373320161336415
61.11666666666667,1.199,1.2668790941478971,0.10804664202497684,694.6676868904741,0.3137367090021244
61.13333333333333,1.199,1.2668720166494696,0.10803241903017755,694.6754485635247,0.31374021445056427
61.15,1.199,1.2668649431835879,0.10801820426586894,694.6832059441808,0.3137437179604057
61.166666666666664,1.199,1.2668578737465797,0.10800399772445354,694.6909590362511,0.3137472195333687
61.18333333333333,1.199,1.2668508083347774,0.10798979939834333,694.6987078435388,0.3137507191711711
61.2,1.199,1.2668437469445175,0.10797560927995975,694.7064523698432,0.3137542168755287
61.21666666666667,1.199,1.266836689572141,0.10796142736173371,694.7141926189588,0.3137577126481553
61.233333333333334,1.199,1.2668296362139941,0.10794725363610563,694.7219285946755,0.31376120649076245
61.25,1.199,1.2668225868664265,0.10793308809552529,694.7296603007788,0.3137646984050599
61.266666666666666,1.199,1.2668155415257927,0.10791893073245187,694.7373877410497,0.3137681883927552
61.28333333333333,1.199,1.2668085001884524,0.10790478153935397,694.7451109192644,0.3137716764555539
61.3,1.199,1.2668014628507687,0.10789064050870953,694.7528298391948,0.31377516259515953
61.31666666666667,1.199,1.26679442950911,0.10787650763300594,694.7605445046079,0.31377864681327333
61.333333333333336,1.199,1.2667874001598491,0.10786238290473989,694.7682549192667,0.3137821291115949
61.35,1.199,1.2667803747993625,0.1078482663164175,694.7759610869294,0.3137856094918215
61.36666666666667,1.199,1.266773353424032,0.10783415786055414,694.78366301135,0.3137890879556486
61.38333333333333,1.199,1.2667663360302432,0.10782005752967444,694.7913606962774,0.31379256450476933
61.4,1.199,1.266759322614387,0.10780596531631254,694.7990541454562,0.31379603914087495
61.416666666666664,1.199,1.2667523131728575,0.10779188121301157,694.8067433626272,0.31379951186565475
61.43333333333333,1.199,1.2667453077020543,0.10777780521232416,694.8144283515261,0.3138029826807961
61.45,1.199,1.2667383061983812,0.10776373730681216,694.8221091158839,0.3138064515879839
61.46666666666667,1.199,1.2667313086582461,0.10774967748904651,694.8297856594276,0.3138099185889016
61.483333333333334,1.199,1.2667243150780612,0.10773562575160761,694.8374579858797,0.31381338368523026
61.5,1.199,1.2667173254542439,0.1077215820870849,694.8451260989578,0.3138168468786489
61.516666666666666,1.199,1.2667103397832147,0.10770754648807712,694.8527900023761,0.313820308170835
61.53333333333333,1.199,1.2667033580614,0.10769351894719216,694.8604496998428,0.3138237675634633
61.55,1.199,1.2666963802852294,0.1076794994570471,694.868105195063,0.3138272250582072
61.56666666666667,1.199,1.2666894064511371,0.10766548801026815,694.875756491737,0.3138306806567378
61.583333333333336,1.199,1.2666824365555622,0.10765148459949066,694.8834035935603,0.3138341343607242
61.6,1.199,1.266675470594948,0.10763748921735916,694.8910465042245,0.31383758617183366
61.61666666666667,1.199,1.266668508565741,0.1076235018565273,694.8986852274163,0.31384103609173125
61.63333333333333,1.199,1.2666615504643945,0.10760952250965776,694.9063197668182,0.31384448412208
61.65,1.199,1.2666545962873632,0.10759555116942242,694.9139501261088,0.3138479302645414
61.666666666666664,1.199,1.2666476460311087,0.1075815878285021,694.9215763089616,0.3138513745207744
61.68333333333333,1.199,1.266640699692095,0.10756763247958684,694.9291983190458,0.31385481689243633
61.7,1.199,1.2666337572667918,0.10755368511537558,694.9368161600266,0.31385825738118245
61.71666666666667,1.199,1.2666268187516723,0.10753974572857647,694.9444298355647,0.31386169598866603
61.733333333333334,1.199,1.2666198841432144,0.10752581431190651,694.9520393493162,0.31386513271653826
61.75,1.199,1.2666129534379,0.10751189085809178,694.9596447049331,0.31386856756644865
61.766666666666666,1.199,1.2666060266322154,0.10749797535986733,694.9672459060632,0.3138720005400445
61.78333333333333,1.199,1.2665991037226514,0.10748406780997721,694.9748429563494,0.31387543163897125
61.8,1.199,1.266592184705703,0.1074701682011745,694.9824358594307,0.31387886086487227
61.81666666666667,1.199,1.266585269577869,0.10745627652622111,694.9900246189417,0.3138822882193891
61.833333333333336,1.199,1.2665783583356536,0.107442392777888,694.9976092385125,0.31388571370416135
61.85,1.199,1.266571450975564,0.10742851694895496,695.0051897217692,0.3138891373208265
61.86666666666667,1.199,1.2665645474941118,0.10741464903221076,695.0127660723333,0.31389255907102026
61.88333333333333,1.199,1.2665576478878142,0.10740078902045301,695.0203382938222,0.3138959789563764
61.9,1.199,1.2665507521531914,0.10738693690648829,695.0279063898486,0.3138993969785265
61.916666666666664,1.199,1.2665438602867674,0.107373092683132,695.0354703640215,0.3139028131391005
61.93333333333333,1.199,1.266536972285072,0.10735925634320842,695.0430302199453,0.3139062274397263
61.95,1.199,1.2665300881446382,0.10734542787955063,695.0505859612199,0.3139096398820297
61.96666666666667,1.199,1.266523207862003,0.10733160728500059,695.0581375914416,0.31391305046763496
61.983333333333334,1.199,1.2665163314337085,0.10731779455240903,695.0656851142015,0.31391645919816397
62.0,1.199,1.2665094588563,0.10730398967463554,695.0732285330873,0.31391986607523703
62.016666666666666,1.199,1.266502590126328,0.10729019264454848,695.0807678516818,0.31392327110047225
62.03333333333333,1.199,1.2664957252403468,0.10727640345502497,695.0883030735639,0.313926674275486
62.05,1.199,1.2664888641949144,0.10726262209895092,695.0958342023082,0.3139300756018927
62.06666666666667,1.199,1.2664820069865932,0.10724884856922096,695.1033612414853,0.313933475081305
62.083333333333336,1.199,1.2664751536119507,0.10723508285873848,695.110884194661,0.3139368727153332
62.1,1.199,1.266468304067557,0.10722132496041561,695.1184030653973,0.3139402685055862
62.11666666666667,1.199,1.2664614583499874,0.10720757486717317,695.1259178572518,0.3139436624536707
62.13333333333333,1.199,1.2664546164558217,0.10719383257194065,695.133428573778,0.31394705456119154
62.15,1.199,1.2664477783816455,0.10718009806766175,695.1409352185223,0.3139504448297504
62.166666666666664,1.199,1.2664409441240432,0.10716637134727719,695.1484377950328,0.3139538332609498
62.18333333333333,1.199,1.2664341136796065,0.10715265240374214,695.1559363068509,0.313957219856389
62.2,1.199,1.2664272870449313,0.10713894123002109,695.163430757513,0.31396060461766534
62.21666666666667,1.199,1.2664204642166177,0.10712523781908706,695.1709211505513,0.313963987546374
62.233333333333334,1.199,1.2664136451912698,0.10711154216392167,695.178407489494,0.3139673686441085
62.25,1.199,1.2664068299654954,0.107097854257515,695.1858897778657,0.3139707479124606
62.266666666666666,1.199,1.2664000185359074,0.1070841740928658,695.1933680191858,0.31397412535301983
62.28333333333333,1.199,1.2663932108991216,0.10707050166298127,695.2008422169703,0.31397750096737415
62.3,1.199,1.2663864070517592,0.10705683696087723,695.2083123747308,0.31398087475710945
62.31666666666667,1.199,1.266379606990444,0.10704317997957799,695.215778495975,0.31398424672381003
62.333333333333336,1.199,1.2663728107118049,0.10702953071211649,695.223240584206,0.313987616869058
62.35,1.199,1.2663660182124745,0.10701588915153412,695.2306986429234,0.31399098519443386
62.36666666666667,1.199,1.26635922948909,0.10700225529088078,695.238152675622,0.3139943517015161
62.38333333333333,1.199,1.2663524445382919,0.10698862912321491,695.245602685793,0.3139977163918812
62.4,1.199,1.2663456633567247,0.10697501064160342,695.2530486769232,0.3140010792671042
62.416666666666664,1.199,1.266338885941038,0.10696139983912165,695.2604906524955,0.31400444032875796
62.43333333333333,1.199,1.2663321122878843,0.10694779670885347,695.2679286159885,0.31400779957841357
62.45,1.199,1.266325342393921,0.10693420124389118,695.2753625708767,0.3140111570176403
62.46666666666667,1.199,1.266318576255809,0.10692061343733554,695.2827925206307,0.3140145126480055
62.483333333333334,1.199,1.2663118138702132,0.10690703328229567,695.2902184687168,0.3140178664710748
62.5,1.199,1.2663050552338029,0.10689346077188915,695.2976404185976,0.31402121848841186
62.516666666666666,1.199,1.2662983003432509,0.10687989589924195,695.3050583737312,0.31402456870157863
62.53333333333333,1.199,1.2662915491952351,0.10686633865748832,695.3124723375714,0.3140279171121349
62.55,1.199,1.2662848017864357,0.10685278903977112,695.3198823135691,0.31403126372163925
62.56666666666667,1.199,1.2662780581135382,0.10683924703924136,695.3272883051698,0.3140346085316477
62.583333333333336,1.199,1.2662713181732317,0.10682571264905852,695.3346903158158,0.3140379515437151
62.6,1.199,1.2662645819622091,0.10681218586239027,695.342088348945,0.314041292759394
62.61666666666667,1.199,1.266257849477168,0.10679866667241282,695.3494824079913,0.31404463218023526
62.63333333333333,1.199,1.2662511207148088,0.10678515507231047,695.3568724963847,0.314047969807788
62.65,1.199,1.2662443956718368,0.10677165105527597,695.364258617551,0.31405130564359945
62.666666666666664,1.199,1.2662376743449613,0.1067581546145103,695.3716407749122,0.31405463968921515
62.68333333333333,1.199,1.2662309567308945,0.1067446657432227,695.379018971886,0.3140579719461786
62.7,1.199,1.2662242428263537,0.10673118443463064,695.3863932118863,0.3140613024160317
62.71666666666667,1.199,1.2662175326280598,0.10671771068195998,695.3937634983231,0.31406463110031446
62.733333333333334,1.199,1.2662108261327374,0.1067042444784446,695.4011298346021,0.31406795800056503
62.75,1.199,1.266204123337115,0.10669078581732679,695.4084922241252,0.3140712831183198
62.766666666666666,1.199,1.266197424237926,0.10667733469185695,695.4158506702901,0.3140746064551133
62.78333333333333,1.199,1.2661907288319059,0.10666389109529369,695.423205176491,0.3140779280124787
62.8,1.199,1.2661840371157953,0.10665045502090381,695.4305557461179,0.3140812477919467
62.81666666666667,1.199,1.266177349086339,0.10663702646196238,695.4379023825563,0.31408456579504646
62.833333333333336,1.199,1.2661706647402853,0.10662360541175249,695.4452450891887,0.3140878820233056
62.85,1.199,1.266163984074386,0.10661019186356535,695.4525838693927,0.3140911964782497
62.86666666666667,1.199,1.2661573070853969,0.10659678581070052,695.4599187265426,0.3140945091614026
62.88333333333333,1.199,1.2661506337700785,0.10658338724646546,695.4672496640087,0.31409782007428644
62.9,1.199,1.2661439641251946,0.10656999616417587,695.4745766851568,0.3141011292184213
62.916666666666664,1.199,1.2661372981475123,0.10655661255715548,695.4818997933495,0.31410443659532605
62.93333333333333,1.199,1.2661306358338034,0.1065432364187361,695.4892189919452,0.31410774220651727
62.95,1.199,1.2661239771808435,0.10652986774225771,695.4965342842983,0.3141110460535099
62.96666666666667,1.199,1.2661173221854116,0.10651650652106825,695.5038456737592,0.31411434813781725
62.983333333333334,1.199,1.266110670844291,0.10650315274852375,695.5111531636744,0.31411764846095064
63.0,1.199,1.2661040231542684,0.10648980641798833,695.5184567573868,0.3141209470244199
63.016666666666666,1.199,1.266097379112135,0.106476467522834,695.5257564582352,0.31412424382973275
63.03333333333333,1.199,1.266090738714685,0.10646313605644098,695.5330522695544,0.3141275388783957
63.05,1.199,1.266084101958717,0.10644981201219726,695.5403441946755,0.3141308321719127
63.06666666666667,1.199,1.266077468841033,0.10643649538349896,695.5476322369258,0.31413412371178684
63.083333333333336,1.199,1.2660708393584397,0.10642318616375018,695.5549163996283,0.31413741349951874
63.1,1.199,1.2660642135077464,0.10640988434636298,695.5621966861023,0.31414070153660767
63.11666666666667,1.199,1.2660575912857672,0.10639658992475733,695.5694730996637,0.31414398782455105
63.13333333333333,1.199,1.2660509726893192,0.10638330289236116,695.576745643624,0.3141472723648446
63.15,1.199,1.266044357715224,0.10637002324261031,695.584014321291,0.3141505551589821
63.166666666666664,1.199,1.2660377463603065,0.10635675096894862,695.5912791359686,0.3141538362084558
63.18333333333333,1.199,1.2660311386213956,0.10634348606482769,695.5985400909572,0.3141571155147562
63.2,1.199,1.2660245344953236,0.10633022852370717,695.6057971895531,0.31416039307937216
63.21666666666667,1.199,1.2660179339789277,0.10631697833905443,695.6130504350483,0.3141636689037904
63.233333333333334,1.199,1.2660113370690478,0.10630373550434491,695.6202998307317,0.3141669429894962
63.25,1.199,1.266004743762527,0.10629050001306174,695.6275453798884,0.31417021533797335
63.266666666666666,1.199,1.2659981540562137,0.10627727185869601,695.6347870857991,0.31417348595070355
63.28333333333333,1.199,1.2659915679469596,0.10626405103474656,695.642024951741,0.3141767548291668
63.3,1.199,1.2659849854316192,0.10625083753472003,695.6492589809876,0.31418002197484163
63.31666666666667,1.199,1.2659784065070516,0.10623763135213098,695.6564891768083,0.31418328738920454
63.333333333333336,1.199,1.2659718311701196,0.10622443248050167,695.6637155424692,0.3141865510737306
63.35,1.199,1.2659652594176893,0.10621124091336218,695.6709380812322,0.31418981302989313
63.36666666666667,1.199,1.2659586912466312,0.10619805664425044,695.6781567963554,0.31419307325916357
63.38333333333333,1.199,1.2659521266538185,0.10618487966671197,695.6853716910936,0.3141963317630117
63.4,1.199,1.2659455656361294,0.10617170997430021,695.6925827686971,0.3141995885429057
63.416666666666664,1.199,1.2659390081904445,0.10615854756057631,695.6997900324129,0.314202843600312
63.43333333333333,1.199,1.265932454313649,0.10614539241910909,695.7069934854844,0.3142060969366954
63.45,1.199,1.2659259040026312,0.10613224454347504,695.714193131151,0.31420934855351884
63.46666666666667,1.199,1.265919357254284,0.10611910392725857,695.721388972648,0.31421259845224364
63.483333333333334,1.199,1.2659128140655023,0.10610597056405152,695.728581013208,0.3142158466343296
63.5,1.199,1.2659062744331868,0.10609284444745362,695.7357692560583,0.3142190931012346
63.516666666666666,1.199,1.2658997383542405,0.10607972557107213,695.742953704424,0.3142223378544148
63.53333333333333,1.199,1.26589320582557,0.10606661392852211,695.7501343615257,0.314225580895325
63.55,1.199,1.2658866768440868,0.10605350951342613,695.7573112305803,0.31422882222541787
63.56666666666667,1.199,1.2658801514067042,0.10604041231941441,695.764484314801,0.3142320618461449
63.583333333333336,1.199,1.2658736295103408,0.10602732234012488,695.7716536173976,0.3142352997589555
63.6,1.199,1.2658671111519173,0.10601423956920303,695.7788191415762,0.3142385359652977
63.61666666666667,1.199,1.26586059632836,0.10600116400030196,695.7859808905382,0.3142417704666175
63.63333333333333,1.199,1.2658540850365971,0.10598809562708242,695.7931388674828,0.31424500326435956
63.65,1.199,1.2658475772735616,0.10597503444321263,695.8002930756045,0.31424823435996685
63.666666666666664,1.199,1.2658410730361889,0.10596198044236843,695.8074435180945,0.3142514637548805
63.68333333333333,1.199,1.265834572321419,0.10594893361823324,695.8145901981401,0.31425469145054
63.7,1.199,1.2658280751261959,0.10593589396449804,695.8217331189251,0.3142579174483834
63.71666666666667,1.199,1.2658215814474654,0.10592286147486127,695.8288722836297,0.3142611417498469
63.733333333333334,1.199,1.2658150912821788,0.10590983614302892,695.8360076954302,0.3142643643563649
63.75,1.199,1.2658086046272898,0.10589681796271452,695.8431393574995,0.31426758526937054
63.766666666666666,1.199,1.2658021214797568,0.10588380692763905,695.8502672730065,0.31427080449029504
63.78333333333333,1.199,1.2657956418365401,0.10587080303153107,695.857391445117,0.31427402202056814
63.8,1.199,1.2657891656946056,0.1058578062681265,695.8645118769922,0.3142772378616176
63.81666666666667,1.199,1.2657826930509208,0.10584481663116882,695.8716285717912,0.3142804520148701
63.833333333333336,1.199,1.2657762239024586,0.105831834114409,695.8787415326678,0.31428366448175
63.85,1.199,1.265769758246194,0.10581885871160528,695.8858507627733,0.3142868752636806
63.86666666666667,1.199,1.2657632960791065,0.10580589041652352,695.892956265255,0.3142900843620833
63.88333333333333,1.199,1.2657568373981787,0.10579292922293687,695.9000580432564,0.31429329177837784
63.9,1.199,1.2657503822003966,0.10577997512462599,695.9071560999178,0.3142964975139825
63.916666666666664,1.199,1.26574393048275,0.10576702811537894,695.9142504383757,0.3142997015703138
63.93333333333333,1.199,1.2657374822422327,0.10575408818899101,695.9213410617627,0.31430290394878657
63.95,1.199,1.2657310374758417,0.10574115533926509,695.9284279732083,0.31430610465081404
63.96666666666667,1.199,1.2657245961805765,0.10572822956001131,695.9355111758382,0.3143093036778082
63.983333333333334,1.199,1.2657181583534414,0.10571531084504712,695.9425906727745,0.3143125010311789
64.0,1.199,1.2657117239914442,0.10570239918819749,695.9496664671356,0.31431569671233456
64.01666666666667,1.199,1.2657052930915953,0.10568949458329452,695.9567385620369,0.31431889072268215
64.03333333333333,1.199,1.2656988656509094,0.10567659702417773,695.9638069605892,0.31432208306362674
64.05,1.199,1.2656924416664046,0.10566370650469398,695.9708716659007,0.31432527373657193
64.06666666666666,1.199,1.2656860211351024,0.10565082301869737,695.9779326810756,0.3143284627429198
64.08333333333333,1.199,1.2656796040540275,0.10563794656004935,695.9849900092145,0.31433165008407077
64.1,1.199,1.265673190420208,0.10562507712261862,695.9920436534147,0.3143348357614236
64.11666666666666,1.199,1.2656667802306762,0.10561221470028112,695.99909361677,0.3143380197763755
64.13333333333334,1.199,1.2656603734824678,0.10559935928692012,696.0061399023699,0.3143412021303219
64.15,1.199,1.2656539701726208,0.10558651087642607,696.0131825133018,0.3143443828246571
64.16666666666667,1.199,1.2656475702981784,0.10557366946269665,696.0202214526479,0.31434756186077323
64.18333333333334,1.199,1.2656411738561857,0.10556083503963684,696.0272567234882,0.31435073924006124
64.2,1.199,1.2656347808436923,0.1055480076011588,696.0342883288986,0.31435391496391035
64.21666666666667,1.199,1.2656283912577508,0.10553518714118189,696.0413162719515,0.3143570890337081
64.23333333333333,1.199,1.265622005095417,0.10552237365363262,696.0483405557158,0.3143602614508407
64.25,1.199,1.2656156223537511,0.10550956713244483,696.0553611832571,0.3143634322166925
64.26666666666667,1.199,1.2656092430298158,0.10549676757155932,696.0623781576372,0.3143666013326463
64.28333333333333,1.199,1.2656028671206774,0.10548397496492423,696.0693914819147,0.3143697688000837
64.3,1.199,1.265596494623406,0.10547118930649477,696.0764011591447,0.3143729346203842
64.31666666666666,1.199,1.265590125535074,0.10545841059023331,696.0834071923786,0.3143760987949262
64.33333333333333,1.199,1.2655837598527595,0.10544563881010935,696.0904095846643,0.31437926132508603
64.35,1.199,1.2655773975735418,0.1054328739600995,696.0974083390463,0.3143824222122387
64.36666666666666,1.199,1.2655710386945045,0.10542011603418747,696.104403458566,0.314385581457758
64.38333333333334,1.199,1.2655646832127343,0.10540736502636411,696.1113949462608,0.31438873906301557
64.4,1.199,1.2655583311253218,0.1053946209306273,696.1183828051647,0.3143918950293818
64.41666666666667,1.199,1.2655519824293606,0.10538188374098206,696.1253670383088,0.31439504935822543
64.43333333333334,1.199,1.2655456371219476,0.10536915345144045,696.1323476487202,0.3143982020509138
64.45,1.199,1.2655392952001836,0.10535643005602158,696.1393246394225,0.31440135310881245
64.46666666666667,1.199,1.2655329566611724,0.1053437135487516,696.1462980134364,0.3144045025332855
64.48333333333333,1.199,1.2655266215020209,0.10533100392366371,696.1532677737786,0.3144076503256955
64.5,1.199,1.2655202897198394,0.10531830117479812,696.1602339234628,0.31441079648740367
64.51666666666667,1.199,1.2655139613117428,0.10530560529620213,696.1671964654988,0.3144139410197691
64.53333333333333,1.199,1.2655076362748476,0.10529291628192991,696.1741554028936,0.31441708392414996
64.55,1.199,1.2655013146062748,0.10528023412604275,696.1811107386502,0.31442022520190255
64.56666666666666,1.199,1.2654949963031479,0.10526755882260887,696.1880624757688,0.3144233648543819
64.58333333333333,1.199,1.2654886813625947,0.10525489036570346,696.1950106172454,0.314426502882941
64.6,1.199,1.2654823697817457,0.10524222874940865,696.2019551660734,0.3144296392889318
64.61666666666666,1.199,1.265476061557735,0.1052295739678136,696.2088961252423,0.3144327740737045
64.63333333333334,1.199,1.2654697566876996,0.10521692601501437,696.2158334977382,0.3144359072386078
64.65,1.199,1.2654634551687804,0.10520428488511392,696.2227672865442,0.31443903878498886
64.66666666666667,1.199,1.2654571569981212,0.10519165057222223,696.2296974946399,0.31444216871419334
64.68333333333334,1.199,1.2654508621728697,0.10517902307045604,696.2366241250011,0.31444529702756535
64.7,1.199,1.2654445706901754,0.10516640237393912,696.2435471806008,0.31444842372644755
64.71666666666667,1.199,1.2654382825471935,0.10515378847680212,696.2504666644082,0.3144515488121809
64.73333333333333,1.199,1.2654319977410802,0.10514118137318251,696.2573825793895,0.31445467228610513
64.75,1.199,1.2654257162689964,0.10512858105722467,696.2642949285072,0.3144577941495581
64.76666666666667,1.199,1.2654194381281059,0.10511598752307987,696.2712037147209,0.31446091440387647
64.78333333333333,1.199,1.2654131633155752,0.10510340076490612,696.2781089409862,0.31446403305039516
64.8,1.199,1.2654068918285755,0.10509082077686839,696.2850106102559,0.3144671500904478
64.81666666666666,1.199,1.2654006236642792,0.10507824755313849,696.2919087254793,0.31447026552536633
64.83333333333333,1.199,1.2653943588198644,0.10506568108789495,696.2988032896023,0.31447337935648123
64.85,1.199,1.2653880972925104,0.10505312137532322,696.3056943055676,0.31447649158512153
64.86666666666666,1.199,1.265381839079401,0.10504056840961545,696.3125817763145,0.31447960221261473
64.88333333333334,1.199,1.2653755841777223,0.1050280221849707,696.319465704779,0.3144827112402868
64.9,1.199,1.2653693325846647,0.10501548269559471,696.3263460938936,0.3144858186694623
64.91666666666667,1.199,1.2653630842974213,0.10500294993569997,696.3332229465879,0.3144889245014641
64.93333333333334,1.199,1.2653568393131882,0.10499042389950583,696.3400962657877,0.31449202873761384
64.95,1.199,1.265350597629165,0.10497790458123832,696.3469660544162,0.3144951313792316
64.96666666666667,1.199,1.2653443592425548,0.10496539197513029,696.3538323153923,0.31449823242763564
64.98333333333333,1.199,1.2653381241505632,0.10495288607542123,696.3606950516328,0.3145013318841433
65.0,1.199,1.2653318923504002,0.10494038687635741,696.36755426605,0.3145044297500701
65.01666666666667,1.199,1.265325663839278,0.10492789437219183,696.3744099615539,0.31450752602672993
65.03333333333333,1.199,1.2653194386144115,0.10491540855718409,696.3812621410507,0.3145106207154356
65.05,1.199,1.2653132166730208,0.10490292942560064,696.3881108074435,0.3145137138174982
65.06666666666666,1.199,1.2653069980123273,0.10489045697171451,696.394955963632,0.3145168053342274
65.08333333333333,1.199,1.2653007826295568,0.10487799118980534,696.4017976125127,0.31451989526693114
65.1,1.199,1.2652945705219374,0.10486553207415958,696.4086357569792,0.3145229836169164
65.11666666666666,1.199,1.265288361686701,0.10485307961907023,696.4154703999211,0.31452607038548824
65.13333333333334,1.199,1.2652821561210825,0.10484063381883701,696.4223015442254,0.3145291555739506
65.15,1.199,1.26527595382232,0.1048281946677662,696.4291291927757,0.31453223918360573
65.16666666666667,1.199,1.2652697547876546,0.10481576216017077,696.4359533484521,0.31453532121575445
65.18333333333334,1.199,1.2652635590143304,0.1048033362903703,696.4427740141319,0.3145384016716961
65.2,1.199,1.2652573664995956,0.1047909170526909,696.4495911926888,0.31454148055272874
65.21666666666667,1.199,1.265251177240701,0.10477850444146533,696.4564048869931,0.3145445578601485
65.23333333333333,1.199,1.2652449912348998,0.10476609845103294,696.4632150999125,0.31454763359525073
65.25,1.199,1.2652388084794495,0.10475369907573967,696.4700218343113,0.314550707759329
65.26666666666667,1.199,1.2652326289716105,0.10474130630993797,696.4768250930501,0.3145537803536751
65.28333333333333,1.199,1.2652264527086454,0.10472892014798692,696.483624878987,0.31455685137958006
65.3,1.199,1.2652202796878216,0.1047165405842521,696.4904211949762,0.31455992083833273
65.31666666666666,1.199,1.265214109906408,0.10470416761310558,696.4972140438691,0.3145629887312212
65.33333333333333,1.199,1.2652079433616779,0.10469180122892613,696.504003428514,0.3145660550595316
65.35,1.199,1.2652017800509066,0.10467944142609883,696.510789351756,0.31456911982454894
65.36666666666666,1.199,1.2651956199713736,0.1046670881990154,696.5175718164363,0.3145721830275565
65.38333333333334,1.199,1.2651894631203606,0.10465474154207403,696.5243508253942,0.3145752446698365
65.4,1.199,1.2651833094951528,0.10464240144967943,696.5311263814646,0.31457830475266935
65.41666666666667,1.199,1.2651771590930394,0.10463006791624277,696.5378984874798,0.31458136327733416
65.43333333333334,1.199,1.2651710119113107,0.10461774093618156,696.5446671462691,0.3145844202451089
65.45,1.199,1.2651648679472616,0.10460542050392002,696.5514323606584,0.3145874756572696
65.46666666666667,1.199,1.2651587271981903,0.10459310661388863,696.5581941334702,0.31459052951509114
65.48333333333333,1.199,1.2651525896613967,0.10458079926052441,696.5649524675243,0.31459358181984703
65.5,1.199,1.265146455334185,0.10456849843827075,696.5717073656373,0.3145966325728094
65.51666666666667,1.199,1.2651403242138621,0.10455620414157758,696.578458830622,0.31459968177524855
65.53333333333333,1.199,1.2651341962977378,0.10454391636490107,696.5852068652889,0.31460272942843376
65.55,1.199,1.265128071583125,0.10453163510270397,696.5919514724453,0.31460577553363295
65.56666666666666,1.199,1.2651219500673403,0.10451936034945529,696.5986926548946,0.3146088200921123
65.58333333333333,1.199,1.2651158317477025,0.1045070920996305,696.6054304154378,0.31461186310513667
65.6,1.199,1.2651097166215337,0.10449483034771143,696.6121647568726,0.31461490457396984
65.61666666666666,1.199,1.2651036046861595,0.10448257508818629,696.6188956819934,0.3146179444998737
65.63333333333334,1.199,1.265097495938908,0.10447032631554967,696.6256231935918,0.31462098288410895
65.65,1.199,1.2650913903771106,0.10445808402430246,696.632347294456,0.3146240197279352
65.66666666666667,1.199,1.2650852879981018,0.10444584820895196,696.639067987371,0.31462705503260985
65.68333333333334,1.199,1.2650791887992192,0.10443361886401173,696.6457852751191,0.31463008879938964
65.7,1.199,1.2650730927778027,0.10442139598400166,696.6524991604794,0.3146331210295297
65.71666666666667,1.199,1.2650669999311965,0.10440917956344802,696.6592096462275,0.3146361517242837
65.73333333333333,1.199,1.2650609102567465,0.10439696959688333,696.6659167351366,0.31463918088490406
65.75,1.199,1.2650548237518027,0.1043847660788464,696.6726204299762,0.31464220851264146
65.76666666666667,1.199,1.2650487404137174,0.10437256900388237,696.679320733513,0.3146452346087456
65.78333333333333,1.199,1.2650426602398466,0.10436037836654256,696.6860176485105,0.31464825917446443
65.8,1.199,1.265036583227548,0.10434819416138474,696.6927111777295,0.314651282211045
65.81666666666666,1.199,1.2650305093741845,0.1043360163829728,696.699401323927,0.3146543037197323
65.83333333333333,1.199,1.2650244386771197,0.1043238450258769,696.7060880898576,0.3146573237017706
65.85,1.199,1.2650183711337213,0.1043116800846734,696.7127714782728,0.3146603421584023
65.86666666666666,1.199,1.26501230674136,0.10429952155394503,696.7194514919207,0.3146633590908688
65.88333333333334,1.199,1.2650062454974094,0.10428736942828057,696.7261281335465,0.31466637450040974
65.9,1.199,1.265000187399246,0.10427522370227521,696.7328014058925,0.31466938838826375
65.91666666666667,1.199,1.264994132444249,0.10426308437053017,696.7394713116976,0.3146724007556678
65.93333333333334,1.199,1.2649880806298017,0.10425095142765292,696.7461378536982,0.31467541160385776
65.95,1.199,1.2649820319532887,0.1042388248682572,696.7528010346269,0.3146784209340678
65.96666666666667,1.199,1.2649759864120989,0.1042267046869628,696.7594608572143,0.314681428747531
65.98333333333333,1.199,1.2649699440036233,0.1042145908783958,696.7661173241871,0.314684435045479
66.0,1.199,1.2649639047252565,0.10420248343718835,696.7727704382694,0.314687439829142
66.01666666666667,1.199,1.2649578685743958,0.10419038235797878,696.779420202182,0.3146904430997489
66.03333333333333,1.199,1.2649518355484413,0.10417828763541158,696.786066618643,0.3146934448585272
66.05,1.199,1.2649458056447964,0.10416619926413737,696.7927096903674,0.3146964451067031
66.06666666666666,1.199,1.2649397788608667,0.10415411723881286,696.799349420067,0.31469944384550147
66.08333333333333,1.199,1.264933755194062,0.10414204155410095,696.8059858104508,0.3147024410761456
66.1,1.199,1.2649277346417938,0.1041299722046706,696.8126188642248,0.31470543679985774
66.11666666666666,1.199,1.264921717201477,0.10411790918519684,696.8192485840921,0.3147084310178587
66.13333333333334,1.199,1.2649157028705293,0.10410585249036083,696.8258749727524,0.3147114237313678
66.15,1.199,1.2649096916463718,0.10409380211484981,696.832498032903,0.31471441494160307
66.16666666666667,1.199,1.2649036835264278,0.10408175805335709,696.8391177672378,0.3147174046497814
66.18333333333334,1.199,1.2648976785081245,0.10406972030058208,696.8457341784476,0.31472039285711784
66.2,1.199,1.2648916765888905,0.10405768885123012,696.8523472692208,0.31472337956482666
66.21666666666667,1.199,1.264885677766159,0.1040456637000128,696.8589570422422,0.3147263647741204
66.23333333333333,1.199,1.2648796820373645,0.10403364484164747,696.8655635001945,0.3147293484862107
66.25,1.199,1.2648736893999457,0.10402163227085783,696.8721666457564,0.31473233070230733
66.26666666666667,1.199,1.2648676998513433,0.10400962598237334,696.8787664816043,0.31473531142361905
66.28333333333333,1.199,1.2648617133890019,0.10399762597092965,696.8853630104113,0.31473829065135317
66.3,1.199,1.2648557300103676,0.10398563223126833,696.891956234848,0.3147412683867157
66.31666666666666,1.199,1.2648497497128903,0.10397364475813692,696.8985461575818,0.31474424463091144
66.33333333333333,1.199,1.2648437724940227,0.10396166354628895,696.905132781277,0.31474721938514366
66.35,1.199,1.26483779835122,0.10394968859048406,696.9117161085953,0.3147501926506145
66.36666666666666,1.199,1.2648318272819405,0.10393771988548771,696.9182961421951,0.3147531644285246
66.38333333333334,1.199,1.264825859283646,0.10392575742607132,696.9248728847322,0.31475613472007324
66.4,1.199,1.2648198943538,0.10391380120701235,696.9314463388592,0.3147591035264587
66.41666666666667,1.199,1.2648139324898693,0.10390185122309414,696.9380165072263,0.3147620708488777
66.43333333333334,1.199,1.2648079736893236,0.10388990746910606,696.9445833924801,0.3147650366885257
66.45,1.199,1.2648020179496358,0.1038779699398433,696.9511469972647,0.3147680010465967
66.46666666666667,1.199,1.264796065268281,0.10386603863010704,696.9577073242211,0.31477096392428355
66.48333333333333,1.199,1.2647901156427377,0.1038541135347042,696.9642643759879,0.3147739253227779
66.5,1.199,1.2647841690704866,0.10384219464844788,696.9708181552002,0.31477688524327
66.51666666666667,1.1989666666666667,1.2647782253919455,0.10383028165134722,696.9773688375985,0.31476234165402805
66.53333333333333,1.1989333333333334,1.2647722844696305,0.10381837426771481,696.9839165745772,0.3147477968922696
66.55,1.1989,1.2647663462892493,0.10380647246877908,696.9904613817625,0.31473325096528676
66.56666666666666,1.1988666666666667,1.264760410843368,0.10379457623951725,696.9970032672219,0.3147187038769564
66.58333333333333,1.1988333333333334,1.264754478126747,0.103782685569304,697.0035422366047,0.3147041556300633
66.6,1.1988,1.264748548135177,0.10377080044958048,697.0100782944249,0.31468960622687875
66.61666666666666,1.1987666666666668,1.2647426208650312,0.10375892087295452,697.0166114445553,0.314675055669384
66.63333333333334,1.1987333333333334,1.2647366963130493,0.10374704683276853,697.023141690465,0.31466050395937795
66.65,1.1987,1.264730774476219,0.10373517832286318,697.0296690353493,0.3146459510985354
66.66666666666667,1.1986666666666665,1.264724855351706,0.10372331533743516,697.0361934822085,0.3146313970884427
66.68333333333334,1.1986333333333332,1.2647189389368076,0.10371145787094645,697.0427150338971,0.3146168419306203
66.7,1.1986,1.2647130252289236,0.10369960591806304,697.0492336931574,0.31460228562653747
66.71666666666667,1.1985666666666668,1.264707114225533,0.10368775947361193,697.0557494626441,0.3145877281776241
66.73333333333333,1.1985333333333335,1.264701205924181,0.10367591853254995,697.0622623449405,0.3145731695852769
66.75,1.1985,1.2646953003224641,0.10366408308994068,697.0687723425715,0.3145586098508664
66.76666666666667,1.1984666666666666,1.2646893974180249,0.1036522531409367,697.0752794580131,0.314544048975741
66.78333333333333,1.1984333333333332,1.2646834972085423,0.103640428680766,697.0817836937008,0.31452948696123
66.8,1.1984,1.2646775996917274,0.10362860970472096,697.0882850520343,0.3145149238086467
66.81666666666666,1.1983666666666666,1.26467170486532,0.10361679620814997,697.0947835353833,0.3145003595192904
66.83333333333333,1.1983333333333335,1.264665812727083,0.10360498818645014,697.1012791460905,0.31448579409444816
66.85,1.1983000000000001,1.2646599232748013,0.10359318563506176,697.1077718864756,0.31447122753539614
66.86666666666666,1.1982666666666666,1.264654036506279,0.10358138854946321,697.1142617588373,0.31445665984340104
66.88333333333334,1.1982333333333333,1.2646481524193365,0.10356959692516718,697.120748765456,0.31444209101972115
66.9,1.1982,1.2646422710118101,0.10355781075771729,697.1272329085951,0.31442752106560645
66.91666666666667,1.1981666666666666,1.2646363922815496,0.10354603004268492,697.1337141905033,0.3144129499823004
66.93333333333334,1.1981333333333333,1.2646305162264182,0.10353425477566716,697.140192613415,0.3143983777710396
66.95,1.1981,1.264624642844289,0.10352248495228428,697.1466681795528,0.3143838044330552
66.96666666666667,1.1980666666666666,1.2646187721330475,0.10351072056817817,697.1531408911269,0.3143692299695725
66.98333333333333,1.1980333333333333,1.2646129040905885,0.10349896161901062,697.1596107503374,0.31435465438181187
67.0,1.198,1.2646070387148152,0.1034872081004618,697.1660777593744,0.31434007767098926
67.01666666666667,1.198,1.2646011761587206,0.10347546031898847,697.1725417494276,0.3143429921718524
67.03333333333333,1.198,1.264595316553456,0.10346371853727254,697.1790025757598,0.31434590524624867
67.05,1.198,1.2645894599085723,0.10345198277431938,697.1854602277061,0.3143488168893695
67.06666666666666,1.198,1.2645836062268663,0.10344025303560256,697.191914702048,0.31435172709976367
67.08333333333333,1.198,1.2645777555089817,0.10342852932227985,697.1983659979416,0.31435463587705065
67.1,1.198,1.2645719077545545,0.10341681163349015,697.2048141156531,0.3143575432213506
67.11666666666666,1.198,1.2645660629626558,0.10340509996723952,697.2112590560733,0.3143604491330651
67.13333333333334,1.198,1.264560221132003,0.10339339432082692,697.2177008204819,0.31436335361277096
67.15,1.198,1.264554382261077,0.10338169469107664,697.2241394104202,0.31436625666116347
67.16666666666667,1.198,1.2645485463481911,0.1033700010744779,697.2305748276137,0.31436915827902034
67.18333333333334,1.198,1.2645427133915361,0.10335831346727407,697.2370070739241,0.3143720584671811
67.2,1.198,1.26453688338921,0.1033466318655227,697.243436151315,0.3143749572265311
67.21666666666667,1.198,1.2645310563392387,0.1033349562651376,697.24986206183,0.3143778545579918
67.23333333333333,1.198,1.2645252322395912,0.10332328666191909,697.2562848075748,0.3143807504625125
67.25,1.198,1.2645194110881919,0.10331162305157668,697.2627043907063,0.3143836449410658
67.26666666666667,1.198,1.2645135928829274,0.10329996542974615,697.2691208134213,0.31438653799464217
67.28333333333333,1.198,1.2645077776216547,0.10328831379200273,697.2755340779506,0.3143894296242475
67.3,1.198,1.264501965302205,0.10327666813387178,697.281944186553,0.3143923198309002
67.31666666666666,1.198,1.26449615592239,0.10326502845083682,697.2883511415101,0.3143952086156289
67.33333333333333,1.198,1.2644903494800015,0.10325339473834642,697.2947549451237,0.31439809597947166
67.35,1.198,1.264484545972819,0.1032417669918197,697.3011555997117,0.31440098192347343
67.36666666666666,1.198,1.2644787453986075,0.10323014520665075,697.3075531076062,0.3144038664486857
67.38333333333334,1.198,1.2644729477551229,0.10321852937821267,697.3139474711508,0.31440674955616527
67.4,1.198,1.264467153040111,0.10320691950186052,697.3203386926998,0.3144096312469735
67.41666666666667,1.198,1.2644613612513098,0.10319531557293415,697.3267267746163,0.31441251152217603
67.43333333333334,1.198,1.2644555723864517,0.10318371758676041,697.3331117192704,0.31441539038284144
67.45,1.198,1.264449786443263,0.10317212553865522,697.3394935290387,0.31441826783004123
67.46666666666667,1.198,1.2644440034194646,0.10316053942392517,697.3458722063034,0.31442114386484954
67.48333333333333,1.198,1.2644382233127744,0.10314895923786907,697.352247753451,0.3144240184883424
67.5,1.198,1.2644324461209067,0.10313738497577915,697.3586201728725,0.31442689170159793
67.51666666666667,1.198,1.2644266718415726,0.10312581663294224,697.3649894669612,0.3144297635056952
67.53333333333333,1.198,1.2644209004724813,0.10311425420464078,697.3713556381142,0.3144326339017149
67.55,1.198,1.2644151320113401,0.10310269768615371,697.3777186887302,0.3144355028907387
67.56666666666666,1.198,1.2644093664558547,0.10309114707275711,697.3840786212098,0.314438370473849
67.58333333333333,1.198,1.2644036038037294,0.10307960235972502,697.3904354379554,0.3144412366521288
67.6,1.198,1.2643978440526678,0.10306806354232992,697.39678914137,0.31444410142666185
67.61666666666666,1.198,1.2643920872003733,0.10305653061584348,697.4031397338582,0.3144469647985322
67.63333333333334,1.198,1.2643863332445489,0.10304500357553681,697.4094872178243,0.3144498267688239
67.65,1.198,1.2643805821828973,0.10303348241668107,697.4158315956735,0.31445268733862136
67.66666666666667,1.198,1.264374834013121,0.10302196713454778,697.4221728698107,0.314455546509009
67.68333333333334,1.198,1.264369088732923,0.10301045772440916,697.4285110426412,0.31445840428107136
67.7,1.198,1.2643633463400072,0.10299895418153865,697.4348461165696,0.3144612606558926
67.71666666666667,1.198,1.2643576068320779,0.10298745650121091,697.4411780939998,0.3144641156345565
67.73333333333333,1.198,1.2643518702068393,0.10297596467870226,697.447506977336,0.3144669692181472
67.75,1.198,1.2643461364619972,0.1029644787092909,697.4538327689811,0.31446982140774804
67.76666666666667,1.198,1.2643404055952587,0.10295299858825716,697.460155471337,0.314472672204442
67.78333333333333,1.198,1.264334677604331,0.1029415243108836,697.466475086805,0.31447552160931186
67.8,1.198,1.264328952486923,0.10293005587245525,697.472791617785,0.31447836962343967
67.81666666666666,1.198,1.2643232302407448,0.10291859326825992,697.4791050666762,0.3144812162479071
67.83333333333333,1.198,1.2643175108635074,0.10290713649358804,697.4854154358762,0.3144840614837953
67.85,1.198,1.264311794352924,0.1028956855437331,697.4917227277815,0.3144869053321847
67.86666666666666,1.198,1.2643060807067084,0.10288424041399168,697.498026944787,0.3144897477941552
67.88333333333334,1.198,1.264300369922576,0.10287280109966349,697.5043280892861,0.31449258887078596
67.9,1.198,1.2642946619982447,0.10286136759605158,697.5106261636711,0.31449542856315554
67.91666666666667,1.198,1.264288956931432,0.1028499398984624,697.5169211703325,0.3144982668723419
67.93333333333334,1.198,1.26428325471986,0.10283851800220593,697.5232131116586,0.31450110379942176
67.95,1.198,1.2642775553612495,0.10282710190259572,697.5295019900371,0.3145039393454717
67.96666666666667,1.198,1.264271858853325,0.10281569159494908,697.5357878078534,0.3145067735115673
67.98333333333333,1.198,1.264266165193812,0.10280428707458689,697.5420705674908,0.31450960629878316
68.0,1.198,1.2642604743804382,0.10279288833683403,697.5483502713313,0.3145124377081933
68.01666666666667,1.198,1.2642547864109326,0.10278149537701922,697.554626921755,0.31451526774087074
68.03333333333333,1.198,1.2642491012830264,0.10277010819047508,697.56090052114,0.3145180963978879
68.05,1.198,1.264243418994453,0.10275872677253828,697.5671710718624,0.31452092368031603
68.06666666666666,1.198,1.2642377395429467,0.1027473511185495,697.5734385762968,0.31452374958922574
68.08333333333333,1.198,1.2642320629262451,0.1027359812238536,697.5797030368153,0.3145265741256867
68.1,1.198,1.264226389142087,0.10272461708379947,697.5859644557883,0.3145293972907675
68.11666666666666,1.198,1.2642207181882132,0.1027132586937402,697.592222835584,0.3145322190855362
68.13333333333334,1.198,1.264215050062367,0.10270190604903336,697.598478178569,0.3145350395110596
68.15,1.198,1.264209384762293,0.10269055914504041,697.6047304871074,0.3145378585684037
68.16666666666667,1.198,1.2642037222857385,0.10267921797712733,697.6109797635613,0.3145406762586336
68.18333333333334,1.198,1.2641980626304523,0.10266788254066439,697.6172260102911,0.3145434925828135
68.2,1.198,1.2641924057941856,0.10265655283102618,697.6234692296546,0.31454630754200646
68.21666666666667,1.198,1.2641867517746919,0.10264522884359173,697.6297094240075,0.31454912113727473
68.23333333333333,1.198,1.2641811005697265,0.10263391057374441,697.635946595704,0.31455193336967974
68.25,1.198,1.264175452177047,0.10262259801687212,697.6421807470953,0.3145547442402815
68.26666666666667,1.198,1.2641698065944127,0.10261129116836716,697.6484118805308,0.31455755375013955
68.28333333333333,1.198,1.2641641638195855,0.10259999002362624,697.6546399983582,0.3145603619003121
68.3,1.198,1.2641585238503295,0.10258869457805064,697.6608651029223,0.3145631686918567
68.31666666666666,1.198,1.2641528866844105,0.10257740482704615,697.6670871965658,0.31456597412582943
68.33333333333333,1.198,1.2641472523195973,0.1025661207660231,697.6733062816297,0.3145687782032858
68.35,1.198,1.2641416207536595,0.1025548423903963,697.6795223604526,0.3145715809252803
68.36666666666666,1.198,1.2641359919843704,0.1025435696955852,697.6857354353701,0.31457438229286616
68.38333333333334,1.198,1.2641303660095042,0.10253230267701374,697.6919455087169,0.31457718230709586
68.4,1.198,1.2641247428268383,0.10252104133011053,697.6981525828244,0.31457998096902057
68.41666666666667,1.198,1.264119122434152,0.10250978565030866,697.7043566600223,0.31458277827969083
68.43333333333334,1.198,1.264113504829226,0.10249853563304587,697.7105577426381,0.3145855742401561
68.45,1.198,1.2641078900098448,0.10248729127376456,697.7167558329963,0.31458836885146424
68.46666666666667,1.198,1.2641022779737932,0.10247605256791172,697.7229509334204,0.3145911621146631
68.48333333333333,1.198,1.2640966687188602,0.10246481951093896,697.7291430462304,0.3145939540307987
68.5,1.198,1.2640910622428356,0.10245359209830249,697.7353321737447,0.3145967446009162
68.51666666666667,1.198,1.264085458543512,0.10244237032546326,697.7415183182794,0.31459953382606004
68.53333333333333,1.198,1.2640798576186836,0.10243115418788681,697.7477014821482,0.31460232170727337
68.55,1.198,1.264074259466148,0.10241994368104332,697.7538816676625,0.3146051082455984
68.56666666666666,1.198,1.264068664083704,0.10240873880040766,697.7600588771315,0.3146078934420763
68.58333333333333,1.198,1.2640630714691534,0.10239753954145932,697.766233112862,0.3146106772977471
68.6,1.198,1.2640574816202996,0.10238634589968251,697.7724043771584,0.3146134598136499
68.61666666666666,1.198,1.264051894534948,0.10237515787056604,697.7785726723237,0.3146162409908231
68.63333333333334,1.198,1.2640463102109079,0.10236397544960356,697.7847380006571,0.3146190208303032
68.65,1.198,1.2640407286459883,0.10235279863229316,697.7909003644567,0.31462179933312656
68.66666666666667,1.198,1.264035149838003,0.10234162741413783,697.7970597660178,0.31462457650032805
68.68333333333334,1.198,1.2640295737847662,0.10233046179064509,697.8032162076336,0.3146273523329416
68.7,1.198,1.2640240004840952,0.10231930175732717,697.8093696915948,0.31463012683200003
68.71666666666667,1.198,1.2640184299338098,0.10230814730970106,697.8155202201901,0.3146328999985353
68.73333333333333,1.198,1.2640128621317308,0.10229699844328836,697.8216677957057,0.31463567183357816
68.75,1.198,1.2640072970756822,0.1022858551536154,697.8278124204255,0.3146384423381585
68.76666666666667,1.198,1.2640017347634909,0.10227471743621312,697.8339540966309,0.31464121151330493
68.78333333333333,1.198,1.2639961751929845,0.10226358528661722,697.8400928266016,0.31464397936004523
68.8,1.198,1.263990618361994,0.10225245870036807,697.8462286126141,0.3146467458794059
68.81666666666666,1.198,1.2639850642683519,0.10224133767301075,697.8523614569436,0.3146495110724129
68.83333333333333,1.198,1.2639795129098939,0.10223022220009495,697.8584913618623,0.31465227494009046
68.85,1.198,1.263973964284457,0.10221911227717513,697.8646183296403,0.3146550374834623
68.86666666666666,1.198,1.2639684183898805,0.10220800789981034,697.8707423625453,0.314657798703551
68.88333333333334,1.198,1.2639628752240066,0.10219690906356442,697.8768634628431,0.3146605586013779
68.9,1.198,1.2639573347846798,0.10218581576400583,697.8829816327965,0.31466331717796353
68.91666666666667,1.198,1.2639517970697456,0.10217472799670765,697.8890968746667,0.3146660744343272
68.93333333333334,1.198,1.2639462620770532,0.10216364575724776,697.8952091907121,0.31466883037148735
68.95,1.198,1.2639407298044536,0.1021525690412086,697.9013185831891,0.31467158499046116
68.96666666666667,1.198,1.2639352002497994,0.10214149784417736,697.9074250543515,0.3146743382922651
68.98333333333333,1.198,1.2639296734109464,0.10213043216174589,697.9135286064513,0.3146770902779143
69.0,1.198,1.2639241492857516,0.10211937198951065,697.9196292417377,0.314679840948423
69.01666666666667,1.198,1.2639186278720758,0.10210831732307282,697.9257269624576,0.3146825903048043
69.03333333333333,1.198,1.2639131091677798,0.10209726815803823,697.9318217708561,0.31468533834807044
69.05,1.198,1.2639075931707286,0.10208622449001736,697.9379136691757,0.31468808507923257
69.06666666666666,1.198,1.263902079878789,0.10207518631462538,697.9440026596565,0.3146908304993006
69.08333333333333,1.198,1.263896569289829,0.10206415362748202,697.9500887445363,0.3146935746092837
69.1,1.198,1.2638910614017203,0.10205312642421183,697.956171926051,0.31469631741018983
69.11666666666666,1.198,1.2638855562123363,0.10204210470044382,697.9622522064334,0.3146990589030258
69.13333333333334,1.198,1.2638800537195516,0.10203108845181177,697.9683295879152,0.31470179908879786
69.15,1.198,1.2638745539212448,0.10202007767395399,697.9744040727248,0.3147045379685107
69.16666666666667,1.198,1.263869056815295,0.10200907236251358,697.9804756630887,0.31470727554316824
69.18333333333334,1.198,1.2638635623995853,0.1019980725131382,697.9865443612308,0.3147100118137732
69.2,1.198,1.2638580706719993,0.10198707812148,697.9926101693736,0.3147127467813277
69.21666666666667,1.198,1.2638525816304245,0.10197608918319598,697.9986730897361,0.3147154804468322
69.23333333333333,1.198,1.2638470952727485,0.1019651056939476,698.0047331245362,0.31471821281128665
69.25,1.198,1.2638416115968634,0.10195412764940105,698.0107902759886,0.3147209438756898
69.26666666666667,1.198,1.263836130600662,0.10194315504522712,698.0168445463061,0.31472367364103915
69.28333333333333,1.198,1.26383065228204,0.1019321878771011,698.0228959376993,0.3147264021083316
69.3,1.198,1.2638251766388948,0.101921226140703,698.0289444523764,0.3147291292785627
69.31666666666666,1.198,1.2638197036691268,0.10191026983171736,698.0349900925432,0.314731855152727
69.33333333333333,1.198,1.2638142333706377,0.10189931894583334,698.0410328604038,0.31473457973181834
69.35,1.198,1.2638087657413322,0.10188837347874471,698.0470727581592,0.31473730301682906
69.36666666666666,1.198,1.2638033007791165,0.10187743342614983,698.0531097880087,0.3147400250087508
69.38333333333334,1.198,1.2637978384818995,0.10186649878375165,698.0591439521494,0.31474274570857425
69.4,1.198,1.2637923788475924,0.1018555695472576,698.0651752527756,0.31474546511728874
69.41666666666667,1.198,1.2637869218741078,0.10184464571237982,698.0712036920798,0.31474818323588283
69.43333333333334,1.198,1.2637814675593617,0.10183372727483499,698.0772292722521,0.314750900065344
69.45,1.198,1.2637760159012712,0.1018228142303443,698.0832519954805,0.3147536156066587
69.46666666666667,1.198,1.263770566897756,0.10181190657463354,698.0892718639506,0.3147563298608126
69.48333333333333,1.198,1.2637651205467384,0.10180100430343303,698.0952888798455,0.31475904282878975
69.5,1.198,1.263759676846142,0.10179010741247768,698.1013030453466,0.3147617545115739
69.51666666666667,1.198,1.2637542357938938,0.10177921589750694,698.1073143626325,0.31476446491014726
69.53333333333333,1.198,1.263748797387922,0.10176832975426472,698.1133228338801,0.3147671740254914
69.55,1.198,1.263743361626157,0.10175744897849962,698.1193284612635,0.3147698818585865
69.56666666666666,1.198,1.263737928506532,0.10174657356596462,698.125331246955,0.3147725884104121
69.58333333333333,1.198,1.2637324980269817,0.10173570351241737,698.1313311931247,0.3147752936819466
69.6,1.198,1.2637270701854437,0.10172483881361992,698.1373283019398,0.31477799767416725
69.61666666666666,1.198,1.2637216449798572,0.10171397946533889,698.143322575566,0.31478070038805045
69.63333333333334,1.198,1.2637162224081637,0.10170312546334542,698.1493140161664,0.3147834018245715
69.65,1.198,1.2637108024683072,0.10169227680341517,698.1553026259021,0.3147861019847048
69.66666666666667,1.198,1.2637053851582334,0.10168143348132822,698.1612884069317,0.3147888008694236
69.68333333333334,1.198,1.2636999704758902,0.10167059549286929,698.1672713614117,0.31479149847970034
69.7,1.198,1.263694558419228,0.1016597628338275,698.1732514914968,0.31479419481650645
69.71666666666667,1.198,1.263689148986199,0.10164893549999642,698.1792287993385,0.31479688988081206
69.73333333333333,1.198,1.2636837421747582,0.10163811348717412,698.185203287087,0.31479958367358657
69.75,1.198,1.2636783379828618,0.10162729679116328,698.1911749568898,0.3148022761957983
69.76666666666667,1.198,1.2636729364084691,0.10161648540777085,698.1971438108925,0.3148049674484147
69.78333333333333,1.198,1.2636675374495403,0.10160567933280847,698.2031098512383,0.314807657432402
69.8,1.198,1.2636621411040396,0.10159487856209201,698.209073080068,0.31481034614872555
69.81666666666666,1.198,1.2636567473699318,0.10158408309144197,698.2150334995205,0.3148130335983497
69.83333333333333,1.198,1.2636513562451839,0.10157329291668324,698.2209911117326,0.31481571978223793
69.85,1.198,1.263645967727766,0.10156250803364514,698.2269459188385,0.31481840470135247
69.86666666666666,1.198,1.26364058181565,0.10155172843816147,698.2328979229706,0.31482108835665473
69.88333333333334,1.198,1.2636351985068088,0.1015409541260704,698.2388471262586,0.31482377074910517
69.9,1.198,1.2636298177992193,0.10153018509321467,698.2447935308306,0.31482645187966307
69.91666666666667,1.198,1.2636244396908594,0.10151942133544126,698.2507371388122,0.31482913174928695
69.93333333333334,1.198,1.2636190641797094,0.10150866284860167,698.2566779523268,0.31483181035893415
69.95,1.198,1.263613691263751,0.10149790962855185,698.2626159734956,0.3148344877095612
69.96666666666667,1.198,1.2636083209409696,0.10148716167115214,698.2685512044377,0.3148371638021234
69.98333333333333,1.198,1.2636029532093511,0.10147641897226717,698.27448364727,0.31483983863757536
70.0,1.198,1.2635975880668844,0.1014656815277662,698.2804133041075,0.31484251221687065
70.01666666666667,1.198,1.2635922255115606,0.10145494933352263,698.2863401770622,0.3148451845409615
70.03333333333333,1.198,1.2635868655413727,0.10144422238541441,698.2922642682448,0.3148478556107996
70.05,1.198,1.2635815081543151,0.1014335006793238,698.2981855797636,0.3148505254273356
70.06666666666666,1.198,1.2635761533483856,0.10142278421113754,698.3041041137245,0.31485319399151895
70.08333333333333,1.198,1.2635708011215834,0.10141207297674659,698.3100198722311,0.3148558613042982
70.1,1.198,1.2635654514719095,0.10140136697204644,698.3159328573855,0.3148585273666211
70.11666666666666,1.198,1.2635601043973679,0.1013906661929368,698.3218430712872,0.3148611921794342
70.13333333333334,1.198,1.2635547598959638,0.1013799706353218,698.3277505160332,0.3148638557436832
70.15,1.198,1.263549417965705,0.10136928029510996,698.3336551937191,0.31486651806031274
70.16666666666667,1.198,1.2635440786046013,0.1013585951682141,698.3395571064378,0.3148691791302667
70.18333333333334,1.198,1.2635387418106643,0.1013479152505514,698.3454562562804,0.3148718389544877
70.2,1.198,1.263533407581908,0.10133724053804329,698.3513526453356,0.3148744975339177
70.21666666666667,1.198,1.2635280759163487,0.10132657102661566,698.35724627569,0.31487715486949736
70.23333333333333,1.198,1.2635227468120043,0.10131590671219867,698.363137149428,0.31487981096216655
70.25,1.198,1.263517420266895,0.1013052475907268,698.3690252686321,0.3148824658128642
70.26666666666667,1.198,1.2635120962790434,0.10129459365813884,698.3749106353823,0.3148851194225282
70.28333333333333,1.198,1.263506774846473,0.10128394491037787,698.380793251757,0.3148877717920958
70.3,1.198,1.263501455967211,0.10127330134339133,698.386673119832,0.31489042292250263
70.31666666666666,1.198,1.2634961396392859,0.10126266295313088,698.392550241681,0.31489307281468387
70.33333333333333,1.198,1.2634908258607276,0.10125202973555258,698.3984246193756,0.31489572146957356
70.35,1.198,1.2634855146295692,0.10124140168661666,698.4042962549856,0.31489836888810496
70.36666666666666,1.198,1.263480205943845,0.10123077880228773,698.4101651505785,0.3149010150712102
70.38333333333334,1.198,1.2634748998015923,0.10122016107853458,698.4160313082193,0.3149036600198204
70.4,1.198,1.2634695962008495,0.10120954851133038,698.4218947299713,0.31490630373486583
70.41666666666667,1.198,1.2634642951396575,0.10119894109665249,698.4277554178958,0.31490894621727594
70.43333333333334,1.198,1.2634589966160594,0.10118833883048255,698.4336133740516,0.3149115874679789
70.45,1.198,1.2634537006280995,0.10117774170880645,698.4394686004956,0.3149142274879024
70.46666666666667,1.198,1.2634484071738257,0.10116714972761434,698.4453210992825,0.3149168662779725
70.48333333333333,1.198,1.2634431162512862,0.10115656288290065,698.4511708724649,0.31491950383911493
70.5,1.198,1.263437827858533,0.10114598117066398,698.4570179220934,0.31492214017225423
70.51666666666667,1.198,1.263432541993618,0.1011354045869072,698.4628622502167,0.31492477527831403
70.53333333333333,1.198,1.2634272586545976,0.10112483312763741,698.4687038588809,0.31492740915821693
70.55,1.198,1.2634219778395284,0.10111426678886593,698.4745427501301,0.3149300418128847
70.56666666666666,1.198,1.2634166995464695,0.10110370556660825,698.4803789260068,0.31493267324323804
70.58333333333333,1.198,1.2634114237734824,0.10109314945688416,698.4862123885509,0.31493530345019694
70.6,1.198,1.2634061505186303,0.10108259845571763,698.4920431398004,0.31493793243468016
70.61666666666666,1.198,1.2634008797799785,0.10107205255913679,698.4978711817911,0.31494056019760563
70.63333333333334,1.198,1.263395611555594,0.101061511763174,698.5036965165572,0.3149431867398905
70.65,1.198,1.263390345843547,0.10105097606386584,698.50951914613,0.3149458120624507
70.66666666666667,1.198,1.263385082641908,0.10104044545725299,698.5153390725393,0.3149484361662015
70.68333333333334,1.198,1.2633798219487506,0.10102991993938035,698.5211562978128,0.314951059052057
70.7,1.198,1.2633745637621505,0.10101939950629704,698.526970823976,0.3149536807209305
70.71666666666667,1.198,1.2633693080801847,0.1010088841540563,698.5327826530522,0.31495630117373447
70.73333333333333,1.198,1.2633640549009328,0.10099837387871564,698.5385917870631,0.3149589204113801
70.75,1.198,1.2633588042224764,0.10098786867633652,698.5443982280276,0.314961538434778
70.76666666666667,1.198,1.2633535560428983,0.10097736854298478,698.5502019779633,0.31496415524483773
70.78333333333333,1.198,1.2633483103602845,0.10096687347473021,698.5560030388854,0.3149667708424678
70.8,1.198,1.2633430671727224,0.1009563834676469,698.5618014128066,0.31496938522857604
70.81666666666666,1.198,1.2633378264783006,0.10094589851781305,698.5675971017386,0.31497199840406914
70.83333333333333,1.198,1.2633325882751112,0.10093541862131084,698.5733901076901,0.31497461036985297
70.85,1.198,1.2633273525612478,0.10092494377422678,698.579180432668,0.3149772211268323
70.86666666666666,1.198,1.2633221193348052,0.10091447397265141,698.5849680786775,0.3149798306759114
70.88333333333334,1.198,1.263316888593881,0.10090400921267934,698.5907530477213,0.314982439017993
70.9,1.198,1.2633116603365742,0.1008935494904094,698.5965353418004,0.31498504615397965
70.91666666666667,1.198,1.2633064345609866,0.10088309480194455,698.6023149629135,0.3149876520847723
70.93333333333334,1.198,1.263301211265221,0.10087264514339166,698.6080919130575,0.3149902568112713
70.95,1.198,1.2632959904473833,0.10086220051086184,698.613866194227,0.314992860334376
70.96666666666667,1.198,1.2632907721055797,0.1008517609004703,698.619637808415,0.3149954626549852
70.98333333333333,1.198,1.2632855562379206,0.10084132630833624,698.6254067576117,0.31499806377399603
71.0,1.198,1.2632803428425161,0.10083089673058304,698.6311730438063,0.3150006636923055
71.01666666666667,1.198,1.26327513191748,0.10082047216333812,698.6369366689852,0.31500326241080917
71.03333333333333,1.198,1.2632699234609273,0.10081005260273296,698.642697635133,0.31500585993040187
71.05,1.198,1.2632647174709746,0.10079963804490308,698.6484559442323,0.3150084562519776
71.06666666666666,1.198,1.2632595139457414,0.10078922848598806,698.6542115982636,0.3150110513764292
71.08333333333333,1.198,1.2632543128833484,0.10077882392213167,698.6599645992058,0.315013645304649
71.1,1.198,1.2632491142819187,0.1007684243494815,698.6657149490351,0.31501623803752815
71.11666666666666,1.198,1.2632439181395771,0.10075802976418938,698.6714626497261,0.31501882957595667
71.13333333333334,1.198,1.2632387244544498,0.10074764016241108,698.6772077032517,0.31502141992082444
71.15,1.198,1.2632335332246665,0.1007372555403064,698.682950111582,0.3150240090730195
71.16666666666667,1.198,1.2632283444483572,0.10072687589403923,698.6886898766858,0.31502659703342967
71.18333333333334,1.198,1.2632231581236548,0.10071650121977746,698.6944270005295,0.3150291838029415
71.2,1.198,1.2632179742486938,0.10070613151369293,698.7001614850776,0.31503176938244076
71.21666666666667,1.198,1.2632127928216108,0.10069576677196157,698.7058933322929,0.31503435377281247
71.23333333333333,1.198,1.2632076138405441,0.1006854069907633,698.7116225441358,0.31503693697494056
71.25,1.198,1.263202437303634,0.10067505216628203,698.7173491225649,0.3150395189897081
71.26666666666667,1.198,1.263197263209023,0.10066470229470567,698.7230730695368,0.3150420998179973
71.28333333333333,1.198,1.263192091554855,0.10065435737222614,698.728794387006,0.31504467946068937
71.3,1.198,1.2631869223392764,0.10064401739503934,698.7345130769252,0.3150472579186647
71.31666666666666,1.198,1.2631817555604352,0.10063368235934511,698.740229141245,0.315049835192803
71.33333333333333,1.198,1.2631765912164814,0.10062335226134733,698.745942581914,0.3150524112839826
71.35,1.198,1.2631714293055667,0.10061302709725381,698.7516534008793,0.31505498619308153
71.36666666666666,1.198,1.2631662698258448,0.10060270686327631,698.7573616000852,0.3150575599209765
71.38333333333334,1.198,1.2631611127754714,0.10059239155563061,698.7630671814745,0.3150601324685435
71.4,1.198,1.2631559581526046,0.10058208117053642,698.768770146988,0.3150627038366574
71.41666666666667,1.198,1.2631508059554035,0.10057177570421742,698.7744704985646,0.31506527402619255
71.43333333333334,1.198,1.2631456561820293,0.10056147515290118,698.7801682381412,0.3150678430380223
71.45,1.198,1.263140508830646,0.1005511795128192,698.7858633676526,0.315070410873019
71.46666666666667,1.198,1.2631353638994183,0.100540888780207,698.7915558890317,0.31507297753205404
71.48333333333333,1.198,1.263130221386513,0.10053060295130399,698.7972458042096,0.3150755430159983
71.5,1.198,1.2631250812901003,0.1005203220223535,698.8029331151151,0.31507810732572133
71.51666666666667,1.198,1.2631199436083496,0.10051004598960281,698.8086178236758,0.3150806704620923
71.53333333333333,1.198,1.2631148083394343,0.100499774849303,698.8142999318164,0.3150832324259791
71.55,1.198,1.2631096754815294,0.10048950859770922,698.8199794414602,0.31508579321824864
71.56666666666666,1.198,1.263104545032811,0.10047924723108045,698.8256563545285,0.31508835283976744
71.58333333333333,1.198,1.2630994169914578,0.10046899074567958,698.8313306729407,0.3150909112914009
71.6,1.198,1.2630942913556498,0.10045873913777341,698.8370023986138,0.3150934685740133
71.61666666666666,1.198,1.2630891681235694,0.10044849240363254,698.8426715334635,0.3150960246884684
71.63333333333334,1.198,1.2630840472934006,0.10043825053953159,698.8483380794034,0.3150985796356291
71.65,1.198,1.2630789288633295,0.10042801354174898,698.854002038345,0.3151011334163571
71.66666666666667,1.198,1.2630738128315433,0.100417781406567,698.859663412198,0.31510368603151356
71.68333333333334,1.198,1.263068699196232,0.10040755413027189,698.86532220287,0.31510623748195865
71.7,1.198,1.2630635879555876,0.10039733170915362,698.8709784122668,0.3151087877685515
71.71666666666667,1.198,1.263058479107803,0.10038711413950609,698.8766320422924,0.31511133689215065
71.73333333333333,1.198,1.263053372651073,0.10037690141762715,698.8822830948486,0.31511388485361375
71.75,1.198,1.2630482685835953,0.1003666935398183,698.8879315718358,0.3151164316537974
71.76666666666667,1.198,1.2630431669035693,0.10035649050238508,698.8935774751517,0.3151189772935573
71.78333333333333,1.198,1.2630380676091948,0.10034629230163676,698.8992208066927,0.31512152177374864
71.8,1.198,1.2630329706986747,0.1003360989338865,698.9048615683533,0.3151240650952255
71.81666666666666,1.198,1.2630278761702136,0.10032591039545125,698.9104997620256,0.31512660725884106
71.83333333333333,1.198,1.263022784022018,0.10031572668265176,698.9161353896003,0.3151291482654478
71.85,1.198,1.2630176942522962,0.10030554779181264,698.9217684529659,0.3151316881158971
71.86666666666666,1.198,1.263012606859258,0.10029537371926239,698.9273989540092,0.3151342268110398
71.88333333333334,1.198,1.263007521841115,0.10028520446133313,698.9330268946151,0.3151367643517258
71.9,1.198,1.2630024391960812,0.100275040014361,698.9386522766662,0.3151393007388038
71.91666666666667,1.198,1.2629973589223722,0.10026488037468578,698.9442751020438,0.3151418359731222
71.93333333333334,1.198,1.2629922810182053,0.10025472553865114,698.9498953726269,0.31514437005552803
71.95,1.198,1.262987205481799,0.10024457550260449,698.9555130902929,0.3151469029868679
71.96666666666667,1.198,1.2629821323113755,0.10023443026289705,698.961128256917,0.31514943476798735
71.98333333333333,1.198,1.262977061505157,0.10022428981588383,698.9667408743726,0.31515196539973095
72.0,1.198,1.2629719930613683,0.10021415415792354,698.9723509445316,0.3151544948829427
72.01666666666667,1.198,1.2629669269782355,0.10020402328537875,698.9779584692635,0.3151570232184656
72.03333333333333,1.198,1.2629618632539876,0.10019389719461586,698.9835634504361,0.31515955040714183
72.05,1.198,1.2629568018868542,0.10018377588200475,698.9891658899157,0.3151620764498128
72.06666666666666,1.198,1.262951742875067,0.10017365934391942,698.994765789566,0.31516460134731883
72.08333333333333,1.198,1.2629466862168603,0.10016354757673739,699.0003631512495,0.31516712510049966
72.1,1.198,1.2629416319104696,0.10015344057683997,699.0059579768264,0.3151696477101941
72.11666666666666,1.198,1.2629365799541317,0.10014333834061223,699.0115502681554,0.3151721691772402
72.13333333333334,1.198,1.2629315303460862,0.100133240864443,699.0171400270929,0.3151746895024749
72.15,1.198,1.2629264830845741,0.10012314814472482,699.0227272554938,0.3151772086867347
72.16666666666667,1.198,1.2629214381678378,0.10011306017785396,699.0283119552112,0.31517972673085487
72.18333333333334,1.198,1.2629163955941218,0.10010297696023034,699.0338941280959,0.31518224363567016
72.2,1.198,1.262911355361673,0.10009289848825774,699.0394737759972,0.31518475940201424
72.21666666666667,1.198,1.2629063174687392,0.10008282475834357,699.0450509007625,0.31518727403072017
72.23333333333333,1.198,1.2629012819135699,0.10007275576689895,699.0506255042374,0.31518978752262
72.25,1.198,1.2628962486944173,0.10006269151033868,699.0561975882656,0.3151922998785451
72.26666666666667,1.198,1.262891217809535,0.10005263198508135,699.0617671546886,0.3151948110993257
72.28333333333333,1.198,1.2628861892571777,0.10004257718754914,699.0673342053469,0.3151973211857917
72.3,1.198,1.262881163035603,0.10003252711416805,699.0728987420782,0.3151998301387716
72.31666666666666,1.198,1.2628761391430696,0.10002248176136759,699.078460766719,0.3152023379590936
72.33333333333333,1.198,1.2628711175778378,0.1000124411255811,699.0840202811038,0.31520484464758475
72.35,1.198,1.2628660983381703,0.10000240520324549,699.0895772870654,0.3152073502050714
72.36666666666666,1.198,1.2628610814223309,0.09999237399080141,699.0951317864344,0.315209854632379
72.38333333333334,1.198,1.262856066828586,0.09998234748469316,699.1006837810398,0.3152123579303322
72.4,1.198,1.2628510545552027,0.09997232568136868,699.106233272709,0.3152148600997549
72.41666666666667,1.198,1.2628460446004512,0.09996230857727964,699.1117802632672,0.3152173611414701
72.43333333333334,1.198,1.262841036962602,0.09995229616888121,699.1173247545379,0.3152198610563
72.45,1.198,1.262836031639928,0.09994228845263237,699.1228667483427,0.3152223598450659
72.46666666666667,1.198,1.262831028630705,0.09993228542499569,699.1284062465018,0.3152248575085884
72.48333333333333,1.198,1.262826027933208,0.09992228708243729,699.1339432508332,0.3152273540476874
72.5,1.198,1.262821029545716,0.09991229342142702,699.1394777631531,0.31522984946318167
72.51666666666667,1.198,1.2628160334665097,0.09990230443843835,699.1450097852758,0.3152323437558892
72.53333333333333,1.198,1.2628110396938694,0.09989232012994838,699.1505393190143,0.3152348369266276
72.55,1.198,1.2628060482260794,0.09988234049243774,699.1560663661792,0.3152373289762131
72.56666666666666,1.198,1.2628010590614247,0.09987236552239075,699.1615909285798,0.31523981990546157
72.58333333333333,1.198,1.2627960721981926,0.09986239521629538,699.1671130080231,0.31524230971518763
72.6,1.198,1.2627910876346713,0.09985242957064308,699.1726326063147,0.31524479840620545
72.61666666666666,1.198,1.2627861053691511,0.09984246858192906,699.1781497252583,0.31524728597932844
72.63333333333334,1.198,1.2627811253999253,0.09983251224665202,699.1836643666555,0.3152497724353687
72.65,1.198,1.2627761477252866,0.0998225605613142,699.1891765323068,0.31525225777513816
72.66666666666667,1.198,1.262771172343531,0.09981261352242161,699.19468622401,0.31525474199944736
72.68333333333334,1.198,1.2627661992529562,0.09980267112648361,699.200193443562,0.31525722510910653
72.7,1.198,1.262761228451861,0.09979273337001333,699.2056981927574,0.3152597071049248
72.71666666666667,1.198,1.262756259938546,0.09978280024952743,699.2112004733891,0.3152621879877106
72.73333333333333,1.198,1.2627512937113143,0.09977287176154609,699.2167002872482,0.3152646677582714
72.75,1.198,1.2627463297684696,0.09976294790259305,699.2221976361242,0.3152671464174142
72.76666666666667,1.198,1.2627413681083184,0.09975302866919561,699.2276925218044,0.3152696239659448
72.78333333333333,1.198,1.262736408729168,0.09974311405788469,699.2331849460753,0.31527210040466863
72.8,1.198,1.2627314516293278,0.0997332040651947,699.2386749107204,0.31527457573438994
72.81666666666666,1.198,1.2627264968071095,0.09972329868766364,699.2441624175219,0.31527704995591216
72.83333333333333,1.198,1.2627215442608248,0.09971339792183298,699.2496474682608,0.31527952307003854
72.85,1.198,1.2627165939887897,0.0997035017642478,699.2551300647156,0.3152819950775707
72.86666666666666,1.198,1.262711645989319,0.09969361021145665,699.2606102086633,0.31528446597931015
72.88333333333334,1.198,1.2627067002607315,0.09968372326001168,699.2660879018791,0.3152869357760571
72.9,1.198,1.2627017568013468,0.09967384090646847,699.2715631461365,0.31528940446861115
72.91666666666667,1.198,1.2626968156094855,0.09966396314738626,699.2770359432075,0.31529187205777137
72.93333333333334,1.198,1.2626918766834718,0.09965408997932762,699.2825062948616,0.3152943385443356
72.95,1.198,1.2626869400216296,0.09964422139885878,699.2879742028673,0.31529680392910125
72.96666666666667,1.198,1.2626820056222854,0.09963435740254939,699.2934396689911,0.3152992682128647
72.98333333333333,1.198,1.2626770734837678,0.09962449798697265,699.2989026949975,0.31530173139642165
73.0,1.198,1.262672143604406,0.09961464314870522,699.3043632826498,0.315304193480567
73.01666666666667,1.198,1.2626672159825318,0.09960479288432728,699.3098214337089,0.3153066544660948
73.03333333333333,1.198,1.2626622906164782,0.09959494719042244,699.3152771499346,0.31530911435379855
73.05,1.198,1.2626573675045805,0.0995851060635779,699.3207304330845,0.3153115731444706
73.06666666666666,1.198,1.2626524466451743,0.09957526950038421,699.3261812849147,0.3153140308389029
73.08333333333333,1.198,1.2626475280365987,0.09956543749743556,699.3316297071793,0.31531648743788626
73.1,1.198,1.2626426116771932,0.09955561005132935,699.3370757016311,0.31531894294221097
73.11666666666666,1.198,1.2626376975652993,0.09954578715866674,699.3425192700208,0.3153213973526664
73.13333333333334,1.198,1.2626327856992607,0.09953596881605214,699.3479604140974,0.31532385067004115
73.15,1.198,1.2626278760774217,0.09952615502009352,699.3533991356086,0.3153263028951232
73.16666666666667,1.198,1.2626229686981287,0.09951634576740223,699.3588354362997,0.3153287540286996
73.18333333333334,1.198,1.2626180635597306,0.09950654105459314,699.3642693179147,0.31533120407155657
73.2,1.198,1.262613160660577,0.09949674087828453,699.369700782196,0.3153336530244797
73.21666666666667,1.198,1.2626082599990194,0.0994869452350981,699.375129830884,0.31533610088825376
73.23333333333333,1.198,1.2626033615734107,0.09947715412165903,699.3805564657175,0.3153385476636628
73.25,1.198,1.2625984653821063,0.09946736753459587,699.3859806884335,0.31534099335148985
73.26666666666667,1.198,1.2625935714234624,0.09945758547054064,699.3914025007673,0.3153434379525175
73.28333333333333,1.198,1.2625886796958374,0.09944780792612876,699.3968219044527,0.31534588146752746
73.3,1.198,1.2625837901975907,0.09943803489799907,699.4022389012216,0.31534832389730044
73.31666666666666,1.198,1.2625789029270842,0.09942826638279384,699.4076534928041,0.3153507652426168
73.33333333333333,1.198,1.2625740178826805,0.09941850237715866,699.4130656809291,0.3153532055042558
73.35,1.198,1.2625691350627448,0.09940874287774268,699.418475467323,0.315355644682996
73.36666666666666,1.198,1.2625642544656435,0.09939898788119836,699.4238828537111,0.31535808277961513
73.38333333333334,1.198,1.2625593760897442,0.09938923738418154,699.429287841817,0.3153605197948906
73.4,1.198,1.2625544999334168,0.09937949138335148,699.4346904333622,0.3153629557295985
73.41666666666667,1.198,1.2625496259950328,0.09936974987537078,699.440090630067,0.3153653905845143
73.43333333333334,1.198,1.2625447542729646,0.09936001285690549,699.4454884336495,0.315367824360413
73.45,1.198,1.2625398847655875,0.09935028032462503,699.4508838458266,0.3153702570580684
73.46666666666667,1.198,1.2625350174712773,0.09934055227520214,699.4562768683132,0.31537268867825385
73.48333333333333,1.198,1.2625301523884116,0.09933082870531297,699.4616675028227,0.31537511922174194
73.5,1.198,1.2625252895153698,0.09932110961163697,699.4670557510667,0.3153775486893044
73.51666666666667,1.198,1.2625204288505336,0.09931139499085706,699.472441614755,0.315379977081712
73.53333333333333,1.198,1.2625155703922852,0.09930168483965945,699.4778250955959,0.3153824043997352
73.55,1.198,1.2625107141390088,0.09929197915473367,699.4832061952964,0.31538483064414347
73.56666666666666,1.198,1.2625058600890908,0.09928227793277268,699.488584915561,0.3153872558157054
73.58333333333333,1.198,1.2625010082409183,0.09927258117047272,699.4939612580931,0.31538967991518907
73.6,1.198,1.2624961585928807,0.0992628888645334,699.4993352245941,0.3153921029433616
73.61666666666666,1.198,1.2624913111433684,0.09925320101165767,699.5047068167643,0.31539452490098957
73.63333333333334,1.198,1.2624864658907744,0.09924351760855177,699.5100760363016,0.31539694578883853
73.65,1.198,1.262481622833492,0.09923383865192531,699.5154428849027,0.3153993656076736
73.66666666666667,1.198,1.2624767819699172,0.0992241641384912,699.5208073642626,0.315401784358259
73.68333333333334,1.198,1.2624719432984468,0.09921449406496567,699.5261694760748,0.31540420204135816
73.7,1.198,1.2624671068174802,0.09920482842806827,699.5315292220305,0.3154066186577337
73.71666666666667,1.198,1.2624622725254175,0.09919516722452185,699.5368866038197,0.3154090342081477
73.73333333333333,1.198,1.2624574404206603,0.09918551045105256,699.542241623131,0.31541144869336135
73.75,1.198,1.2624526105016125,0.09917585810438986,699.5475942816508,0.3154138621141352
73.76666666666667,1.198,1.2624477827666791,0.09916621018126656,699.5529445810644,0.31541627447122894
73.78333333333333,1.198,1.2624429572142672,0.09915656667841866,699.5582925230548,0.31541868576540155
73.8,1.198,1.262438133842785,0.09914692759258552,699.5636381093037,0.3154210959974113
73.81666666666666,1.198,1.2624333126506417,0.09913729292050974,699.5689813414918,0.31542350516801587
73.83333333333333,1.198,1.2624284936362502,0.09912766265893722,699.5743222212969,0.3154259132779717
73.85,1.198,1.2624236767980226,0.09911803680461717,699.5796607503961,0.31542832032803514
73.86666666666666,1.198,1.262418862134374,0.09910841535430201,699.5849969304645,0.31543072631896135
73.88333333333334,1.198,1.26241404964372,0.09909879830474755,699.5903307631758,0.315433131251505
73.9,1.198,1.2624092393244792,0.09908918565271269,699.5956622502014,0.31543553512641975
73.91666666666667,1.198,1.2624044311750704,0.09907957739495964,699.6009913932122,0.31543793794445896
73.93333333333334,1.198,1.2623996251939151,0.099069973528254,699.6063181938763,0.31544033970637464
73.95,1.198,1.2623948213794356,0.09906037404936445,699.611642653861,0.31544274041291875
73.96666666666667,1.198,1.2623900197300562,0.09905077895506305,699.6169647748318,0.315445140064842
73.98333333333333,1.198,1.2623852202442023,0.09904118824212499,699.6222845584521,0.3154475386628945
74.0,1.198,1.2623804229203013,0.09903160190732876,699.6276020063843,0.31544993620782585
74.01666666666667,1.198,1.262375627756782,0.0990220199474561,699.6329171202889,0.31545233270038464
74.03333333333333,1.198,1.2623708347520746,0.09901244235929191,699.6382299018248,0.3154547281413189
74.05,1.198,1.2623660439046114,0.09900286913962442,699.6435403526494,0.31545712253137587
74.06666666666666,1.198,1.2623612552128256,0.09899330028524497,699.6488484744182,0.31545951587130205
74.08333333333333,1.198,1.262356468675152,0.09898373579294822,699.6541542687853,0.3154619081618433
74.1,1.198,1.262351684290028,0.09897417565953198,699.6594577374033,0.3154642994037446
74.11666666666666,1.198,1.262346902055891,0.09896461988179728,699.6647588819229,0.31546668959775026
74.13333333333334,1.198,1.262342121971181,0.0989550684565484,699.6700577039935,0.31546907874460406
74.15,1.198,1.262337344034339,0.09894552138059272,699.6753542052627,0.3154714668450488
74.16666666666667,1.198,1.262332568243808,0.09893597865074097,699.6806483873767,0.3154738538998267
74.18333333333334,1.198,1.2623277945980327,0.09892644026380688,699.6859402519796,0.3154762399096791
74.2,1.198,1.262323023095458,0.0989169062166076,699.6912298007146,0.3154786248753469
74.21666666666667,1.198,1.2623182537345323,0.09890737650596333,699.6965170352227,0.31548100879756996
74.23333333333333,1.198,1.262313486513704,0.09889785112869741,699.7018019571439,0.3154833916770877
74.25,1.198,1.2623087214314237,0.09888833008163642,699.707084568116,0.31548577351463875
74.26666666666667,1.198,1.2623039584861433,0.09887881336161017,699.7123648697756,0.31548815431096083
74.28333333333333,1.198,1.2622991976763167,0.09886930096545156,699.7176428637574,0.31549053406679106
74.3,1.198,1.2622944390003987,0.09885979288999672,699.7229185516951,0.315492912782866
74.31666666666666,1.198,1.262289682456846,0.0988502891320848,699.7281919352203,0.3154952904599215
74.33333333333333,1.198,1.2622849280441168,0.09884078968855828,699.7334630159628,0.3154976670986921
74.35,1.198,1.2622801757606705,0.09883129455626272,699.7387317955518,0.31550004269991266
74.36666666666666,1.198,1.2622754256049684,0.09882180373204681,699.7439982756139,0.31550241726431644
74.38333333333334,1.198,1.2622706775754735,0.09881231721276244,699.7492624577744,0.3155047907926363
74.4,1.198,1.2622659316706497,0.09880283499526457,699.7545243436575,0.3155071632856046
74.41666666666667,1.198,1.2622611878889627,0.0987933570764114,699.7597839348854,0.31550953474395266
74.43333333333334,1.198,1.2622564462288797,0.0987838834530642,699.7650412330788,0.31551190516841127
74.45,1.198,1.2622517066888699,0.09877441412208736,699.7702962398565,0.3155142745597103
74.46666666666667,1.198,1.2622469692674034,0.09876494908034841,699.7755489568365,0.3155166429185794
74.48333333333333,1.198,1.2622422339629518,0.09875548832471806,699.7807993856347,0.3155190102457471
74.5,1.198,1.2622375007739883,0.09874603185207001,699.7860475278654,0.3155213765419411
74.51666666666667,1.198,1.262232769698988,0.0987365796592812,699.7912933851419,0.315523741807889
74.53333333333333,1.198,1.2622280407364268,0.09872713174323161,699.796536959075,0.31552610604431697
74.55,1.198,1.2622233138847831,0.09871768810080436,699.8017782512749,0.3155284692519511
74.56666666666666,1.198,1.262218589142536,0.09870824872888567,699.8070172633494,0.31553083143151633
74.58333333333333,1.198,1.2622138665081657,0.09869881362436485,699.8122539969056,0.31553319258373713
74.6,1.198,1.2622091459801554,0.0986893827841343,699.8174884535482,0.3155355527093372
74.61666666666666,1.198,1.2622044275569884,0.09867995620508951,699.8227206348813,0.3155379118090397
74.63333333333334,1.198,1.2621997112371501,0.09867053388412916,699.8279505425065,0.31554026988356676
74.65,1.198,1.2621949970191269,0.09866111581815482,699.8331781780245,0.3155426269336402
74.66666666666667,1.198,1.2621902849014075,0.09865170200407125,699.8384035430341,0.31554498295998085
74.68333333333334,1.198,1.2621855748824817,0.0986422924387863,699.8436266391326,0.3155473379633088
74.7,1.198,1.2621808669608403,0.0986328871192109,699.8488474679162,0.3155496919443439
74.71666666666667,1.198,1.2621761611349767,0.09862348604225896,699.8540660309789,0.31555204490380473
74.73333333333333,1.198,1.2621714574033844,0.09861408920484756,699.8592823299136,0.31555439684240966
74.75,1.198,1.2621667557645595,0.09860469660389679,699.8644963663116,0.315556747760876
74.76666666666667,1.198,1.262162056216999,0.0985953082363298,699.8697081417624,0.3155590976599205
74.78333333333333,1.198,1.2621573587592017,0.09858592409907274,699.8749176578544,0.3155614465402594
74.8,1.198,1.2621526633896671,0.09857654418905495,699.8801249161744,0.31556379440260807
74.81666666666666,1.198,1.2621479701068976,0.09856716850320871,699.8853299183072,0.3155661412476811
74.83333333333333,1.198,1.2621432789093958,0.09855779703846934,699.8905326658365,0.31556848707619267
74.85,1.198,1.2621385897956663,0.09854842979177522,699.8957331603445,0.31557083188885604
74.86666666666666,1.198,1.2621339027642153,0.09853906676006782,699.9009314034116,0.31557317568638377
74.88333333333334,1.198,1.26212921781355,0.0985297079402915,699.9061273966171,0.3155755184694879
74.9,1.198,1.262124534942179,0.09852035332939378,699.9113211415383,0.3155778602388798
74.91666666666667,1.198,1.2621198541486132,0.09851100292432513,699.9165126397513,0.3155802009952699
74.93333333333334,1.198,1.2621151754313644,0.0985016567220391,699.9217018928305,0.3155825407393682
74.95,1.198,1.2621104987889455,0.0984923147194922,699.9268889023491,0.31558487947188396
74.96666666666667,1.198,1.2621058242198717,0.09848297691364398,699.9320736698784,0.31558721719352567
74.98333333333333,1.198,1.262101151722659,0.09847364330145694,699.9372561969883,0.31558955390500126
75.0,1.198,1.2620964812958246,0.09846431387989671,699.9424364852476,0.315591889607018
75.01666666666667,1.198,1.2620918129378886,0.09845498864593182,699.9476145362229,0.31559422430028217
75.03333333333333,1.198,1.2620871466473707,0.09844566759653378,699.95279035148,0.31559655798549974
75.05,1.198,1.2620824824227934,0.09843635072867724,699.9579639325824,0.3155988906633759
75.06666666666666,1.198,1.26207782026268,0.09842703803933958,699.9631352810931,0.3156012223346152
75.08333333333333,1.198,1.262073160165555,0.09841772952550142,699.9683043985726,0.31560355299992127
75.1,1.198,1.2620685021299451,0.09840842518414625,699.9734712865805,0.31560588265999734
75.11666666666666,1.198,1.2620638461543783,0.0983991250122605,699.9786359466751,0.3156082113155459
75.13333333333334,1.198,1.2620591922373834,0.09838982900683366,699.9837983804123,0.3156105389672686
75.15,1.198,1.2620545403774912,0.09838053716485815,699.9889585893477,0.3156128656158668
75.16666666666667,1.198,1.2620498905732338,0.09837124948332937,699.9941165750342,0.3156151912620408
75.18333333333334,1.198,1.2620452428231446,0.09836196595924566,699.9992723390243,0.31561751590649034
75.2,1.198,1.2620405971257587,0.0983526865896083,700.0044258828683,0.31561983954991457
75.21666666666667,1.198,1.2620359534796124,0.09834341137142164,700.0095772081153,0.31562216219301203
75.23333333333333,1.198,1.2620313118832434,0.0983341403016928,700.0147263163129,0.31562448383648034
75.25,1.198,1.262026672335191,0.09832487337743201,700.0198732090072,0.3156268044810167
75.26666666666667,1.198,1.2620220348339959,0.09831561059565241,700.0250178877427,0.31562912412731753
75.28333333333333,1.198,1.2620173993782002,0.09830635195337001,700.0301603540628,0.3156314427760786
75.3,1.198,1.2620127659663471,0.0982970974476038,700.0353006095088,0.31563376042799496
75.31666666666666,1.198,1.2620081345969818,0.09828784707537572,700.0404386556212,0.3156360770837612
75.33333333333333,1.198,1.2620035052686507,0.09827860083371061,700.0455744939385,0.31563839274407096
75.35,1.198,1.2619988779799012,0.0982693587196363,700.0507081259981,0.3156407074096174
75.36666666666666,1.198,1.261994252729283,0.09826012073018345,700.0558395533358,0.31564302108109304
75.38333333333334,1.198,1.2619896295153459,0.09825088686238573,700.0609687774859,0.31564533375918963
75.4,1.198,1.2619850083366426,0.09824165711327965,700.0660957999811,0.3156476454445983
75.41666666666667,1.198,1.261980389191726,0.09823243147990465,700.0712206223529,0.3156499561380095
75.43333333333334,1.198,1.2619757720791513,0.09822320995930314,700.0763432461313,0.3156522658401131
75.45,1.198,1.2619711569974743,0.09821399254852037,700.0814636728448,0.3156545745515984
75.46666666666667,1.198,1.2619665439452528,0.09820477924460452,700.0865819040204,0.31565688227315364
75.48333333333333,1.198,1.2619619329210459,0.09819557004460663,700.0916979411835,0.3156591890054668
75.5,1.198,1.2619573239234139,0.09818636494558065,700.0968117858584,0.31566149474922517
75.51666666666667,1.198,1.2619527169509184,0.09817716394458348,700.1019234395678,0.3156637995051152
75.53333333333333,1.198,1.2619481120021228,0.09816796703867485,700.1070329038329,0.3156661032738228
75.55,1.198,1.261943509075592,0.0981587742249174,700.1121401801732,0.3156684060560331
75.56666666666666,1.198,1.261938908169891,0.09814958550037653,700.1172452701074,0.3156707078524309
75.58333333333333,1.198,1.2619343092835884,0.09814040086212075,700.1223481751522,0.3156730086636999
75.6,1.198,1.2619297124152524,0.09813122030722118,700.127448896823,0.31567530849052367
75.61666666666666,1.198,1.2619251175634527,0.0981220438327521,700.1325474366339,0.3156776073335846
75.63333333333334,1.198,1.2619205247267617,0.09811287143579042,700.1376437960974,0.3156799051935647
75.65,1.198,1.261915933903752,0.09810370311341599,700.1427379767247,0.3156822020711454
75.66666666666667,1.198,1.2619113450929975,0.0980945388627115,700.1478299800253,0.31568449796700737
75.68333333333334,1.198,1.2619067582930743,0.09808537868076253,700.1529198075077,0.31568679288183066
75.7,1.198,1.2619021735025593,0.0980762225646575,700.1580074606786,0.31568908681629465
75.71666666666667,1.198,1.2618975907200312,0.09806707051148769,700.1630929410433,0.3156913797710781
75.73333333333333,1.198,1.2618930099440695,0.09805792251834718,700.168176250106,0.3156936717468591
75.75,1.198,1.2618884311732554,0.09804877858233293,700.1732573893689,0.31569596274431516
75.76666666666667,1.198,1.2618838544061721,0.09803963870054472,700.1783363603334,0.315698252764123
75.78333333333333,1.198,1.2618792796414025,0.0980305028700852,700.1834131644993,0.31570054180695906
75.8,1.198,1.2618747068775327,0.0980213710880598,700.1884878033644,0.31570282987349857
75.81666666666666,1.198,1.261870136113149,0.09801224335157678,700.1935602784258,0.3157051169644166
75.83333333333333,1.198,1.26186556734684,0.0980031196577473,700.198630591179,0.31570740308038736
75.85,1.198,1.261861000577194,0.09799400000368522,700.2036987431181,0.3157096882220846
75.86666666666666,1.198,1.2618564358028026,0.09798488438650729,700.2087647357356,0.31571197239018123
75.88333333333334,1.198,1.261851873022258,0.09797577280333314,700.2138285705223,0.31571425558534943
75.9,1.198,1.2618473122341534,0.09796666525128508,700.2188902489685,0.3157165378082611
75.91666666666667,1.198,1.2618427534370833,0.09795756172748826,700.2239497725626,0.31571881905958743
75.93333333333334,1.198,1.2618381966296448,0.09794846222907067,700.229007142791,0.3157210993399986
75.95,1.198,1.2618336418104348,0.09793936675316309,700.2340623611396,0.3157233786501645
75.96666666666667,1.198,1.2618290889780523,0.09793027529689907,700.2391154290927,0.31572565699075433
75.98333333333333,1.198,1.2618245381310977,0.097921187857415,700.2441663481328,0.3157279343624366
76.0,1.198,1.2618199892681723,0.09791210443185,700.2492151197414,0.3157302107658794
76.01666666666667,1.198,1.2618154423878798,0.09790302501734602,700.2542617453983,0.31573248620174976
76.03333333333333,1.198,1.2618108974888236,0.09789394961104778,700.259306226582,0.3157347606707145
76.05,1.198,1.2618063545696097,0.09788487821010278,700.2643485647699,0.31573703417343957
76.06666666666666,1.198,1.2618018136288454,0.09787581081166127,700.2693887614373,0.31573930671059025
76.08333333333333,1.198,1.2617972746651382,0.0978667474128763,700.2744268180592,0.3157415782828316
76.1,1.198,1.261792737677099,0.0978576880109037,700.279462736108,0.31574384889082746
76.11666666666666,1.198,1.2617882026633376,0.09784863260290204,700.2844965170556,0.31574611853524154
76.13333333333334,1.198,1.2617836696224674,0.09783958118603267,700.289528162372,0.31574838721673654
76.15,1.198,1.2617791385531012,0.09783053375745968,700.2945576735262,0.31575065493597493
76.16666666666667,1.198,1.2617746094538544,0.09782149031434995,700.2995850519854,0.3157529216936182
76.18333333333334,1.198,1.2617700823233438,0.09781245085387308,700.3046102992157,0.3157551874903272
76.2,1.198,1.2617655571601862,0.09780341537320139,700.3096334166819,0.31575745232676267
76.21666666666667,1.198,1.2617610339630008,0.09779438386950995,700.3146544058473,0.3157597162035843
76.23333333333333,1.198,1.2617565127304082,0.09778535633997668,700.3196732681735,0.315761979121451
76.25,1.198,1.2617519934610304,0.09777633278178215,700.3246900051212,0.31576424108102147
76.26666666666667,1.198,1.2617474761534897,0.09776731319210966,700.3297046181495,0.31576650208295354
76.28333333333333,1.198,1.2617429608064106,0.09775829756814522,700.3347171087164,0.31576876212790467
76.3,1.198,1.2617384474184188,0.09774928590707767,700.339727478278,0.31577102121653133
76.31666666666666,1.198,1.2617339359881414,0.09774027820609849,700.3447357282894,0.31577327934948957
76.33333333333333,1.198,1.2617294265142063,0.09773127446240186,700.3497418602043,0.31577553652743495
76.35,1.198,1.2617249189952435,0.09772227467318476,700.3547458754749,0.3157777927510221
76.36666666666666,1.198,1.2617204134298834,0.09771327883564683,700.3597477755525,0.31578004802090553
76.38333333333334,1.198,1.2617159098167585,0.09770428694699043,700.3647475618861,0.31578230233773846
76.4,1.198,1.2617114081545022,0.09769529900442067,700.3697452359244,0.3157845557021741
76.41666666666667,1.198,1.2617069084417498,0.09768631500514528,700.3747407991139,0.3157868081148647
76.43333333333334,1.198,1.2617024106771366,0.09767733494637479,700.3797342529001,0.315789059576462
76.45,1.198,1.2616979148593004,0.09766835882532235,700.3847255987275,0.31579131008761724
76.46666666666667,1.198,1.2616934209868802,0.09765938663920382,700.3897148380386,0.31579355964898087
76.48333333333333,1.198,1.2616889290585156,0.0976504183852378,700.3947019722748,0.3157958082612028
76.5,1.198,1.2616844390728479,0.09764145406064556,700.3996870028762,0.3157980559249324
76.51666666666667,1.198,1.2616799510285204,0.097632493662651,700.4046699312817,0.3158003026408182
76.53333333333333,1.198,1.2616754649241766,0.09762353718848081,700.4096507589281,0.3158025484095084
76.55,1.198,1.2616709807584616,0.09761458463536421,700.4146294872521,0.31580479323165045
76.56666666666666,1.198,1.261666498530022,0.09760563600053326,700.4196061176881,0.31580703710789126
76.58333333333333,1.198,1.261662018237506,0.0975966912812225,700.4245806516693,0.31580928003887704
76.6,1.198,1.2616575398795624,0.09758775047466933,700.4295530906278,0.3158115220252534
76.61666666666666,1.198,1.2616530634548415,0.09757881357811375,700.4345234359944,0.31581376306766556
76.63333333333334,1.198,1.261648588961995,0.09756988058879836,700.4394916891982,0.3158160031667579
76.65,1.198,1.261644116399676,0.09756095150396843,700.4444578516673,0.3158182423231742
76.66666666666667,1.198,1.2616396457665389,0.09755202632087202,700.4494219248281,0.31582048053755774
76.68333333333334,1.198,1.261635177061239,0.09754310503675971,700.4543839101061,0.31582271781055116
76.7,1.198,1.2616307102824333,0.09753418764888472,700.4593438089253,0.3158249541427965
76.71666666666667,1.198,1.26162624542878,0.09752527415450307,700.464301622708,0.3158271895349351
76.73333333333333,1.198,1.2616217824989384,0.09751636455087323,700.4692573528761,0.3158294239876081
76.75,1.198,1.261617321491569,0.09750745883525636,700.4742110008492,0.3158316575014555
76.76666666666667,1.198,1.2616128624053338,0.09749855700491639,700.4791625680458,0.31583389007711693
76.78333333333333,1.198,1.261608405238896,0.0974896590571197,700.4841120558834,0.3158361217152315
76.8,1.198,1.2616039499909204,0.09748076498913547,700.4890594657782,0.31583835241643765
76.81666666666666,1.198,1.2615994966600725,0.09747187479823535,700.4940047991446,0.3158405821813734
76.83333333333333,1.198,1.2615950452450195,0.09746298848169374,700.4989480573959,0.31584281101067563
76.85,1.198,1.2615905957444296,0.09745410603678759,700.5038892419444,0.3158450389049813
76.86666666666666,1.198,1.2615861481569723,0.09744522746079644,700.5088283542005,0.3158472658649264
76.88333333333334,1.198,1.2615817024813185,0.0974363527510026,700.513765395574,0.3158494918911464
76.9,1.198,1.2615772587161405,0.09742748190469075,700.5187003674727,0.3158517169842761
76.91666666666667,1.198,1.2615728168601115,0.09741861491914841,700.5236332713034,0.3158539411449501
76.93333333333334,1.198,1.2615683769119062,0.09740975179166558,700.5285641084716,0.3158561643738016
76.95,1.198,1.2615639388702,0.09740089251953485,700.5334928803817,0.31585838667146415
76.96666666666667,1.198,1.2615595027336703,0.09739203710005145,700.5384195884363,0.3158606080385702
76.98333333333333,1.198,1.2615550685009962,0.09738318553051324,700.5433442340368,0.3158628284757515
77.0,1.198,1.2615506361708566,0.09737433780822062,700.5482668185837,0.3158650479836394
77.01666666666667,1.198,1.2615462057419329,0.09736549393047661,700.5531873434757,0.31586726656286473
77.03333333333333,1.198,1.2615417772129065,0.09735665389458673,700.5581058101105,0.3158694842140577
77.05,1.198,1.2615373505824619,0.09734781769785919,700.5630222198846,0.31587170093784783
77.06666666666666,1.198,1.2615329258492827,0.09733898533760474,700.567936574193,0.31587391673486426
77.08333333333333,1.198,1.2615285030120553,0.09733015681113676,700.5728488744294,0.3158761316057352
77.1,1.198,1.261524082069467,0.09732133211577106,700.5777591219859,0.3158783455510884
77.11666666666666,1.198,1.2615196630202061,0.09731251124882617,700.582667318254,0.31588055857155134
77.13333333333334,1.198,1.2615152458629617,0.09730369420762314,700.5875734646237,0.31588277066775067
77.15,1.198,1.2615108305964258,0.09729488098948555,700.592477562483,0.3158849818403123
77.16666666666667,1.198,1.2615064172192896,0.09728607159173958,700.5973796132197,0.3158871920898617
77.18333333333334,1.198,1.2615020057302468,0.09727726601171394,700.6022796182194,0.31588940141702404
77.2,1.198,1.2614975961279917,0.09726846424673988,700.6071775788672,0.3158916098224235
77.21666666666667,1.198,1.2614931884112206,0.09725966629415128,700.6120734965463,0.31589381730668387
77.23333333333333,1.198,1.2614887825786305,0.09725087215128451,700.6169673726384,0.31589602387042814
77.25,1.198,1.2614843786289194,0.09724208181547853,700.621859208525,0.31589822951427915
77.26666666666667,1.198,1.261479976560787,0.0972332952840747,700.6267490055855,0.31590043423885883
77.28333333333333,1.198,1.2614755763729342,0.09722451255441711,700.6316367651978,0.3159026380447886
77.3,1.198,1.2614711780640628,0.09721573362385227,700.6365224887393,0.31590484093268933
77.31666666666666,1.198,1.2614667816328762,0.09720695848972932,700.6414061775855,0.31590704290318133
77.33333333333333,1.198,1.2614623870780788,0.09719818714939979,700.6462878331109,0.3159092439568843
77.35,1.198,1.261457994398376,0.09718941960021786,700.651167456689,0.31591144409441746
77.36666666666666,1.198,1.2614536035924748,0.09718065583954019,700.6560450496912,0.31591364331639926
77.38333333333334,1.198,1.2614492146590837,0.09717189586472592,700.6609206134884,0.3159158416234477
77.4,1.198,1.2614448275969115,0.09716313967313682,700.66579414945,0.3159180390161804
77.41666666666667,1.198,1.261440442404669,0.09715438726213703,700.670665658944,0.3159202354952139
77.43333333333334,1.198,1.261436059081068,0.09714563862909334,700.6755351433371,0.31592243106116474
77.45,1.198,1.2614316776248218,0.09713689377137494,700.6804026039953,0.3159246257146485
77.46666666666667,1.198,1.261427298034644,0.09712815268635361,700.6852680422824,0.3159268194562803
77.48333333333333,1.198,1.2614229203092502,0.09711941537140356,700.6901314595617,0.3159290122866748
77.5,1.198,1.2614185444473571,0.09711068182390159,700.6949928571951,0.31593120420644605
77.51666666666667,1.198,1.2614141704476824,0.09710195204122693,700.6998522365429,0.3159333952162074
77.53333333333333,1.198,1.2614097983089456,0.09709322602076129,700.7047095989643,0.31593558531657157
77.55,1.198,1.2614054280298663,0.0970845037598889,700.7095649458178,0.3159377745081512
77.56666666666666,1.198,1.2614010596091665,0.09707578525599649,700.7144182784594,0.3159399627915577
77.58333333333333,1.198,1.2613966930455685,0.09706707050647327,700.7192695982453,0.3159421501674025
77.6,1.198,1.2613923283377961,0.09705835950871093,700.7241189065294,0.31594433663629606
77.61666666666666,1.198,1.2613879654845745,0.09704965226010358,700.7289662046647,0.3159465221988485
77.63333333333334,1.198,1.2613836044846303,0.09704094875804793,700.7338114940031,0.3159487068556692
77.65,1.198,1.2613792453366903,0.09703224899994307,700.738654775895,0.3159508906073672
77.66666666666667,1.198,1.2613748880394837,0.09702355298319056,700.7434960516897,0.31595307345455076
77.68333333333334,1.198,1.26137053259174,0.09701486070519448,700.7483353227354,0.3159552553978278
77.7,1.198,1.2613661789921904,0.09700617216336137,700.7531725903787,0.31595743643780555
77.71666666666667,1.198,1.2613618272395672,0.09699748735510019,700.7580078559648,0.3159596165750905
77.73333333333333,1.198,1.2613574773326035,0.09698880627782237,700.7628411208385,0.31596179581028894
77.75,1.198,1.2613531292700344,0.09698012892894178,700.7676723863428,0.3159639741440064
77.76666666666667,1.198,1.2613487830505954,0.09697145530587482,700.7725016538192,0.3159661515768478
77.78333333333333,1.198,1.2613444386730235,0.09696278540604024,700.7773289246087,0.3159683281094177
77.8,1.198,1.2613400961360566,0.09695411922685926,700.7821542000504,0.31597050374232005
77.81666666666666,1.198,1.2613357554384346,0.09694545676575564,700.7869774814824,0.31597267847615795
77.83333333333333,1.198,1.2613314165788978,0.09693679802015548,700.7917987702417,0.3159748523115344
77.85,1.198,1.2613270795561877,0.09692814298748734,700.7966180676639,0.3159770252490515
77.86666666666666,1.198,1.2613227443690478,0.0969194916651822,700.8014353750833,0.3159791972893109
77.88333333333334,1.198,1.2613184110162219,0.09691084405067352,700.8062506938332,0.31598136843291375
77.9,1.198,1.2613140794964548,0.09690220014139714,700.811064025246,0.3159835386804608
77.91666666666667,1.198,1.2613097498084933,0.09689355993479137,700.8158753706517,0.31598570803255177
77.93333333333334,1.198,1.261305421951085,0.0968849234282969,700.8206847313803,0.3159878764897863
77.95,1.198,1.261301095922979,0.09687629061935689,700.82549210876,0.3159900440527632
77.96666666666667,1.198,1.2612967717229246,0.09686766150541683,700.830297504118,0.315992210722081
77.98333333333333,1.198,1.2612924493496733,0.09685903608392475,700.83510091878,0.31599437649833734
78.0,1.198,1.2612881288019775,0.09685041435233102,700.8399023540708,0.31599654138212957
78.01666666666667,1.198,1.26128381007859,0.0968417963080884,700.8447018113138,0.31599870537405444
78.03333333333333,1.198,1.2612794931782663,0.0968331819486521,700.8494992918311,0.316000868474708
78.05,1.198,1.2612751780997618,0.09682457127147971,700.8542947969438,0.31600303068468594
78.06666666666666,1.198,1.2612708648418334,0.09681596427403127,700.8590883279718,0.3160051920045833
78.08333333333333,1.198,1.2612665534032392,0.0968073609537691,700.8638798862335,0.3160073524349946
78.1,1.198,1.2612622437827385,0.09679876130815802,700.8686694730465,0.316009511976514
78.11666666666666,1.198,1.2612579359790919,0.09679016533466522,700.8734570897268,0.31601167062973473
78.13333333333334,1.198,1.2612536299910606,0.09678157303076029,700.8782427375896,0.31601382839524983
78.15,1.198,1.2612493258174078,0.09677298439391513,700.8830264179483,0.3160159852736515
78.16666666666667,1.198,1.2612450234568968,0.09676439942160414,700.8878081321158,0.31601814126553174
78.18333333333334,1.198,1.2612407229082936,0.09675581811130399,700.8925878814032,0.31602029637148166
78.2,1.198,1.2612364241703633,0.09674724046049382,700.8973656671209,0.3160224505920921
78.21666666666667,1.198,1.261232127241874,0.09673866646665508,700.9021414905778,0.31602460392795323
78.23333333333333,1.198,1.2612278321215944,0.09673009612727164,700.9069153530813,0.3160267563796545
78.25,1.198,1.2612235388082933,0.09672152943982969,700.9116872559387,0.3160289079477853
78.26666666666667,1.198,1.2612192473007422,0.09671296640181783,700.9164572004548,0.3160310586329341
78.28333333333333,1.198,1.2612149575977125,0.09670440701072697,700.921225187934,0.316033208435689
78.3,1.198,1.261210669697978,0.09669585126405046,700.9259912196792,0.31603535735663724
78.31666666666666,1.198,1.261206383600312,0.09668729915928392,700.9307552969923,0.31603750539636616
78.33333333333333,1.198,1.2612020993034907,0.0966787506939254,700.9355174211739,0.31603965255546196
78.35,1.198,1.2611978168062903,0.09667020586547527,700.9402775935234,0.31604179883451045
78.36666666666666,1.198,1.2611935361074882,0.09666166467143628,700.9450358153391,0.31604394423409726
78.38333333333334,1.198,1.261189257205864,0.0966531271093134,700.9497920879179,0.31604608875480694
78.4,1.198,1.2611849801001966,0.09664459317661414,700.9545464125556,0.3160482323972238
78.41666666666667,1.198,1.2611807047892676,0.0966360628708482,700.9592987905473,0.3160503751619318
78.43333333333334,1.198,1.2611764312718594,0.09662753618952774,700.9640492231862,0.316052517049514
78.45,1.198,1.2611721595467547,0.09661901313016713,700.9687977117646,0.3160546580605531
78.46666666666667,1.198,1.2611678896127383,0.09661049369028314,700.9735442575737,0.31605679819563126
78.48333333333333,1.198,1.261163621468596,0.09660197786739483,700.9782888619037,0.31605893745533015
78.5,1.198,1.2611593551131142,0.09659346565902369,700.983031526043,0.31606107584023074
78.51666666666667,1.198,1.2611550905450808,0.09658495706269342,700.9877722512796,0.3160632133509138
78.53333333333333,1.198,1.261150827763285,0.09657645207593006,700.9925110388996,0.3160653499879592
78.55,1.198,1.2611465667665165,0.09656795069626206,700.9972478901885,0.3160674857519466
78.56666666666666,1.198,1.261142307553567,0.09655945292122009,701.0019828064303,0.3160696206434548
78.58333333333333,1.198,1.261138050123228,0.09655095874833716,701.0067157889082,0.3160717546630624
78.6,1.198,1.261133794474294,0.09654246817514861,701.0114468389037,0.31607388781134726
78.61666666666666,1.198,1.261129540605559,0.09653398119919207,701.0161759576973,0.31607602008888674
78.63333333333334,1.198,1.2611252885158184,0.09652549781800748,701.0209031465689,0.31607815149625795
78.65,1.198,1.2611210382038698,0.09651701802913706,701.0256284067964,0.31608028203403693
78.66666666666667,1.198,1.2611167896685105,0.09650854183012537,701.030351739657,0.31608241170279977
78.68333333333334,1.198,1.2611125429085395,0.09650006921851928,701.035073146427,0.3160845405031217
78.7,1.198,1.2611082979227572,0.09649160019186791,701.0397926283805,0.31608666843557737
78.71666666666667,1.198,1.2611040547099652,0.09648313474772263,701.0445101867916,0.3160887955007411
78.73333333333333,1.198,1.2610998132689653,0.09647467288363723,701.0492258229327,0.31609092169918673
78.75,1.198,1.2610955735985612,0.09646621459716764,701.0539395380754,0.3160930470314875
78.76666666666667,1.198,1.2610913356975573,0.09645775988587224,701.0586513334894,0.3160951714982159
78.78333333333333,1.198,1.2610870995647596,0.09644930874731153,701.063361210444,0.31609729509994433
78.8,1.198,1.2610828651989747,0.0964408611790484,701.068069170207,0.3160994178372444
78.81666666666666,1.198,1.2610786325990104,0.09643241717864792,701.072775214045,0.3161015397106871
78.83333333333333,1.198,1.261074401763676,0.09642397674367754,701.0774793432239,0.31610366072084334
78.85,1.198,1.2610701726917812,0.09641553987170688,701.0821815590078,0.31610578086828295
78.86666666666666,1.198,1.2610659453821373,0.09640710656030792,701.0868818626603,0.3161079001535757
78.88333333333334,1.198,1.2610617198335572,0.09639867680705481,701.0915802554432,0.3161100185772905
78.9,1.198,1.2610574960448537,0.09639025060952405,701.0962767386176,0.316112136139996
78.91666666666667,1.198,1.2610532740148415,0.09638182796529433,701.1009713134434,0.31611425284226036
78.93333333333334,1.198,1.2610490537423358,0.09637340887194668,701.1056639811793,0.31611636868465093
78.95,1.198,1.2610448352261538,0.09636499332706427,701.1103547430829,0.3161184836677347
78.96666666666667,1.198,1.2610406184651126,0.09635658132823263,701.1150436004107,0.31612059779207846
78.98333333333333,1.198,1.261036403458032,0.09634817287303947,701.1197305544176,0.3161227110582479
79.0,1.198,1.261032190203731,0.09633976795907476,701.1244156063583,0.31612482346680865
79.01666666666667,1.198,1.2610279787010312,0.09633136658393072,701.1290987574855,0.31612693501832556
79.03333333333333,1.198,1.261023768948755,0.09632296874520188,701.1337800090512,0.31612904571336325
79.05,1.198,1.2610195609457249,0.09631457444048487,701.1384593623059,0.31613115555248544
79.06666666666666,1.198,1.2610153546907654,0.09630618366737868,701.1431368184997,0.3161332645362558
79.08333333333333,1.198,1.261011150182702,0.09629779642348443,701.1478123788808,0.31613537266523717
79.1,1.198,1.2610069474203611,0.09628941270640558,701.1524860446965,0.3161374799399919
79.11666666666666,1.198,1.2610027464025704,0.09628103251374774,701.1571578171931,0.316139586361082
79.13333333333334,1.198,1.2609985471281584,0.09627265584311875,701.1618276976159,0.31614169192906877
79.15,1.198,1.2609943495959544,0.09626428269212867,701.1664956872088,0.31614379664451325
79.16666666666667,1.198,1.2609901538047898,0.0962559130583899,701.1711617872147,0.3161459005079757
79.18333333333334,1.198,1.2609859597534963,0.09624754693951686,701.1758259988753,0.3161480035200161
79.2,1.198,1.2609817674409065,0.09623918433312631,701.1804883234312,0.31615010568119367
79.21666666666667,1.198,1.2609775768658544,0.09623082523683721,701.185148762122,0.31615220699206753
79.23333333333333,1.198,1.2609733880271756,0.09622246964827072,701.1898073161859,0.3161543074531958
79.25,1.198,1.260969200923706,0.0962141175650502,701.1944639868603,0.3161564070651364
79.26666666666667,1.198,1.2609650155542824,0.09620576898480118,701.1991187753815,0.3161585058284469
79.28333333333333,1.198,1.2609608319177434,0.0961974239051515,701.2037716829846,0.316160603743684
79.3,1.198,1.2609566500129283,0.09618908232373108,701.2084227109032,0.3161627008114041
79.31666666666666,1.198,1.2609524698386776,0.09618074423817206,701.2130718603702,0.3161647970321629
79.33333333333333,1.198,1.2609482913938326,0.09617240964610886,701.2177191326175,0.31616689240651596
79.35,1.198,1.260944114677236,0.096164078545178,701.2223645288757,0.31616898693501816
79.36666666666666,1.198,1.260939939687731,0.09615575093301822,701.2270080503743,0.3161710806182238
79.38333333333334,1.198,1.2609357664241625,0.09614742680727045,701.2316496983416,0.31617317345668666
79.4,1.198,1.2609315948853765,0.09613910616557783,701.2362894740048,0.3161752654509602
79.41666666666667,1.198,1.2609274250702194,0.09613078900558564,701.2409273785903,0.31617735660159724
79.43333333333334,1.198,1.2609232569775393,0.09612247532494134,701.2455634133229,0.3161794469091501
79.45,1.198,1.2609190906061847,0.09611416512129457,701.250197579427,0.3161815363741708
79.46666666666667,1.198,1.2609149259550056,0.09610585839229718,701.2548298781253,0.3161836249972107
79.48333333333333,1.198,1.2609107630228533,0.09609755513560318,701.2594603106394,0.31618571277882046
79.5,1.198,1.2609066018085802,0.09608925534886872,701.2640888781899,0.31618779971955063
79.51666666666667,1.198,1.2609024423110382,0.09608095902975211,701.2687155819968,0.3161898858199511
79.53333333333333,1.198,1.2608982845290824,0.09607266617591385,701.2733404232786,0.31619197108057134
79.55,1.198,1.2608941284615676,0.09606437678501661,701.2779634032523,0.3161940555019601
79.56666666666666,1.198,1.2608899741073503,0.09605609085472519,701.2825845231345,0.31619613908466593
79.58333333333333,1.198,1.2608858214652872,0.09604780838270657,701.2872037841404,0.3161982218292367
79.6,1.198,1.2608816705342374,0.09603952936662992,701.2918211874841,0.3162003037362199
79.61666666666666,1.198,1.2608775213130596,0.09603125380416641,701.2964367343784,0.3162023848061622
79.63333333333334,1.198,1.260873373800615,0.09602298169298952,701.3010504260354,0.31620446503961025
79.65,1.198,1.2608692279957643,0.09601471303077483,701.3056622636662,0.31620654443711016
79.66666666666667,1.198,1.2608650838973703,0.09600644781520007,701.3102722484805,0.31620862299920716
79.68333333333334,1.198,1.2608609415042964,0.09599818604394506,701.3148803816869,0.31621070072644636
79.7,1.198,1.2608568008154073,0.09598992771469181,701.3194866644928,0.31621277761937217
79.71666666666667,1.198,1.2608526618295683,0.09598167282512446,701.3240910981052,0.3162148536785287
79.73333333333333,1.198,1.260848524545647,0.09597342137292923,701.328693683729,0.31621692890445924
79.75,1.198,1.2608443889625098,0.09596517335579458,701.3332944225691,0.3162190032977071
79.76666666666667,1.198,1.260840255079026,0.09595692877141099,701.3378933158286,0.31622107685881473
79.78333333333333,1.198,1.2608361228940657,0.09594868761747113,701.3424903647096,0.31622314958832415
79.8,1.198,1.260831992406499,0.09594044989166974,701.3470855704134,0.3162252214867769
79.81666666666666,1.198,1.2608278636151982,0.09593221559170377,701.3516789341401,0.3162272925547142
79.83333333333333,1.198,1.2608237365190358,0.0959239847152722,701.3562704570884,0.31622936279267644
79.85,1.198,1.2608196111168857,0.0959157572600762,701.3608601404566,0.316231432201204
79.86666666666666,1.198,1.260815487407623,0.095907533223819,701.3654479854412,0.3162335007808363
79.88333333333334,1.198,1.2608113653901232,0.09589931260420592,701.3700339932385,0.3162355685321128
79.9,1.198,1.2608072450632632,0.09589109539894441,701.3746181650426,0.3162376354555719
79.91666666666667,1.198,1.2608031264259218,0.09588288160574414,701.3792005020475,0.31623970155175185
79.93333333333334,1.198,1.260799009476977,0.09587467122231672,701.383781005446,0.31624176682119043
79.95,1.198,1.2607948942153093,0.09586646424637592,701.3883596764291,0.3162438312644248
79.96666666666667,1.198,1.2607907806397995,0.09585826067563763,701.3929365161875,0.3162458948819918
79.98333333333333,1.198,1.2607866687493297,0.09585006050781988,701.3975115259109,0.3162479576744277
80.0,1.198,1.260782558542783,0.09584186374064267,701.4020847067873,0.3162500196422683
80.01666666666667,1.198,1.260778450019043,0.09583367037182816,701.4066560600039,0.31625208078604883
80.03333333333333,1.198,1.2607743431769953,0.09582548039910065,701.4112255867472,0.31625414110630423
80.05,1.198,1.2607702380155261,0.09581729382018644,701.415793288202,0.3162562006035688
80.06666666666666,1.198,1.2607661345335222,0.095809110632814,701.4203591655526,0.3162582592783764
80.08333333333333,1.198,1.2607620327298716,0.09580093083471378,701.4249232199822,0.3162603171312606
80.1,1.198,1.2607579326034632,0.09579275442361837,701.4294854526728,0.3162623741627544
80.11666666666666,1.198,1.2607538341531876,0.09578458139726244,701.4340458648052,0.31626443037338997
80.13333333333334,1.198,1.260749737377936,0.09577641175338275,701.4386044575591,0.31626648576369953
80.15,1.198,1.2607456422766001,0.0957682454897181,701.4431612321135,0.3162685403342145
80.16666666666667,1.198,1.2607415488480733,0.0957600826040094,701.4477161896465,0.31627059408546593
80.18333333333334,1.198,1.2607374570912497,0.09575192309399953,701.4522693313345,0.31627264701798447
80.2,1.198,1.260733367005024,0.09574376695743357,701.4568206583534,0.3162746991323003
80.21666666666667,1.198,1.260729278588293,0.09573561419205856,701.4613701718778,0.3162767504289428
80.23333333333333,1.198,1.2607251918399538,0.09572746479562366,701.4659178730809,0.31627880090844124
80.25,1.198,1.2607211067589041,0.09571931876588007,701.4704637631359,0.3162808505713243
80.26666666666667,1.198,1.2607170233440437,0.09571117610058101,701.4750078432139,0.31628289941812027
80.28333333333333,1.198,1.2607129415942717,0.09570303679748185,701.4795501144857,0.3162849474493569
80.3,1.198,1.2607088615084903,0.09569490085433989,701.4840905781205,0.3162869946655614
80.31666666666666,1.198,1.2607047830856006,0.09568676826891455,701.4886292352868,0.3162890410672607
80.33333333333333,1.198,1.2607007063245068,0.09567863903896728,701.4931660871522,0.31629108665498107
80.35,1.198,1.2606966312241121,0.09567051316226163,701.4977011348825,0.3162931314292483
80.36666666666666,1.198,1.2606925577833221,0.09566239063656308,701.5022343796435,0.31629517539058793
80.38333333333334,1.198,1.260688486001043,0.09565427145963923,701.506765822599,0.31629721853952486
80.4,1.198,1.2606844158761814,0.09564615562925965,701.5112954649128,0.31629926087658367
80.41666666666667,1.198,1.2606803474076456,0.09563804314319607,701.5158233077467,0.3163013024022882
80.43333333333334,1.198,1.2606762805943448,0.09562993399922215,701.5203493522619,0.3163033431171621
80.45,1.198,1.2606722154351886,0.09562182819511357,701.5248735996188,0.3163053830217285
80.46666666666667,1.198,1.2606681519290885,0.0956137257286481,701.5293960509762,0.3163074221165099
80.48333333333333,1.198,1.2606640900749564,0.0956056265976055,701.5339167074923,0.3163094604020286
80.5,1.198,1.2606600298717052,0.09559753079976754,701.5384355703242,0.3163114978788062
80.51666666666667,1.198,1.2606559713182486,0.09558943833291808,701.5429526406281,0.316313534547364
80.53333333333333,1.198,1.2606519144135022,0.09558134919484289,701.5474679195587,0.3163155704082228
80.55,1.198,1.2606478591563814,0.09557326338332986,701.5519814082701,0.31631760546190274
80.56666666666666,1.198,1.260643805545803,0.09556518089616883,701.5564931079155,0.31631963970892396
80.58333333333333,1.198,1.2606397535806855,0.09555710173115167,701.5610030196465,0.3163216731498056
80.6,1.198,1.2606357032599471,0.09554902588607231,701.5655111446142,0.31632370578506674
80.61666666666666,1.198,1.2606316545825078,0.09554095335872656,701.5700174839686,0.3163257376152258
80.63333333333334,1.198,1.2606276075472889,0.09553288414691234,701.5745220388584,0.31632776864080075
80.65,1.198,1.2606235621532116,0.09552481824842958,701.5790248104317,0.3163297988623093
80.66666666666667,1.198,1.2606195183991986,0.09551675566108012,701.5835257998353,0.31633182828026846
80.68333333333334,1.198,1.2606154762841744,0.09550869638266787,701.5880250082149,0.31633385689519483
80.7,1.198,1.2606114358070626,0.09550064041099875,701.5925224367155,0.31633588470760465
80.71666666666667,1.198,1.2606073969667893,0.09549258774388056,701.597018086481,0.3163379117180137
80.73333333333333,1.198,1.2606033597622812,0.09548453837912324,701.6015119586541,0.31633993792693726
80.75,1.198,1.260599324192466,0.09547649231453861,701.6060040543766,0.31634196333489006
80.76666666666667,1.198,1.260595290256272,0.09546844954794055,701.6104943747895,0.31634398794238655
80.78333333333333,1.198,1.2605912579526288,0.09546041007714487,701.6149829210324,0.3163460117499407
80.8,1.198,1.260587227280467,0.09545237389996934,701.6194696942441,0.3163480347580658
80.81666666666666,1.198,1.260583198238718,0.09544434101423382,701.6239546955625,0.3163500569672749
80.83333333333333,1.198,1.2605791708263137,0.09543631141776007,701.6284379261243,0.31635207837808077
80.85,1.198,1.260575145042188,0.0954282851083718,701.6329193870653,0.31635409899099526
80.86666666666666,1.198,1.2605711208852752,0.09542026208389477,701.6373990795203,0.3163561188065301
80.88333333333334,1.198,1.26056709835451,0.0954122423421566,701.6418770046233,0.3163581378251967
80.9,1.198,1.2605630774488292,0.09540422588098701,701.6463531635069,0.31636015604750556
80.91666666666667,1.198,1.2605590581671697,0.09539621269821756,701.6508275573028,0.3163621734739671
80.93333333333334,1.198,1.2605550405084698,0.09538820279168189,701.6553001871418,0.3163641901050911
80.95,1.198,1.2605510244716684,0.0953801961592155,701.659771054154,0.3163662059413871
80.96666666666667,1.198,1.260547010055706,0.09537219279865589,701.6642401594678,0.3163682209833638
80.98333333333333,1.198,1.2605429972595226,0.09536419270784255,701.6687075042114,0.3163702352315301
81.0,1.198,1.260538986082061,0.09535619588461688,701.6731730895114,0.3163722486863937
81.01666666666667,1.198,1.2605349765222638,0.09534820232682226,701.6776369164936,0.3163742613484624
81.03333333333333,1.198,1.2605309685790747,0.09534021203230399,701.682098986283,0.3163762732182434
81.05,1.198,1.2605269622514383,0.09533222499890935,701.6865593000034,0.3163782842962434
81.06666666666666,1.198,1.260522957538301,0.09532424122448752,701.6910178587776,0.31638029458296857
81.08333333333333,1.198,1.2605189544386088,0.09531626070688967,701.6954746637276,0.3163823040789249
81.1,1.198,1.2605149529513096,0.09530828344396892,701.6999297159741,0.3163843127846177
81.11666666666666,1.198,1.260510953075352,0.09530030943358028,701.7043830166372,0.3163863207005519
81.13333333333334,1.198,1.260506954809685,0.09529233867358076,701.7088345668358,0.3163883278272321
81.15,1.198,1.2605029581532596,0.09528437116182928,701.7132843676877,0.31639033416516216
81.16666666666667,1.198,1.260498963105027,0.09527640689618655,701.71773242031,0.3163923397148459
81.18333333333334,1.198,1.2604949696639394,0.09526844587451544,701.7221787258186,0.31639434447678644
81.2,1.198,1.26049097782895,0.09526048809468068,701.7266232853286,0.31639634845148656
81.21666666666667,1.198,1.2604869875990128,0.09525253355454884,701.7310660999542,0.31639835163944857
81.23333333333333,1.198,1.260482998973083,0.09524458225198847,701.7355071708081,0.3164003540411742
81.25,1.198,1.260479011950117,0.09523663418487004,701.7399464990025,0.3164023556571649
81.26666666666667,1.198,1.2604750265290714,0.09522868935106593,701.7443840856487,0.31640435648792176
81.28333333333333,1.198,1.260471042708904,0.09522074774845043,701.7488199318566,0.3164063565339453
81.3,1.198,1.2604670604885742,0.09521280937489981,701.7532540387352,0.31640835579573545
81.31666666666666,1.198,1.2604630798670409,0.09520487422829221,701.7576864073931,0.31641035427379194
81.33333333333333,1.198,1.2604591008432655,0.09519694230650759,701.7621170389374,0.31641235196861417
81.35,1.198,1.2604551234162094,0.09518901360742799,701.766545934474,0.3164143488807007
81.36666666666666,1.198,1.260451147584835,0.09518108812893719,701.7709730951088,0.3164163450105501
81.38333333333334,1.198,1.2604471733481057,0.09517316586892101,701.7753985219456,0.31641834035866007
81.4,1.198,1.2604432007049864,0.09516524682526709,701.779822216088,0.31642033492552823
81.41666666666667,1.198,1.2604392296544416,0.09515733099586499,701.7842441786383,0.3164223287116516
81.43333333333334,1.198,1.260435260195438,0.0951494183786062,701.7886644106978,0.3164243217175267
81.45,1.198,1.2604312923269427,0.09514150897138403,701.7930829133671,0.3164263139436499
81.46666666666667,1.198,1.2604273260479237,0.09513360277209375,701.7974996877459,0.3164283053905168
81.48333333333333,1.198,1.2604233613573503,0.0951256997786325,701.8019147349322,0.3164302960586226
81.5,1.198,1.2604193982541918,0.09511779998889933,701.8063280560242,0.3164322859484625
81.51666666666667,1.198,1.2604154367374194,0.09510990340079511,701.8107396521181,0.3164342750605307
81.53333333333333,1.198,1.2604114768060048,0.09510201001222272,701.8151495243096,0.3164362633953212
81.55,1.198,1.2604075184589205,0.09509411982108672,701.8195576736937,0.3164382509533278
81.56666666666666,1.198,1.2604035616951403,0.09508623282529377,701.8239641013636,0.31644023773504343
81.58333333333333,1.198,1.2603996065136387,0.09507834902275229,701.8283688084126,0.31644222374096087
81.6,1.198,1.2603956529133906,0.09507046841137258,701.8327717959323,0.3164442089715725
81.61666666666666,1.198,1.260391700893373,0.09506259098906686,701.8371730650138,0.31644619342737007
81.63333333333334,1.198,1.2603877504525625,0.09505471675374919,701.8415726167467,0.3164481771088451
81.65,1.198,1.2603838015899373,0.09504684570333548,701.8459704522202,0.31645016001648846
81.66666666666667,1.198,1.2603798543044766,0.09503897783574355,701.8503665725224,0.316452142150791
81.68333333333334,1.198,1.26037590859516,0.09503111314889309,701.8547609787404,0.31645412351224267
81.7,1.198,1.260371964460969,0.09502325164070553,701.8591536719603,0.31645610410133324
81.71666666666667,1.198,1.2603680219008846,0.0950153933091044,701.863544653267,0.3164580839185519
81.73333333333333,1.198,1.2603640809138899,0.09500753815201485,701.8679339237453,0.3164600629643877
81.75,1.198,1.2603601414989682,0.09499968616736404,701.8723214844781,0.316462041239329
81.76666666666667,1.198,1.2603562036551041,0.09499183735308094,701.876707336548,0.31646401874386376
81.78333333333333,1.198,1.2603522673812828,0.09498399170709632,701.8810914810363,0.3164659954784797
81.8,1.198,1.2603483326764906,0.09497614922734286,701.8854739190234,0.316467971443664
81.81666666666666,1.198,1.2603443995397146,0.09496830991175506,701.8898546515891,0.31646994663990324
81.83333333333333,1.198,1.2603404679699428,0.09496047375826937,701.8942336798118,0.3164719210676839
81.85,1.198,1.2603365379661642,0.0949526407648239,701.8986110047694,0.3164738947274919
81.86666666666666,1.198,1.2603326095273684,0.09494481092935872,701.9029866275384,0.3164758676198126
81.88333333333334,1.198,1.2603286826525466,0.09493698424981575,701.9073605491948,0.31647783974513116
81.9,1.198,1.26032475734069,0.0949291607241387,701.9117327708133,0.31647981110393214
81.91666666666667,1.198,1.2603208335907912,0.09492134035027314,701.9161032934678,0.3164817816966998
81.93333333333334,1.198,1.2603169114018435,0.09491352312616645,701.9204721182316,0.316483751523918
81.95,1.198,1.2603129907728414,0.09490570904976783,701.9248392461765,0.31648572058607005
81.96666666666667,1.198,1.26030907170278,0.09489789811902843,701.9292046783736,0.3164876888836388
81.98333333333333,1.198,1.2603051541906551,0.09489009033190109,701.9335684158933,0.316489656417107
82.0,1.198,1.260301238235464,0.0948822856863405,701.9379304598049,0.3164916231869568
82.01666666666667,1.198,1.2602973238362043,0.09487448418030321,701.9422908111765,0.31649358919366954
82.03333333333333,1.198,1.2602934109918749,0.0948666858117476,701.9466494710758,0.3164955544377269
82.05,1.198,1.260289499701475,0.09485889057863382,701.9510064405691,0.31649751891960953
82.06666666666666,1.198,1.2602855899640057,0.09485109847892395,701.9553617207222,0.31649948263979794
82.08333333333333,1.198,1.2602816817784679,0.09484330951058167,701.9597153125998,0.3165014455987723
82.1,1.198,1.260277775143864,0.09483552367157272,701.9640672172651,0.3165034077970119
82.11666666666666,1.198,1.260273870059197,0.09482774095986449,701.9684174357815,0.3165053692349963
82.13333333333334,1.198,1.2602699665234711,0.09481996137342621,701.9727659692106,0.31650732991320407
82.15,1.198,1.2602660645356911,0.09481218491022897,701.9771128186135,0.3165092898321137
82.16666666666667,1.198,1.2602621640948628,0.09480441156824558,701.9814579850503,0.3165112489922031
82.18333333333334,1.198,1.2602582651999925,0.09479664134545077,701.98580146958,0.3165132073939498
82.2,1.198,1.2602543678500884,0.09478887423982099,701.9901432732609,0.31651516503783095
82.21666666666667,1.198,1.260250472044158,0.09478111024933446,701.9944833971501,0.31651712192432324
82.23333333333333,1.198,1.2602465777812115,0.09477334937197128,701.9988218423044,0.31651907805390306
82.25,1.198,1.2602426850602582,0.09476559160571332,702.0031586097791,0.31652103342704635
82.26666666666667,1.198,1.2602387938803095,0.0947578369485442,702.0074937006286,0.31652298804422846
82.28333333333333,1.198,1.260234904240377,0.09475008539844937,702.0118271159068,0.3165249419059245
82.3,1.198,1.2602310161394743,0.09474233695341608,702.0161588566663,0.3165268950126091
82.31666666666666,1.198,1.260227129576614,0.0947345916114333,702.0204889239591,0.31652884736475667
82.33333333333333,1.198,1.260223244550811,0.09472684937049183,702.0248173188359,0.316530798962841
82.35,1.198,1.2602193610610806,0.09471911022858433,702.0291440423468,0.3165327498073354
82.36666666666666,1.198,1.260215479106439,0.09471137418370514,702.0334690955411,0.316534699898713
82.38333333333334,1.198,1.2602115986859035,0.09470364123385037,702.0377924794667,0.3165366492374464
82.4,1.198,1.2602077197984913,0.094695911377018,702.0421141951713,0.3165385978240079
82.41666666666667,1.198,1.260203842443222,0.09468818461120766,702.046434243701,0.31654054565886924
82.43333333333334,1.198,1.260199966619115,0.0946804609344209,702.0507526261015,0.31654249274250174
82.45,1.198,1.2601960923251907,0.09467274034466092,702.0550693434171,0.31654443907537644
82.46666666666667,1.198,1.2601922195604707,0.09466502283993276,702.0593843966918,0.31654638465796403
82.48333333333333,1.198,1.2601883483239769,0.09465730841824316,702.0636977869685,0.3165483294907347
82.5,1.198,1.2601844786147327,0.09464959707760069,702.0680095152888,0.31655027357415805
82.51666666666667,1.198,1.2601806104317619,0.09464188881601568,702.0723195826939,0.31655221690870355
82.53333333333333,1.198,1.2601767437740894,0.09463418363150018,702.0766279902238,0.31655415949484017
82.55,1.198,1.260172878640741,0.09462648152206803,702.0809347389177,0.31655610133303647
82.56666666666666,1.198,1.2601690150307427,0.0946187824857348,702.0852398298141,0.3165580424237607
82.58333333333333,1.198,1.2601651529431224,0.09461108652051783,702.0895432639502,0.3165599827674804
82.6,1.198,1.260161292376908,0.09460339362443623,702.0938450423628,0.31656192236466313
82.61666666666666,1.198,1.2601574333311292,0.09459570379551088,702.0981451660871,0.3165638612157757
82.63333333333334,1.198,1.260153575804815,0.09458801703176437,702.1024436361585,0.3165657993212848
82.65,1.198,1.2601497197969969,0.094580333331221,702.1067404536103,0.3165677366816566
82.66666666666667,1.198,1.260145865306706,0.09457265269190686,702.1110356194758,0.3165696732973567
82.68333333333334,1.198,1.2601420123329752,0.09456497511184986,702.1153291347871,0.3165716091688505
82.7,1.198,1.2601381608748372,0.0945573005890795,702.1196210005752,0.31657354429660306
82.71666666666667,1.198,1.260134310931327,0.09454962912162714,702.1239112178705,0.3165754786810788
82.73333333333333,1.198,1.260130462501479,0.09454196070752581,702.1281997877026,0.31657741232274195
82.75,1.198,1.2601266155843294,0.09453429534481034,702.1324867110998,0.3165793452220563
82.76666666666667,1.198,1.2601227701789146,0.09452663303151725,702.1367719890898,0.31658127737948505
82.78333333333333,1.198,1.2601189262842725,0.09451897376568474,702.1410556226995,0.3165832087954913
82.8,1.198,1.260115083899441,0.09451131754535287,702.1453376129548,0.31658513947053757
82.81666666666666,1.198,1.2601112430234596,0.09450366436856332,702.1496179608807,0.316587069405086
82.83333333333333,1.198,1.2601074036553683,0.0944960142333595,702.1538966675013,0.31658899859959844
82.85,1.198,1.2601035657942081,0.09448836713778667,702.1581737338398,0.3165909270545362
82.86666666666666,1.198,1.2600997294390206,0.09448072307989162,702.162449160919,0.31659285477036025
82.88333333333334,1.198,1.2600958945888485,0.094473082057723,702.1667229497599,0.31659478174753125
82.9,1.198,1.2600920612427349,0.09446544406933116,702.1709951013835,0.3165967079865093
82.91666666666667,1.198,1.2600882293997244,0.09445780911276813,702.1752656168093,0.3165986334877542
82.93333333333334,1.198,1.260084399058862,0.09445017718608766,702.1795344970564,0.3166005582517254
82.95,1.198,1.260080570219193,0.09444254828734522,702.1838017431427,0.31660248227888194
82.96666666666667,1.198,1.260076742879765,0.094434922414598,702.1880673560854,0.3166044055696824
82.98333333333333,1.198,1.2600729170396252,0.09442729956590491,702.1923313369007,0.31660632812458495
83.0,1.198,1.2600690926978222,0.09441967973932655,702.1965936866042,0.3166082499440474
83.01666666666667,1.198,1.2600652698534045,0.09441206293292524,702.2008544062103,0.3166101710285274
83.03333333333333,1.198,1.2600614485054231,0.09440444914476495,702.2051134967327,0.3166120913784818
83.05,1.198,1.2600576286529284,0.09439683837291143,702.2093709591842,0.3166140109943672
83.06666666666666,1.198,1.2600538102949719,0.09438923061543202,702.2136267945767,0.3166159298766401
83.08333333333333,1.198,1.2600499934306069,0.09438162587039592,702.2178810039212,0.3166178480257561
83.1,1.198,1.2600461780588859,0.09437402413587385,702.2221335882283,0.31661976544217096
83.11666666666666,1.198,1.2600423641788632,0.09436642540993838,702.2263845485071,0.3166216821263397
83.13333333333334,1.198,1.2600385517895942,0.09435882969066361,702.2306338857659,0.31662359807871693
83.15,1.198,1.2600347408901345,0.09435123697612552,702.2348816010127,0.316625513299757
83.16666666666667,1.198,1.2600309314795408,0.09434364726440163,702.239127695254,0.316627427789914
83.18333333333334,1.198,1.2600271235568707,0.0943360605535712,702.2433721694957,0.3166293415496412
83.2,1.198,1.2600233171211819,0.09432847684171519,702.2476150247431,0.316631254579392
83.21666666666667,1.198,1.2600195121715343,0.09432089612691621,702.2518562620003,0.3166331668796191
83.23333333333333,1.198,1.2600157087069872,0.09431331840725854,702.2560958822705,0.31663507845077493
83.25,1.198,1.2600119067266016,0.09430574368082818,702.2603338865562,0.3166369892933113
83.26666666666667,1.198,1.2600081062294388,0.0942981719457128,702.2645702758591,0.3166388994076801
83.28333333333333,1.198,1.2600043072145617,0.09429060320000174,702.26880505118,0.3166408087943324
83.3,1.198,1.2600005096810332,0.09428303744178604,702.2730382135187,0.31664271745371897
83.31666666666666,1.198,1.2599967136279169,0.09427547466915831,702.2772697638745,0.3166446253862905
83.33333333333333,1.198,1.2599929190542782,0.0942679148802129,702.2814997032453,0.31664653259249687
83.35,1.198,1.2599891259591824,0.09426035807304585,702.2857280326288,0.31664843907278784
83.36666666666666,1.198,1.2599853343416958,0.09425280424575488,702.2899547530213,0.31665034482761284
83.38333333333334,1.198,1.259981544200886,0.0942452533964393,702.2941798654186,0.31665224985742063
83.4,1.198,1.2599777555358205,0.09423770552320013,702.2984033708154,0.31665415416265985
83.41666666666667,1.198,1.2599739683455686,0.09423016062414004,702.3026252702058,0.31665605774377864
83.43333333333334,1.198,1.2599701826291998,0.09422261869736336,702.306845564583,0.31665796060122486
83.45,1.198,1.2599663983857847,0.09421507974097608,702.311064254939,0.3166598627354458
83.46666666666667,1.198,1.2599626156143942,0.09420754375308585,702.3152813422655,0.31666176414688857
83.48333333333333,1.198,1.2599588343141006,0.09420001073180198,702.3194968275529,0.3166636648359997
83.5,1.198,1.259955054483977,0.09419248067523536,702.3237107117911,0.3166655648032256
83.51666666666667,1.198,1.2599512761230969,0.09418495358149864,702.3279229959691,0.31666746404901214
83.53333333333333,1.198,1.2599474992305344,0.09417742944870602,702.3321336810749,0.31666936257380474
83.55,1.198,1.2599437238053652,0.09416990827497346,702.3363427680958,0.31667126037804866
83.56666666666666,1.198,1.2599399498466652,0.0941623900584184,702.340550258018,0.31667315746218844
83.58333333333333,1.198,1.2599361773535116,0.09415487479716006,702.3447561518271,0.3166750538266686
83.6,1.198,1.2599324063249813,0.09414736248931928,702.3489604505082,0.31667694947193326
83.61666666666666,1.198,1.2599286367601537,0.09413985313301848,702.3531631550449,0.3166788443984258
83.63333333333334,1.198,1.2599248686581073,0.0941323467263818,702.3573642664201,0.3166807386065896
83.65,1.198,1.2599211020179224,0.0941248432675349,702.3615637856165,0.31668263209686753
83.66666666666667,1.198,1.2599173368386802,0.09411734275460515,702.3657617136149,0.316684524869702
83.68333333333334,1.198,1.2599135731194617,0.0941098451857216,702.3699580513962,0.3166864169255352
83.7,1.198,1.2599098108593498,0.09410235055901482,702.3741527999404,0.3166883082648089
83.71666666666667,1.198,1.259906050057428,0.09409485887261712,702.3783459602258,0.31669019888796435
83.73333333333333,1.198,1.2599022907127795,0.09408737012466228,702.382537533231,0.31669208879544275
83.75,1.198,1.2598985328244894,0.0940798843132859,702.386727519933,0.31669397798768456
83.76666666666667,1.198,1.2598947763916437,0.09407240143662501,702.3909159213082,0.31669586646513004
83.78333333333333,1.198,1.2598910214133285,0.09406492149281843,702.3951027383323,0.31669775422821905
83.8,1.198,1.2598872678886308,0.09405744448000647,702.39928797198,0.31669964127739125
83.81666666666666,1.198,1.2598835158166388,0.09404997039633115,702.4034716232252,0.3167015276130856
83.83333333333333,1.198,1.2598797651964413,0.09404249923993606,702.4076536930412,0.31670341323574097
83.85,1.198,1.2598760160271278,0.09403503100896639,702.4118341824,0.3167052981457956
83.86666666666666,1.198,1.2598722683077883,0.09402756570156896,702.4160130922734,0.3167071823436878
83.88333333333334,1.198,1.259868522037514,0.0940201033158922,702.4201904236318,0.3167090658298549
83.9,1.198,1.259864777215397,0.09401264385008613,702.4243661774451,0.31671094860473437
83.91666666666667,1.198,1.2598610338405298,0.09400518730230245,702.4285403546824,0.3167128306687631
83.93333333333334,1.198,1.259857291912006,0.09399773367069436,702.4327129563118,0.31671471202237755
83.95,1.198,1.2598535514289197,0.09399028295341673,702.4368839833007,0.31671659266601393
83.96666666666667,1.198,1.2598498123903656,0.09398283514862604,702.4410534366157,0.31671847260010816
83.98333333333333,1.198,1.25984607479544,0.09397539025448029,702.4452213172226,0.3167203518250955
84.0,1.198,1.2598423386432391,0.09396794826913918,702.449387626086,0.3167222303414111
84.01666666666667,1.198,1.2598386039328606,0.09396050919076393,702.4535523641704,0.3167241081494897
84.03333333333333,1.198,1.2598348706634022,0.09395307301751739,702.457715532439,0.3167259852497656
84.05,1.198,1.259831138833963,0.09394563974756401,702.4618771318541,0.31672786164267264
84.06666666666666,1.198,1.2598274084436425,0.09393820937906977,702.4660371633775,0.3167297373286446
84.08333333333333,1.198,1.259823679491541,0.09393078191020232,702.4701956279702,0.31673161230811475
84.1,1.198,1.25981995197676,0.09392335733913083,702.474352526592,0.3167334865815158
84.11666666666666,1.198,1.2598162258984014,0.09391593566402612,702.4785078602025,0.31673536014928044
84.13333333333334,1.198,1.2598125012555679,0.09390851688306054,702.4826616297598,0.3167372330118406
84.15,1.198,1.259808778047363,0.09390110099440807,702.4868138362217,0.3167391051696282
84.16666666666667,1.198,1.259805056272891,0.0938936879962442,702.490964480545,0.31674097662307465
84.18333333333334,1.198,1.2598013359312568,0.09388627788674611,702.4951135636857,0.31674284737261094
84.2,1.198,1.2597976170215663,0.09387887066409242,702.499261086599,0.3167447174186679
84.21666666666667,1.198,1.259793899542926,0.09387146632646338,702.5034070502393,0.31674658676167566
84.23333333333333,1.198,1.2597901834944436,0.09386406487204088,702.5075514555604,0.3167484554020643
84.25,1.198,1.259786468875227,0.09385666629900832,702.5116943035148,0.31675032334026343
84.26666666666667,1.198,1.2597827556843848,0.09384927060555069,702.5158355950548,0.3167521905767023
84.28333333333333,1.198,1.259779043921027,0.09384187778985449,702.5199753311313,0.3167540571118097
84.3,1.198,1.2597753335842636,0.09383448785010787,702.524113512695,0.31675592294601423
84.31666666666666,1.198,1.2597716246732062,0.0938271007845005,702.5282501406954,0.31675778807974414
84.33333333333333,1.198,1.2597679171869665,0.09381971659122362,702.532385216081,0.31675965251342697
84.35,1.198,1.2597642111246574,0.09381233526847002,702.5365187398003,0.3167615162474903
84.36666666666666,1.198,1.2597605064853916,0.09380495681443407,702.5406507128004,0.31676337928236137
84.38333333333334,1.198,1.259756803268284,0.09379758122731173,702.5447811360276,0.3167652416184668
84.4,1.198,1.2597531014724495,0.09379020850530044,702.5489100104276,0.31676710325623286
84.41666666666667,1.198,1.2597494010970038,0.09378283864659923,702.553037336945,0.3167689641960856
84.43333333333334,1.198,1.259745702141063,0.09377547164940865,702.5571631165242,0.3167708244384507
84.45,1.198,1.2597420046037442,0.09376810751193086,702.5612873501084,0.3167726839837536
84.46666666666667,1.198,1.2597383084841662,0.09376074623236959,702.5654100386397,0.31677454283241885
84.48333333333333,1.198,1.2597346137814471,0.09375338780893003,702.5695311830601,0.3167764009848714
84.5,1.198,1.2597309204947067,0.09374603223981898,702.5736507843104,0.31677825844153534
84.51666666666667,1.198,1.2597272286230647,0.09373867952324472,702.5777688433308,0.31678011520283456
84.53333333333333,1.198,1.2597235381656426,0.0937313296574172,702.5818853610604,0.3167819712691925
84.55,1.198,1.259719849121562,0.09372398264054775,702.5860003384377,0.3167838266410324
84.56666666666666,1.198,1.2597161614899453,0.09371663847084932,702.5901137764006,0.3167856813187771
84.58333333333333,1.198,1.2597124752699154,0.09370929714653647,702.5942256758859,0.3167875353028489
84.6,1.198,1.259708790460597,0.09370195866582515,702.59833603783,0.31678938859367006
84.61666666666666,1.198,1.2597051070611143,0.0936946230269329,702.602444863168,0.3167912411916623
84.63333333333334,1.198,1.2597014250705925,0.09368729022807884,702.6065521528348,0.316793093097247
84.65,1.198,1.2596977444881587,0.09367996026748361,702.6106579077637,0.31679494431084504
84.66666666666667,1.198,1.259694065312939,0.09367263314336935,702.6147621288883,0.31679679483287737
84.68333333333334,1.198,1.2596903875440617,0.09366530885395971,702.6188648171403,0.31679864466376406
84.7,1.198,1.2596867111806547,0.09365798739747994,702.6229659734518,0.31680049380392533
84.71666666666667,1.198,1.2596830362218476,0.09365066877215668,702.6270655987528,0.3168023422537807
84.73333333333333,1.198,1.2596793626667702,0.09364335297621827,702.6311636939739,0.3168041900137495
84.75,1.198,1.2596756905145527,0.09363604000789444,702.6352602600438,0.3168060370842506
84.76666666666667,1.198,1.2596720197643274,0.09362872986541647,702.6393552978909,0.31680788346570254
84.78333333333333,1.198,1.2596683504152257,0.09362142254701719,702.6434488084429,0.31680972915852373
84.8,1.198,1.259664682466381,0.09361411805093092,702.6475407926265,0.3168115741631318
84.81666666666666,1.198,1.2596610159169266,0.09360681637539348,702.6516312513679,0.3168134184799446
84.83333333333333,1.198,1.2596573507659965,0.09359951751864225,702.6557201855924,0.3168152621093791
84.85,1.198,1.2596536870127266,0.09359222147891605,702.6598075962241,0.3168171050518521
84.86666666666666,1.198,1.2596500246562523,0.09358492825445533,702.663893484187,0.3168189473077802
84.88333333333334,1.198,1.2596463636957098,0.09357763784350187,702.6679778504043,0.31682078887757964
84.9,1.198,1.259642704130237,0.09357035024429915,702.6720606957978,0.31682262976166603
84.91666666666667,1.198,1.2596390459589717,0.09356306545509196,702.6761420212888,0.31682446996045477
84.93333333333334,1.198,1.2596353891810523,0.09355578347412678,702.6802218277985,0.3168263094743612
84.95,1.198,1.259631733795619,0.0935485042996515,702.6843001162463,0.31682814830379985
84.96666666666667,1.198,1.2596280798018111,0.09354122792991551,702.6883768875516,0.3168299864491854
84.98333333333333,1.198,1.2596244271987704,0.09353395436316966,702.6924521426325,0.3168318239109316
85.0,1.198,1.2596207759856382,0.0935266835976664,702.6965258824067,0.3168336606894524
85.01666666666667,1.198,1.2596171261615565,0.09351941563165957,702.700598107791,0.31683549678516104
85.03333333333333,1.198,1.259613477725669,0.09351215046340458,702.7046688197016,0.3168373321984707
85.05,1.198,1.2596098306771193,0.09350488809115828,702.7087380190536,0.31683916692979397
85.06666666666666,1.198,1.2596061850150522,0.09349762851317903,702.7128057067615,0.31684100097954315
85.08333333333333,1.198,1.2596025407386127,0.0934903717277267,702.7168718837394,0.3168428343481304
85.1,1.198,1.259598897846947,0.09348311773306259,702.7209365508999,0.31684466703596714
85.11666666666666,1.198,1.2595952563392017,0.09347586652744953,702.7249997091554,0.31684649904346496
85.13333333333334,1.198,1.2595916162145242,0.09346861810915187,702.7290613594174,0.31684833037103455
85.15,1.198,1.259587977472063,0.09346137247643538,702.7331215025968,0.3168501610190868
85.16666666666667,1.198,1.2595843401109668,0.0934541296275673,702.7371801396034,0.31685199098803196
85.18333333333334,1.198,1.2595807041303853,0.09344688956081638,702.7412372713463,0.31685382027827985
85.2,1.198,1.2595770695294688,0.09343965227445286,702.7452928987344,0.3168556488902402
85.21666666666667,1.198,1.2595734363073683,0.09343241776674842,702.7493470226751,0.3168574768243223
85.23333333333333,1.198,1.2595698044632355,0.09342518603597624,702.7533996440753,0.316859304080935
85.25,1.198,1.2595661739962232,0.09341795708041103,702.7574507638415,0.31686113066048693
85.26666666666667,1.198,1.2595625449054844,0.09341073089832883,702.7615003828788,0.3168629565633863
85.28333333333333,1.198,1.259558917190173,0.09340350748800726,702.765548502092,0.316864781790041
85.3,1.198,1.259555290849444,0.09339628684772533,702.7695951223851,0.3168666063408587
85.31666666666666,1.198,1.2595516658824524,0.09338906897576364,702.7736402446615,0.31686843021624667
85.33333333333333,1.198,1.2595480422883543,0.0933818538704041,702.7776838698235,0.31687025341661174
85.35,1.198,1.2595444200663064,0.09337464152993022,702.7817259987727,0.3168720759423605
85.36666666666666,1.198,1.2595407992154664,0.09336743195262684,702.7857666324102,0.31687389779389913
85.38333333333334,1.198,1.2595371797349924,0.09336022513678037,702.7898057716361,0.3168757189716335
85.4,1.198,1.2595335616240435,0.09335302108067867,702.79384341735,0.31687753947596925
85.41666666666667,1.198,1.2595299448817787,0.09334581978261094,702.7978795704506,0.31687935930731165
85.43333333333334,1.198,1.2595263295073593,0.093338621240868,702.8019142318358,0.31688117846606545
85.45,1.198,1.2595227154999455,0.09333142545374201,702.8059474024029,0.3168829969526353
85.46666666666667,1.198,1.2595191028586996,0.09332423241952666,702.8099790830482,0.31688481476742514
85.48333333333333,1.198,1.2595154915827835,0.09331704213651697,702.8140092746679,0.31688663191083927
85.5,1.198,1.2595118816713609,0.09330985460300953,702.8180379781567,0.31688844838328106
85.51666666666667,1.198,1.2595082731235954,0.09330266981730231,702.8220651944088,0.3168902641851536
85.53333333333333,1.198,1.2595046659386515,0.09329548777769477,702.8260909243179,0.31689207931686
85.55,1.198,1.2595010601156948,0.09328830848248777,702.8301151687766,0.3168938937788025
85.56666666666666,1.198,1.259497455653891,0.09328113192998366,702.8341379286773,0.3168957075713836
85.58333333333333,1.198,1.2594938525524064,0.09327395811848618,702.8381592049109,0.31689752069500493
85.6,1.198,1.259490250810409,0.09326678704630058,702.8421789983682,0.3168993331500683
85.61666666666666,1.198,1.2594866504270668,0.09325961871173344,702.8461973099393,0.3169011449369748
85.63333333333334,1.198,1.2594830514015483,0.09325245311309288,702.8502141405129,0.31690295605612523
85.65,1.198,1.259479453733023,0.09324529024868843,702.8542294909774,0.31690476650792027
85.66666666666667,1.198,1.259475857420661,0.09323813011683099,702.8582433622207,0.3169065762927601
85.68333333333334,1.198,1.2594722624636334,0.093230972715833,702.8622557551297,0.3169083854110447
85.7,1.198,1.2594686688611119,0.09322381804400826,702.8662666705903,0.31691019386317343
85.71666666666667,1.198,1.2594650766122686,0.09321666609967195,702.870276109488,0.3169120016495456
85.73333333333333,1.198,1.2594614857162758,0.09320951688114075,702.874284072708,0.31691380877056036
85.75,1.198,1.2594578961723084,0.09320237038673282,702.8782905611336,0.3169156152266159
85.76666666666667,1.198,1.2594543079795395,0.09319522661476762,702.8822955756485,0.3169174210181107
85.78333333333333,1.198,1.2594507211371448,0.09318808556356611,702.8862991171351,0.3169192261454426
85.8,1.198,1.2594471356443002,0.09318094723145065,702.8903011864752,0.3169210306090093
85.81666666666666,1.198,1.2594435515001814,0.093173811616745,702.8943017845498,0.3169228344092079
85.83333333333333,1.198,1.2594399687039661,0.09316667871777438,702.8983009122396,0.31692463754643546
85.85,1.198,1.259436387254832,0.0931595485328654,702.9022985704239,0.31692644002108855
85.86666666666666,1.198,1.2594328071519576,0.0931524210603461,702.9062947599816,0.3169282418335634
85.88333333333334,1.198,1.2594292283945219,0.09314529629854593,702.910289481791,0.31693004298425603
85.9,1.198,1.2594256509817048,0.09313817424579572,702.9142827367295,0.31693184347356207
85.91666666666667,1.198,1.2594220749126868,0.09313105490042775,702.918274525674,0.31693364330187684
85.93333333333334,1.198,1.2594185001866491,0.0931239382607757,702.9222648495004,0.31693544246959526
85.95,1.198,1.2594149268027737,0.09311682432517465,702.9262537090839,0.3169372409771121
85.96666666666667,1.198,1.2594113547602437,0.09310971309196109,702.930241105299,0.3169390388248215
85.98333333333333,1.198,1.2594077840582414,0.09310260455947293,702.9342270390199,0.3169408360131176
86.0,1.198,1.2594042146959517,0.09309549872604943,702.9382115111196,0.3169426325423942
86.01666666666667,1.198,1.2594006466725585,0.09308839559003132,702.9421945224703,0.3169444284130443
86.03333333333333,1.198,1.2593970799872476,0.09308129514976071,702.9461760739439,0.31694622362546127
86.05,1.198,1.2593935146392048,0.09307419740358104,702.9501561664115,0.3169480181800377
86.06666666666666,1.198,1.259389950627617,0.09306710234983726,702.9541348007433,0.31694981207716605
86.08333333333333,1.198,1.2593863879516711,0.09306000998687564,702.9581119778087,0.3169516053172383
86.1,1.198,1.2593828266105556,0.09305292031304385,702.9620876984767,0.3169533979006463
86.11666666666666,1.198,1.2593792666034593,0.09304583332669099,702.9660619636153,0.31695518982778126
86.13333333333334,1.198,1.2593757079295713,0.0930387490261675,702.9700347740921,0.31695698109903464
86.15,1.198,1.259372150588082,0.09303166740982528,702.9740061307737,0.31695877171479686
86.16666666666667,1.198,1.2593685945781816,0.09302458847601758,702.9779760345261,0.3169605616754586
86.18333333333334,1.198,1.2593650398990621,0.09301751222309897,702.9819444862145,0.3169623509814099
86.2,1.198,1.2593614865499152,0.09301043864942551,702.9859114867038,0.31696413963304065
86.21666666666667,1.198,1.2593579345299344,0.09300336775335459,702.9898770368575,0.31696592763074033
86.23333333333333,1.198,1.259354383838312,0.09299629953324504,702.9938411375391,0.31696771497489823
86.25,1.198,1.2593508344742435,0.09298923398745694,702.9978037896107,0.316969501665903
86.26666666666667,1.198,1.2593472864369226,0.09298217111435188,703.0017649939342,0.3169712877041433
86.28333333333333,1.198,1.259343739725545,0.09297511091229278,703.005724751371,0.3169730730900075
86.3,1.198,1.2593401943393072,0.09296805337964395,703.0096830627807,0.3169748578238832
86.31666666666666,1.198,1.2593366502774057,0.09296099851477102,703.0136399290236,0.3169766419061583
86.33333333333333,1.198,1.2593331075390382,0.09295394631604108,703.0175953509583,0.3169784253372199
86.35,1.198,1.2593295661234025,0.09294689678182254,703.0215493294434,0.31698020811745514
86.36666666666666,1.198,1.259326026029698,0.09293984991048518,703.0255018653359,0.3169819902472505
86.38333333333334,1.198,1.2593224872571234,0.09293280570040016,703.0294529594928,0.3169837717269922
86.4,1.198,1.2593189498048794,0.09292576414994,703.0334026127705,0.31698555255706656
86.41666666666667,1.198,1.259315413672167,0.09291872525747859,703.0373508260242,0.31698733273785906
86.43333333333334,1.198,1.259311878858187,0.09291168902139126,703.0412976001086,0.3169891122697551
86.45,1.198,1.259308345362142,0.0929046554400545,703.0452429358777,0.3169908911531399
86.46666666666667,1.198,1.2593048131832347,0.09289762451184638,703.0491868341851,0.31699266938839804
86.48333333333333,1.198,1.2593012823206688,0.0928905962351462,703.0531292958832,0.316994446975914
86.5,1.198,1.259297752773648,0.0928835706083347,703.0570703218241,0.316996223916072
86.51666666666667,1.198,1.2592942245413774,0.09287654762979396,703.0610099128588,0.3169980002092558
86.53333333333333,1.198,1.2592906976230622,0.09286952729790729,703.0649480698381,0.31699977585584876
86.55,1.198,1.2592871720179089,0.09286250961105957,703.0688847936117,0.3170015508562342
86.56666666666666,1.198,1.259283647725124,0.09285549456763685,703.0728200850289,0.31700332521079505
86.58333333333333,1.198,1.2592801247439147,0.09284848216602662,703.0767539449379,0.31700509891991374
86.6,1.198,1.2592766030734894,0.09284147240461774,703.0806863741868,0.31700687198397265
86.61666666666666,1.198,1.259273082713057,0.09283446528180034,703.0846173736227,0.3170086444033536
86.63333333333334,1.198,1.2592695636618265,0.09282746079596599,703.0885469440915,0.3170104161784382
86.65,1.198,1.2592660459190084,0.0928204589455075,703.0924750864395,0.3170121873096079
86.66666666666667,1.198,1.2592625294838127,0.0928134597288191,703.0964018015115,0.3170139577972437
86.68333333333334,1.198,1.2592590143554516,0.09280646314429637,703.1003270901517,0.31701572764172603
86.7,1.198,1.2592555005331367,0.09279946919033619,703.104250953204,0.3170174968434356
86.71666666666667,1.198,1.2592519880160806,0.0927924778653368,703.1081733915111,0.31701926540275227
86.73333333333333,1.198,1.259248476803497,0.09278548916769777,703.1120944059154,0.31702103332005593
86.75,1.198,1.2592449668945993,0.09277850309582003,703.1160139972584,0.31702280059572596
86.76666666666667,1.198,1.2592414582886025,0.0927715196481058,703.1199321663812,0.31702456723014166
86.78333333333333,1.198,1.2592379509847218,0.09276453882295868,703.1238489141239,0.3170263332236817
86.8,1.198,1.259234444982173,0.09275756061878358,703.127764241326,0.31702809857672465
86.81666666666666,1.198,1.2592309402801731,0.09275058503398678,703.1316781488263,0.31702986328964866
86.83333333333333,1.198,1.259227436877939,0.09274361206697583,703.135590637463,0.31703162736283175
86.85,1.198,1.259223934774688,0.09273664171615965,703.1395017080737,0.31703339079665166
86.86666666666666,1.198,1.2592204339696398,0.09272967397994848,703.143411361495,0.3170351535914854
86.88333333333334,1.198,1.2592169344620132,0.09272270885675388,703.1473195985633,0.31703691574771004
86.9,1.198,1.259213436251027,0.09271574634498869,703.1512264201141,0.31703867726570256
86.91666666666667,1.198,1.259209939335903,0.09270878644306721,703.1551318269817,0.31704043814583893
86.93333333333334,1.198,1.2592064437158614,0.09270182914940492,703.1590358200006,0.3170421983884955
86.95,1.198,1.2592029493901247,0.09269487446241866,703.1629384000038,0.31704395799404783
86.96666666666667,1.198,1.2591994563579143,0.09268792238052663,703.1668395678247,0.31704571696287176
86.98333333333333,1.198,1.259195964618454,0.09268097290214833,703.1707393242948,0.31704747529534205
87.0,1.198,1.2591924741709675,0.09267402602570453,703.1746376702456,0.31704923299183363
87.01666666666667,1.198,1.2591889850146785,0.09266708174961738,703.1785346065082,0.31705099005272136
87.03333333333333,1.198,1.2591854971488123,0.09266014007231031,703.182430133912,0.3170527464783791
87.05,1.198,1.2591820105725946,0.0926532009922081,703.186324253287,0.3170545022691811
87.06666666666666,1.198,1.2591785252852516,0.09264626450773675,703.1902169654613,0.31705625742550075
87.08333333333333,1.198,1.2591750412860097,0.09263933061732367,703.1941082712634,0.3170580119477116
87.1,1.198,1.259171558574097,0.09263239931939753,703.1979981715205,0.31705976583618656
87.11666666666666,1.198,1.2591680771487415,0.09262547061238831,703.2018866670592,0.3170615190912984
87.13333333333334,1.198,1.2591645970091718,0.0926185444947273,703.2057737587056,0.3170632717134197
87.15,1.198,1.2591611181546172,0.09261162096484708,703.209659447285,0.31706502370292233
87.16666666666667,1.198,1.259157640584308,0.09260470002118157,703.2135437336221,0.31706677506017833
87.18333333333334,1.198,1.2591541642974746,0.09259778166216596,703.2174266185411,0.3170685257855593
87.2,1.198,1.2591506892933488,0.09259086588623673,703.221308102865,0.31707027587943604
87.21666666666667,1.198,1.259147215571162,0.09258395269183174,703.2251881874166,0.31707202534217993
87.23333333333333,1.198,1.259143743130147,0.09257704207739004,703.229066873018,0.3170737741741615
87.25,1.198,1.2591402719695373,0.09257013404135198,703.2329441604904,0.31707552237575093
87.26666666666667,1.198,1.2591368020885663,0.09256322858215929,703.2368200506547,0.31707726994731833
87.28333333333333,1.198,1.2591333334864685,0.09255632569825495,703.2406945443308,0.31707901688923357
87.3,1.198,1.2591298661624792,0.0925494253880832,703.2445676423381,0.3170807632018659
87.31666666666666,1.198,1.2591264001158342,0.09254252765008963,703.2484393454952,0.3170825088855844
87.33333333333333,1.198,1.2591229353457694,0.09253563248272106,703.2523096546201,0.31708425394075823
87.35,1.198,1.2591194718515224,0.09252873988442567,703.2561785705306,0.3170859983677557
87.36666666666666,1.198,1.2591160096323302,0.0925218498536528,703.2600460940428,0.3170877421669451
87.38333333333334,1.198,1.2591125486874315,0.09251496238885325,703.2639122259731,0.31708948533869424
87.4,1.198,1.2591090890160648,0.09250807748847896,703.2677769671369,0.31709122788337096
87.41666666666667,1.198,1.2591056306174697,0.0925011951509832,703.2716403183488,0.31709296980134255
87.43333333333334,1.198,1.2591021734908865,0.09249431537482057,703.2755022804231,0.31709471109297616
87.45,1.198,1.259098717635556,0.09248743815844689,703.279362854173,0.3170964517586383
87.46666666666667,1.198,1.2590952630507188,0.09248056350031922,703.2832220404114,0.3170981917986957
87.48333333333333,1.198,1.2590918097356179,0.09247369139889597,703.2870798399504,0.3170999312135143
87.5,1.198,1.2590883576894951,0.09246682185263684,703.2909362536014,0.3171016700034602
87.51666666666667,1.198,1.259084906911594,0.09245995486000277,703.2947912821753,0.31710340816889876
87.53333333333333,1.198,1.2590814574011584,0.09245309041945593,703.2986449264822,0.3171051457101955
87.55,1.198,1.259078009157433,0.09244622852945983,703.3024971873315,0.31710688262771514
87.56666666666666,1.198,1.2590745621796622,0.0924393691884792,703.3063480655322,0.31710861892182257
87.58333333333333,1.198,1.259071116467092,0.09243251239498015,703.3101975618928,0.3171103545928823
87.6,1.198,1.2590676720189693,0.09242565814742984,703.3140456772201,0.3171120896412581
87.61666666666666,1.198,1.2590642288345406,0.09241880644429692,703.3178924123214,0.3171138240673139
87.63333333333334,1.198,1.2590607869130528,0.09241195728405119,703.3217377680032,0.3171155578714135
87.65,1.198,1.259057346253755,0.09240511066516376,703.3255817450707,0.31711729105391984
87.66666666666667,1.198,1.2590539068558955,0.09239826658610689,703.3294243443291,0.3171190236151959
87.68333333333334,1.198,1.2590504687187243,0.09239142504535429,703.3332655665826,0.31712075555560437
87.7,1.198,1.2590470318414901,0.09238458604138076,703.337105412635,0.3171224868755077
87.71666666666667,1.198,1.2590435962234447,0.0923777495726625,703.3409438832891,0.31712421757526793
87.73333333333333,1.198,1.2590401618638394,0.09237091563767683,703.3447809793473,0.3171259476552466
87.75,1.198,1.2590367287619253,0.09236408423490239,703.3486167016114,0.3171276771158054
87.76666666666667,1.198,1.259033296916955,0.09235725536281911,703.3524510508827,0.31712940595730554
87.78333333333333,1.198,1.259029866328182,0.09235042901990811,703.3562840279611,0.31713113418010785
87.8,1.198,1.2590264369948596,0.09234360520465183,703.360115633647,0.317132861784573
87.81666666666666,1.198,1.2590230089162424,0.09233678391553388,703.363945868739,0.3171345887710612
87.83333333333333,1.198,1.259019582091585,0.09232996515103917,703.3677747340361,0.3171363151399326
87.85,1.198,1.259016156520143,0.09232314890965385,703.3716022303357,0.3171380408915469
87.86666666666666,1.198,1.2590127322011724,0.0923163351898653,703.3754283584354,0.31713976602626365
87.88333333333334,1.198,1.25900930913393,0.09230952399016217,703.3792531191318,0.3171414905444419
87.9,1.198,1.2590058873176735,0.09230271530903439,703.3830765132205,0.3171432144464405
87.91666666666667,1.198,1.2590024667516604,0.09229590914497299,703.3868985414972,0.3171449377326182
87.93333333333334,1.198,1.2589990474351491,0.09228910549647043,703.3907192047564,0.31714666040333317
87.95,1.198,1.258995629367399,0.09228230436202026,703.3945385037922,0.31714838245894356
87.96666666666667,1.198,1.25899221254767,0.09227550574011734,703.3983564393978,0.31715010389980697
87.98333333333333,1.198,1.258988796975222,0.09226870962925779,703.4021730123662,0.3171518247262809
88.0,1.198,1.2589853826493167,0.09226191602793887,703.4059882234894,0.3171535449387224
88.01666666666667,1.198,1.2589819695692148,0.0922551249346592,703.4098020735591,0.3171552645374886
88.03333333333333,1.198,1.2589785577341785,0.09224833634791853,703.4136145633662,0.317156983522936
88.05,1.198,1.2589751471434714,0.09224155026621787,703.4174256937005,0.31715870189542067
88.06666666666666,1.198,1.258971737796356,0.0922347666880595,703.4212354653521,0.317160419655299
88.08333333333333,1.198,1.2589683296920966,0.09222798561194687,703.4250438791097,0.31716213680292643
88.1,1.198,1.258964922829958,0.09222120703638474,703.4288509357615,0.31716385333865843
88.11666666666666,1.198,1.2589615172092048,0.092214430959879,703.4326566360957,0.3171655692628504
88.13333333333334,1.198,1.2589581128291032,0.09220765738093686,703.4364609808987,0.31716728457585686
88.15,1.198,1.2589547096889189,0.09220088629806666,703.4402639709579,0.31716899927803294
88.16666666666667,1.198,1.2589513077879197,0.09219411770977806,703.4440656070581,0.31717071336973235
88.18333333333334,1.198,1.2589479071253729,0.09218735161458186,703.447865889985,0.3171724268513094
88.2,1.198,1.2589445077005461,0.09218058801099016,703.4516648205233,0.317174139723118
88.21666666666667,1.198,1.2589411095127083,0.09217382689751616,703.4554623994568,0.31717585198551146
88.23333333333333,1.198,1.2589377125611292,0.0921670682726744,703.4592586275686,0.3171775636388428
88.25,1.198,1.2589343168450786,0.09216031213498066,703.4630535056416,0.31717927468346513
88.26666666666667,1.198,1.2589309223638263,0.09215355848295177,703.466847034458,0.31718098511973114
88.28333333333333,1.198,1.2589275291166444,0.09214680731510591,703.470639214799,0.3171826949479929
88.3,1.198,1.2589241371028037,0.09214005862996243,703.4744300474456,0.3171844041686027
88.31666666666666,1.198,1.2589207463215772,0.09213331242604186,703.4782195331777,0.3171861127819122
88.33333333333333,1.198,1.2589173567722374,0.09212656870186603,703.4820076727754,0.317187820788273
88.35,1.198,1.2589139684540578,0.0921198274559579,703.4857944670172,0.31718952818803625
88.36666666666666,1.198,1.2589105813663126,0.09211308868684168,703.4895799166815,0.31719123498155277
88.38333333333334,1.198,1.2589071955082762,0.09210635239304277,703.4933640225462,0.3171929411691735
88.4,1.198,1.2589038108792239,0.09209961857308777,703.497146785388,0.3171946467512485
88.41666666666667,1.198,1.2589004274784317,0.0920928872255045,703.500928205984,0.3171963517281281
88.43333333333334,1.198,1.2588970453051758,0.092086158348822,703.5047082851096,0.31719805610016205
88.45,1.198,1.2588936643587334,0.09207943194157048,703.50848702354,0.3171997598676998
88.46666666666667,1.198,1.2588902846383816,0.09207270800228132,703.5122644220502,0.31720146303109076
88.48333333333333,1.198,1.2588869061433992,0.09206598652948719,703.5160404814138,0.3172031655906839
88.5,1.198,1.2588835288730644,0.09205926752172189,703.5198152024044,0.3172048675468278
88.51666666666667,1.198,1.2588801528266567,0.09205255097752042,703.5235885857948,0.317206568899871
88.53333333333333,1.198,1.258876778003456,0.09204583689541904,703.527360632357,0.31720826965016163
88.55,1.198,1.2588734044027428,0.09203912527395507,703.531131342863,0.31720996979804766
88.56666666666666,1.198,1.2588700320237987,0.0920324161116672,703.5349007180829,0.3172116693438764
88.58333333333333,1.198,1.2588666608659045,0.09202570940709515,703.5386687587878,0.31721336828799546
88.6,1.198,1.2588632909283426,0.09201900515877995,703.5424354657471,0.31721506663075183
88.61666666666666,1.198,1.2588599222103964,0.09201230336526375,703.5462008397296,0.3172167643724922
88.63333333333334,1.198,1.2588565547113488,0.09200560402508992,703.5499648815045,0.3172184615135631
88.65,1.198,1.2588531884304839,0.091998907136803,703.5537275918391,0.3172201580543108
88.66666666666667,1.198,1.258849823367086,0.09199221269894874,703.5574889715008,0.31722185399508124
88.68333333333334,1.198,1.2588464595204405,0.09198552071007404,703.5612490212565,0.31722354933622005
88.7,1.198,1.2588430968898332,0.09197883116872704,703.5650077418717,0.3172252440780726
88.71666666666667,1.198,1.2588397354745504,0.09197214407345697,703.5687651341124,0.3172269382209841
88.73333333333333,1.198,1.2588363752738785,0.09196545942281435,703.5725211987431,0.3172286317652993
88.75,1.198,1.2588330162871053,0.09195877721535078,703.5762759365282,0.31723032471136287
88.76666666666667,1.198,1.2588296585135186,0.09195209744961913,703.5800293482314,0.3172320170595192
88.78333333333333,1.198,1.2588263019524073,0.09194542012417337,703.5837814346153,0.31723370881011204
88.8,1.198,1.2588229466030605,0.09193874523756868,703.5875321964428,0.3172353999634854
88.81666666666666,1.198,1.2588195924647678,0.09193207278836144,703.5912816344754,0.31723709051998256
88.83333333333333,1.198,1.2588162395368192,0.09192540277510916,703.5950297494745,0.31723878047994697
88.85,1.198,1.2588128878185063,0.09191873519637053,703.5987765422004,0.3172404698437213
88.86666666666666,1.198,1.25880953730912,0.09191207005070547,703.6025220134136,0.3172421586116485
88.88333333333334,1.198,1.2588061880079522,0.09190540733667496,703.6062661638731,0.3172438467840708
88.9,1.198,1.2588028399142959,0.09189874705284122,703.6100089943378,0.3172455343613304
88.91666666666667,1.198,1.258799493027444,0.09189208919776766,703.6137505055658,0.3172472213437691
88.93333333333334,1.198,1.2587961473466904,0.09188543377001883,703.6174906983149,0.31724890773172854
88.95,1.198,1.2587928028713293,0.0918787807681604,703.6212295733418,0.3172505935255499
88.96666666666667,1.198,1.2587894596006555,0.09187213019075927,703.6249671314033,0.31725227872557443
88.98333333333333,1.198,1.2587861175339645,0.09186548203638349,703.6287033732549,0.3172539633321428
89.0,1.198,1.2587827766705524,0.09185883630360227,703.6324382996519,0.31725564734559547
89.01666666666667,1.198,1.2587794370097156,0.09185219299098595,703.6361719113489,0.3172573307662728
89.03333333333333,1.198,1.2587760985507508,0.09184555209710604,703.6399042091,0.3172590135945148
89.05,1.198,1.258772761292957,0.09183891362053523,703.6436351936584,0.3172606958306609
89.06666666666666,1.198,1.258769425235631,0.09183227755984741,703.647364865777,0.3172623774750508
89.08333333333333,1.198,1.2587660903780724,0.09182564391361747,703.651093226208,0.3172640585280234
89.1,1.198,1.2587627567195805,0.09181901268042164,703.6548202757033,0.31726573898991794
89.11666666666666,1.198,1.2587594242594546,0.0918123838588372,703.6585460150137,0.31726741886107296
89.13333333333334,1.198,1.2587560929969965,0.09180575744744257,703.6622704448896,0.3172690981418265
89.15,1.198,1.2587527629315063,0.09179913344481744,703.6659935660809,0.31727077683251703
89.16666666666667,1.198,1.2587494340622858,0.09179251184954246,703.6697153793369,0.31727245493348216
89.18333333333334,1.198,1.2587461063886374,0.0917858926601996,703.6734358854062,0.3172741324450596
89.2,1.198,1.2587427799098634,0.09177927587537187,703.677155085037,0.31727580936758654
89.21666666666667,1.198,1.2587394546252677,0.0917726614936435,703.6808729789766,0.31727748570139996
89.23333333333333,1.198,1.2587361305341538,0.09176604951359985,703.6845895679722,0.3172791614468368
89.25,1.198,1.258732807635826,0.09175943993382733,703.68830485277,0.31728083660423356
89.26666666666667,1.198,1.2587294859295894,0.09175283275291365,703.6920188341155,0.3172825111739263
89.28333333333333,1.198,1.2587261654147501,0.09174622796944755,703.6957315127539,0.317284185156251
89.3,1.198,1.2587228460906132,0.09173962558201898,703.69944288943,0.3172858585515435
89.31666666666666,1.198,1.258719527956486,0.09173302558921889,703.7031529648877,0.3172875313601393
89.33333333333333,1.198,1.2587162110116756,0.09172642798963958,703.7068617398702,0.31728920358237334
89.35,1.198,1.2587128952554898,0.09171983278187432,703.7105692151204,0.3172908752185807
89.36666666666666,1.198,1.2587095806872368,0.09171323996451756,703.7142753913803,0.31729254626909587
89.38333333333334,1.198,1.2587062673062257,0.09170664953616495,703.7179802693919,0.3172942167342534
89.4,1.198,1.2587029551117652,0.09170006149541321,703.7216838498961,0.3172958866143874
89.41666666666667,1.198,1.2586996441031664,0.09169347584086018,703.725386133633,0.3172975559098316
89.43333333333334,1.198,1.2586963342797388,0.09168689257110488,703.7290871213431,0.31729922462091975
89.45,1.198,1.2586930256407942,0.09168031168474741,703.7327868137654,0.3173008927479851
89.46666666666667,1.198,1.2586897181856438,0.09167373318038903,703.7364852116385,0.31730256029136084
89.48333333333333,1.198,1.2586864119135999,0.09166715705663214,703.7401823157007,0.3173042272513796
89.5,1.198,1.2586831068239752,0.09166058331208028,703.7438781266893,0.3173058936283739
89.51666666666667,1.198,1.258679802916083,0.09165401194533801,703.7475726453417,0.31730755942267624
89.53333333333333,1.198,1.258676500189237,0.09164744295501118,703.7512658723939,0.3173092246346186
89.55,1.198,1.2586731986427522,0.09164087633970658,703.7549578085819,0.3173108892645326
89.56666666666666,1.198,1.2586698982759428,0.09163431209803227,703.7586484546409,0.3173125533127499
89.58333333333333,1.198,1.2586665990881243,0.09162775022859736,703.7623378113057,0.3173142167796017
89.6,1.198,1.2586633010786135,0.09162119073001207,703.7660258793101,0.3173158796654189
89.61666666666666,1.198,1.2586600042467255,0.09161463360088781,703.769712659388,0.3173175419705325
89.63333333333334,1.198,1.2586567085917788,0.09160807883983704,703.773398152272,0.3173192036952726
89.65,1.198,1.2586534141130903,0.0916015264454734,703.7770823586945,0.3173208648399697
89.66666666666667,1.198,1.2586501208099785,0.09159497641641152,703.7807652793875,0.3173225254049536
89.68333333333334,1.198,1.2586468286817623,0.09158842875126728,703.784446915082,0.3173241853905539
89.7,1.198,1.2586435377277605,0.09158188344865764,703.7881272665087,0.3173258447971003
89.71666666666667,1.198,1.2586402479472931,0.09157534050720062,703.7918063343978,0.3173275036249219
89.73333333333333,1.198,1.2586369593396807,0.09156879992551542,703.7954841194786,0.3173291618743474
89.75,1.198,1.258633671904244,0.09156226170222226,703.7991606224801,0.31733081954570563
89.76666666666667,1.198,1.2586303856403043,0.09155572583594256,703.8028358441308,0.31733247663932507
89.78333333333333,1.198,1.2586271005471839,0.09154919232529878,703.8065097851581,0.31733413315553366
89.8,1.198,1.2586238166242052,0.09154266116891456,703.8101824462898,0.3173357890946595
89.81666666666666,1.198,1.258620533870691,0.09153613236541458,703.8138538282518,0.31733744445703005
89.83333333333333,1.198,1.2586172522859655,0.09152960591342466,703.8175239317709,0.31733909924297277
89.85,1.198,1.2586139718693525,0.09152308181157165,703.8211927575721,0.31734075345281476
89.86666666666666,1.198,1.2586106926201763,0.09151656005848362,703.8248603063809,0.317342407086883
89.88333333333334,1.198,1.2586074145377628,0.09151004065278967,703.828526578921,0.31734406014550387
89.9,1.198,1.2586041376214374,0.09150352359312,703.8321915759166,0.31734571262900385
89.91666666666667,1.198,1.2586008618705264,0.0914970088781059,703.8358552980908,0.31734736453770906
89.93333333333334,1.198,1.2585975872843567,0.09149049650637979,703.8395177461664,0.31734901587194525
89.95,1.198,1.2585943138622553,0.09148398647657517,703.8431789208657,0.3173506666320383
89.96666666666667,1.198,1.2585910416035508,0.09147747878732665,703.8468388229097,0.31735231681831305
89.98333333333333,1.198,1.2585877705075712,0.09147097343726991,703.8504974530199,0.317353966431095
90.0,1.198,1.2585845005736456,0.09146447042504173,703.8541548119164,0.3173556154707088
90.01666666666667,1.198,1.2585812318011027,0.09145796974927999,703.8578109003195,0.31735726393747915
90.03333333333333,1.198,1.258577964189274,0.09145147140862367,703.8614657189478,0.3173589118317301
90.05,1.198,1.258574697737489,0.09144497540171279,703.8651192685206,0.31736055915378597
90.06666666666666,1.198,1.258571432445079,0.09143848172718853,703.868771549756,0.3173622059039705
90.08333333333333,1.198,1.2585681683113759,0.0914319903836931,703.8724225633714,0.31736385208260715
90.1,1.198,1.2585649053357113,0.09142550136986985,703.876072310084,0.3173654976900194
90.11666666666666,1.198,1.2585616435174185,0.09141901468436311,703.8797207906103,0.31736714272653027
90.13333333333334,1.198,1.25855838285583,0.09141253032581842,703.8833680056665,0.3173687871924626
90.15,1.198,1.25855512335028,0.09140604829288232,703.8870139559676,0.3173704310881388
90.16666666666667,1.198,1.258551865000103,0.0913995685842025,703.8906586422285,0.3173720744138812
90.18333333333334,1.198,1.2585486078046335,0.09139309119842769,703.8943020651634,0.3173737171700119
90.2,1.198,1.2585453517632068,0.09138661613420763,703.8979442254862,0.3173753593568527
90.21666666666667,1.198,1.2585420968751586,0.09138014339019332,703.9015851239101,0.31737700097472527
90.23333333333333,1.198,1.2585388431398254,0.09137367296503665,703.9052247611476,0.3173786420239507
90.25,1.198,1.2585355905565443,0.0913672048573907,703.9088631379108,0.3173802825048502
90.26666666666667,1.198,1.2585323391246526,0.09136073906590957,703.912500254911,0.31738192241774443
90.28333333333333,1.198,1.258529088843488,0.09135427558924845,703.9161361128592,0.317383561762954
90.3,1.198,1.258525839712389,0.09134781442606361,703.9197707124662,0.3173852005407994
90.31666666666666,1.198,1.2585225917306953,0.09134135557501243,703.9234040544412,0.3173868387516003
90.33333333333333,1.198,1.2585193448977456,0.09133489903475325,703.9270361394939,0.3173884763956768
90.35,1.198,1.2585160992128799,0.09132844480394559,703.9306669683331,0.3173901134733484
90.36666666666666,1.198,1.2585128546754394,0.09132199288124998,703.9342965416668,0.31739174998493436
90.38333333333334,1.198,1.2585096112847647,0.09131554326532806,703.9379248602024,0.3173933859307538
90.4,1.198,1.2585063690401974,0.0913090959548425,703.9415519246473,0.3173950213111254
90.41666666666667,1.198,1.25850312794108,0.09130265094845702,703.9451777357081,0.31739665612636786
90.43333333333334,1.198,1.2584998879867546,0.09129620824483647,703.9488022940907,0.3173982903767995
90.45,1.198,1.2584966491765648,0.09128976784264672,703.9524256005004,0.31739992406273837
90.46666666666667,1.198,1.258493411509854,0.09128332974055471,703.9560476556422,0.3174015571845022
90.48333333333333,1.198,1.2584901749859665,0.0912768939372284,703.9596684602205,0.3174031897424087
90.5,1.198,1.258486939604247,0.0912704604313369,703.963288014939,0.31740482173677503
90.51666666666667,1.198,1.2584837053640412,0.0912640292215503,703.9669063205009,0.31740645316791843
90.53333333333333,1.198,1.2584804722646938,0.09125760030653977,703.9705233776091,0.31740808403615567
90.55,1.198,1.258477240305552,0.09125117368497758,703.9741391869657,0.31740971434180343
90.56666666666666,1.198,1.2584740094859619,0.09124474935553697,703.977753749272,0.31741134408517796
90.58333333333333,1.198,1.2584707798052714,0.09123832731689234,703.9813670652295,0.31741297326659534
90.6,1.198,1.2584675512628278,0.09123190756771905,703.9849791355385,0.3174146018863715
90.61666666666666,1.198,1.2584643238579798,0.09122549010669356,703.9885899608993,0.31741622994482205
90.63333333333334,1.198,1.2584610975900759,0.09121907493249341,703.9921995420109,0.3174178574422623
90.65,1.198,1.258457872458466,0.09121266204379708,703.9958078795723,0.31741948437900736
90.66666666666667,1.198,1.2584546484624992,0.0912062514392842,703.9994149742822,0.31742111075537227
90.68333333333334,1.198,1.2584514256015262,0.09119984311763543,704.0030208268381,0.31742273657167147
90.7,1.198,1.258448203874898,0.09119343707753251,704.0066254379374,0.3174243618282195
90.71666666666667,1.198,1.258444983281966,0.09118703331765812,704.0102288082768,0.3174259865253304
90.73333333333333,1.198,1.258441763822082,0.09118063183669609,704.0138309385525,0.31742761066331815
90.75,1.198,1.2584385454945983,0.09117423263333121,704.0174318294602,0.31742923424249636
90.76666666666667,1.198,1.2584353282988678,0.0911678357062494,704.0210314816951,0.3174308572631785
90.78333333333333,1.198,1.2584321122342443,0.09116144105413757,704.0246298959516,0.31743247972567773
90.8,1.198,1.2584288973000815,0.09115504867568364,704.028227072924,0.317434101630307
90.81666666666666,1.198,1.2584256834957337,0.09114865856957668,704.0318230133056,0.31743572297737893
90.83333333333333,1.198,1.258422470820556,0.0911422707345067,704.0354177177894,0.31743734376720606
90.85,1.198,1.258419259273904,0.0911358851691648,704.0390111870679,0.3174389640001006
90.86666666666666,1.198,1.2584160488551335,0.09112950187224304,704.0426034218331,0.31744058367637445
90.88333333333334,1.198,1.2584128395636007,0.0911231208424346,704.0461944227762,0.31744220279633945
90.9,1.198,1.2584096313986632,0.09111674207843369,704.0497841905882,0.31744382136030697
90.91666666666667,1.198,1.258406424359678,0.0911103655789355,704.0533727259593,0.31744543936858827
90.93333333333334,1.198,1.2584032184460032,0.09110399134263632,704.0569600295796,0.31744705682149454
90.95,1.198,1.2584000136569973,0.09109761936823338,704.0605461021379,0.3174486737193364
90.96666666666667,1.198,1.258396809992019,0.09109124965442503,704.0641309443232,0.31745029006242437
90.98333333333333,1.198,1.2583936074504287,0.0910848821999106,704.0677145568234,0.31745190585106864
91.0,1.198,1.2583904060315854,0.09107851700339048,704.0712969403264,0.31745352108557956
91.01666666666667,1.198,1.25838720573485,0.09107215406356603,704.0748780955195,0.3174551357662667
91.03333333333333,1.198,1.2583840065595835,0.09106579337913975,704.0784580230887,0.3174567498934397
91.05,1.198,1.2583808085051476,0.09105943494881505,704.0820367237206,0.31745836346740786
91.06666666666666,1.198,1.2583776115709038,0.09105307877129638,704.0856141981004,0.3174599764884803
91.08333333333333,1.198,1.258374415756215,0.0910467248452893,704.0891904469134,0.317461588956966
91.1,1.198,1.258371221060444,0.09104037316950034,704.0927654708439,0.31746320087317337
91.11666666666666,1.198,1.2583680274829545,0.09103402374263699,704.0963392705759,0.31746481223741085
91.13333333333334,1.198,1.2583648350231103,0.09102767656340785,704.0999118467928,0.31746642304998673
91.15,1.198,1.2583616436802758,0.09102133163052249,704.1034832001777,0.3174680333112089
91.16666666666667,1.198,1.2583584534538161,0.0910149889426915,704.1070533314127,0.3174696430213848
91.18333333333334,1.198,1.258355264343097,0.09100864849862655,704.1106222411796,0.31747125218082206
91.2,1.198,1.2583520763474842,0.09100231029704023,704.11418993016,0.31747286078982784
91.21666666666667,1.198,1.2583488894663442,0.0909959743366462,704.1177563990346,0.31747446884870917
91.23333333333333,1.198,1.2583457036990435,0.09098964061615918,704.1213216484838,0.3174760763577726
91.25,1.198,1.2583425190449506,0.09098330913429478,704.1248856791871,0.3174776833173248
91.26666666666667,1.198,1.2583393355034327,0.09097697988976972,704.1284484918239,0.31747928972767187
91.28333333333333,1.198,1.2583361530738584,0.09097065288130174,704.1320100870728,0.31748089558911996
91.3,1.198,1.2583329717555969,0.09096432810760949,704.135570465612,0.3174825009019748
91.31666666666666,1.198,1.2583297915480172,0.09095800556741276,704.1391296281195,0.31748410566654195
91.33333333333333,1.198,1.2583266124504895,0.09095168525943223,704.142687575272,0.31748570988312674
91.35,1.198,1.2583234344623841,0.09094536718238967,704.1462443077464,0.31748731355203424
91.36666666666666,1.198,1.2583202575830725,0.09093905133500782,704.1497998262187,0.3174889166735692
91.38333333333334,1.198,1.2583170818119251,0.09093273771601043,704.1533541313645,0.3174905192480364
91.4,1.198,1.2583139071483145,0.09092642632412225,704.156907223859,0.31749212127574017
91.41666666666667,1.198,1.258310733591613,0.09092011715806905,704.1604591043765,0.31749372275698456
91.43333333333334,1.198,1.2583075611411934,0.09091381021657757,704.1640097735914,0.3174953236920736
91.45,1.198,1.2583043897964292,0.0909075054983756,704.1675592321769,0.31749692408131097
91.46666666666667,1.198,1.2583012195566938,0.09090120300219189,704.1711074808062,0.317498523925
91.48333333333333,1.198,1.2582980504213621,0.09089490272675618,704.1746545201518,0.317500123223444
91.5,1.198,1.2582948823898084,0.09088860467079929,704.1782003508855,0.317501721976946
91.51666666666667,1.198,1.2582917154614088,0.09088230883305293,704.1817449736786,0.31750332018580846
91.53333333333333,1.198,1.258288549635538,0.09087601521224986,704.1852883892028,0.3175049178503343
91.55,1.198,1.2582853849115734,0.09086972380712387,704.1888305981278,0.3175065149708256
91.56666666666666,1.198,1.2582822212888911,0.09086343461640967,704.1923716011237,0.3175081115475844
91.58333333333333,1.198,1.2582790587668686,0.09085714763884298,704.1959113988601,0.3175097075809126
91.6,1.198,1.2582758973448838,0.09085086287316055,704.1994499920056,0.3175113030711117
91.61666666666666,1.198,1.2582727370223141,0.09084458031810011,704.2029873812289,0.31751289801848315
91.63333333333334,1.198,1.2582695777985395,0.09083829997240031,704.2065235671978,0.3175144924233281
91.65,1.198,1.258266419672938,0.09083202183480094,704.2100585505794,0.31751608628594735
91.66666666666667,1.198,1.2582632626448902,0.09082574590404265,704.2135923320408,0.3175176796066416
91.68333333333334,1.198,1.2582601067137755,0.09081947217886711,704.2171249122483,0.3175192723857114
91.7,1.198,1.2582569518789752,0.09081320065801698,704.2206562918677,0.31752086462345686
91.71666666666667,1.198,1.25825379813987,0.09080693134023596,704.2241864715643,0.31752245632017795
91.73333333333333,1.198,1.2582506454958418,0.09080066422426859,704.227715452003,0.3175240474761745
91.75,1.198,1.2582474939462724,0.09079439930886056,704.2312432338482,0.317525638091746
91.76666666666667,1.198,1.2582443434905448,0.09078813659275844,704.2347698177633,0.31752722816719164
91.78333333333333,1.198,1.2582411941280414,0.09078187607470986,704.238295204412,0.31752881770281066
91.8,1.198,1.258238045858146,0.09077561775346328,704.2418193944569,0.31753040669890176
91.81666666666666,1.198,1.2582348986802427,0.09076936162776833,704.2453423885604,0.31753199515576375
91.83333333333333,1.198,1.2582317525937161,0.09076310769637551,704.2488641873841,0.3175335830736948
91.85,1.198,1.2582286075979507,0.0907568559580363,704.2523847915895,0.3175351704529932
91.86666666666666,1.198,1.2582254636923327,0.09075060641150319,704.2559042018371,0.3175367572939567
91.88333333333334,1.198,1.2582223208762473,0.09074435905552959,704.2594224187873,0.31753834359688315
91.9,1.198,1.2582191791490809,0.09073811388886999,704.2629394431,0.31753992936207015
91.91666666666667,1.198,1.2582160385102208,0.09073187091027973,704.2664552754342,0.31754151458981467
91.93333333333334,1.198,1.2582128989590542,0.09072563011851525,704.2699699164488,0.31754309928041385
91.95,1.198,1.2582097604949687,0.09071939151233385,704.273483366802,0.31754468343416453
91.96666666666667,1.198,1.258206623117353,0.0907131550904938,704.2769956271516,0.31754626705136324
91.98333333333333,1.198,1.2582034868255954,0.09070692085175444,704.2805066981549,0.31754785013230635
92.0,1.198,1.2582003516190854,0.09070068879487604,704.2840165804685,0.3175494326772899
92.01666666666667,1.198,1.2581972174972125,0.09069445891861977,704.2875252747486,0.31755101468660984
92.03333333333333,1.198,1.2581940844593669,0.09068823122174785,704.2910327816513,0.31755259616056186
92.05,1.198,1.25819095250494,0.09068200570302343,704.2945391018314,0.31755417709944134
92.06666666666666,1.198,1.2581878216333213,0.09067578236121061,704.2980442359443,0.31755575750354365
92.08333333333333,1.198,1.2581846918439041,0.09066956119507452,704.3015481846435,0.3175573373731635
92.1,1.198,1.2581815631360795,0.09066334220338117,704.3050509485831,0.3175589167085959
92.11666666666666,1.198,1.2581784355092405,0.09065712538489756,704.3085525284164,0.3175604955101352
92.13333333333334,1.198,1.2581753089627794,0.09065091073839168,704.3120529247961,0.317562073778076
92.15,1.198,1.2581721834960904,0.09064469826263247,704.3155521383745,0.31756365151271204
92.16666666666667,1.198,1.258169059108567,0.0906384879563898,704.3190501698035,0.3175652287143376
92.18333333333334,1.198,1.2581659357996042,0.09063227981843454,704.3225470197341,0.31756680538324594
92.2,1.198,1.2581628135685963,0.09062607384753849,704.3260426888173,0.31756838151973077
92.21666666666667,1.198,1.2581596924149387,0.09061987004247439,704.3295371777032,0.3175699571240851
92.23333333333333,1.198,1.2581565723380275,0.090613668402016,704.3330304870416,0.31757153219660195
92.25,1.198,1.2581534533372585,0.09060746892493796,704.3365226174822,0.3175731067375742
92.26666666666667,1.198,1.2581503354120291,0.09060127161001591,704.3400135696731,0.3175746807472943
92.28333333333333,1.198,1.258147218561736,0.09059507645602644,704.3435033442634,0.31757625422605457
92.3,1.198,1.258144102785777,0.09058888346174705,704.3469919419003,0.3175778271741471
92.31666666666666,1.198,1.2581409880835501,0.09058269262595627,704.3504793632316,0.31757939959186376
92.33333333333333,1.198,1.2581378744544545,0.09057650394743352,704.3539656089036,0.31758097147949615
92.35,1.198,1.2581347618978886,0.09057031742495913,704.3574506795632,0.3175825428373357
92.36666666666666,1.198,1.2581316504132523,0.09056413305731453,704.360934575856,0.31758411366567385
92.38333333333334,1.198,1.2581285399999451,0.09055795084328194,704.3644172984275,0.3175856839648013
92.4,1.198,1.2581254306573681,0.09055177078164457,704.3678988479223,0.3175872537350089
92.41666666666667,1.198,1.258122322384922,0.0905455928711866,704.371379224985,0.31758882297658725
92.43333333333334,1.198,1.258119215182008,0.09053941711069315,704.3748584302596,0.3175903916898266
92.45,1.198,1.2581161090480277,0.09053324349895028,704.3783364643895,0.3175919598750172
92.46666666666667,1.198,1.2581130039823842,0.09052707203474498,704.3818133280173,0.3175935275324488
92.48333333333333,1.198,1.2581098999844795,0.0905209027168652,704.3852890217859,0.3175950946624111
92.5,1.198,1.2581067970537174,0.09051473554409986,704.3887635463368,0.3175966612651935
92.51666666666667,1.198,1.258103695189501,0.09050857051523872,704.3922369023119,0.31759822734108534
92.53333333333333,1.198,1.258100594391235,0.0905024076290726,704.3957090903519,0.3175997928903756
92.55,1.198,1.2580974946583234,0.09049624688439316,704.3991801110974,0.3176013579133529
92.56666666666666,1.198,1.258094395990172,0.09049008827999303,704.4026499651884,0.31760292241030597
92.58333333333333,1.198,1.2580912983861856,0.09048393181466578,704.4061186532646,0.31760448638152333
92.6,1.198,1.2580882018457704,0.09047777748720595,704.4095861759648,0.3176060498272928
92.61666666666666,1.198,1.2580851063683332,0.090471625296409,704.4130525339276,0.31760761274790245
92.63333333333334,1.198,1.25808201195328,0.09046547524107122,704.4165177277914,0.31760917514364007
92.65,1.198,1.2580789186000192,0.09045932731999001,704.4199817581932,0.3176107370147928
92.66666666666667,1.198,1.258075826307958,0.09045318153196354,704.4234446257708,0.31761229836164834
92.68333333333334,1.198,1.2580727350765046,0.09044703787579103,704.4269063311605,0.3176138591844936
92.7,1.198,1.2580696449050677,0.09044089635027257,704.4303668749983,0.3176154194836152
92.71666666666667,1.198,1.2580665557930566,0.09043475695420919,704.4338262579203,0.31761697925930005
92.73333333333333,1.198,1.258063467739881,0.09042861968640285,704.4372844805612,0.3176185385118343
92.75,1.198,1.2580603807449509,0.09042248454565639,704.4407415435561,0.3176200972415043
92.76666666666667,1.198,1.2580572948076765,0.09041635153077368,704.4441974475392,0.31762165544859605
92.78333333333333,1.198,1.2580542099274692,0.09041022064055942,704.4476521931441,0.31762321313339514
92.8,1.198,1.2580511261037401,0.09040409187381925,704.4511057810043,0.3176247702961873
92.81666666666666,1.198,1.2580480433359011,0.09039796522935978,704.4545582117524,0.3176263269372577
92.83333333333333,1.198,1.2580449616233649,0.09039184070598852,704.4580094860208,0.31762788305689144
92.85,1.198,1.2580418809655438,0.09038571830251389,704.4614596044414,0.3176294386553735
92.86666666666666,1.198,1.258038801361851,0.09037959801774526,704.4649085676456,0.31763099373298853
92.88333333333334,1.198,1.2580357228117007,0.09037347985049286,704.4683563762642,0.3176325482900209
92.9,1.198,1.2580326453145065,0.0903673637995679,704.4718030309277,0.3176341023267551
92.91666666666667,1.198,1.2580295688696832,0.09036124986378248,704.475248532266,0.3176356558434749
92.93333333333334,1.198,1.2580264934766459,0.09035513804194961,704.4786928809087,0.3176372088404643
92.95,1.198,1.2580234191348094,0.09034902833288322,704.4821360774847,0.3176387613180069
92.96666666666667,1.198,1.2580203458435903,0.09034292073539817,704.4855781226227,0.317640313276386
92.98333333333333,1.198,1.258017273602405,0.09033681524831025,704.4890190169505,0.3176418647158848
93.0,1.198,1.2580142024106697,0.0903307118704361,704.4924587610956,0.3176434156367862
93.01666666666667,1.198,1.2580111322678023,0.09032461060059335,704.4958973556855,0.3176449660393731
93.03333333333333,1.198,1.25800806317322,0.09031851143760046,704.4993348013468,0.3176465159239281
93.05,1.198,1.2580049951263412,0.09031241438027687,704.5027710987052,0.3176480652907332
93.06666666666666,1.198,1.2580019281265844,0.09030631942744294,704.5062062483871,0.317649614140071
93.08333333333333,1.198,1.2579988621733686,0.09030022657791988,704.5096402510172,0.3176511624722229
93.1,1.198,1.2579957972661135,0.09029413583052981,704.5130731072203,0.31765271028747083
93.11666666666666,1.198,1.2579927334042387,0.09028804718409579,704.5165048176209,0.31765425758609633
93.13333333333334,1.198,1.2579896705871647,0.09028196063744176,704.519935382843,0.31765580436838076
93.15,1.198,1.2579866088143121,0.09027587618939266,704.5233648035094,0.3176573506346049
93.16666666666667,1.198,1.2579835480851023,0.09026979383877415,704.5267930802435,0.3176588963850498
93.18333333333334,1.198,1.2579804883989572,0.09026371358441299,704.5302202136672,0.31766044161999596
93.2,1.198,1.2579774297552988,0.09025763542513666,704.533646204403,0.31766198633972387
93.21666666666667,1.198,1.257974372153549,0.0902515593597737,704.5370710530723,0.31766353054451396
93.23333333333333,1.198,1.257971315593132,0.09024548538715346,704.5404947602956,0.31766507423464574
93.25,1.198,1.2579682600734703,0.09023941350610624,704.5439173266941,0.31766661741039953
93.26666666666667,1.198,1.257965205593988,0.09023334371546321,704.5473387528874,0.31766816007205456
93.28333333333333,1.198,1.2579621521541096,0.09022727601405639,704.5507590394956,0.31766970221989044
93.3,1.198,1.25795909975326,0.09022121040071882,704.5541781871375,0.3176712438541862
93.31666666666666,1.198,1.2579560483908638,0.09021514687428434,704.5575961964317,0.31767278497522083
93.33333333333333,1.198,1.2579529980663475,0.0902090854335877,704.5610130679968,0.3176743255832731
93.35,1.198,1.2579499487791364,0.0902030260774646,704.5644288024504,0.3176758656786215
93.36666666666666,1.198,1.257946900528657,0.09019696880475153,704.5678434004099,0.31767740526154453
93.38333333333334,1.198,1.2579438533143372,0.090190913614286,704.5712568624919,0.31767894433232
93.4,1.198,1.2579408071356033,0.09018486050490632,704.5746691893129,0.31768048289122613
93.41666666666667,1.198,1.2579377619918837,0.09017880947545169,704.5780803814889,0.3176820209385405
93.43333333333334,1.198,1.2579347178826064,0.09017276052476227,704.5814904396353,0.3176835584745406
93.45,1.198,1.2579316748072005,0.09016671365167903,704.5848993643671,0.3176850954995037
93.46666666666667,1.198,1.2579286327650943,0.09016066885504394,704.5883071562988,0.31768663201370695
93.48333333333333,1.198,1.257925591755718,0.09015462613369973,704.5917138160448,0.31768816801742733
93.5,1.198,1.2579225517785018,0.09014858548649007,704.5951193442181,0.3176897035109412
93.51666666666667,1.198,1.2579195128328755,0.09014254691225956,704.5985237414325,0.31769123849452535
93.53333333333333,1.198,1.2579164749182703,0.09013651040985361,704.6019270083002,0.3176927729684558
93.55,1.198,1.2579134380341175,0.09013047597811856,704.6053291454339,0.3176943069330089
93.56666666666666,1.198,1.2579104021798486,0.09012444361590166,704.608730153445,0.31769584038846016
93.58333333333333,1.198,1.2579073673548962,0.09011841332205094,704.612130032945,0.3176973733350853
93.6,1.198,1.2579043335586921,0.0901123850954154,704.6155287845447,0.3176989057731599
93.61666666666666,1.198,1.2579013007906703,0.09010635893484491,704.6189264088547,0.317700437702959
93.63333333333334,1.198,1.2578982690502634,0.09010033483919025,704.6223229064849,0.3177019691247579
93.65,1.198,1.2578952383369058,0.09009431280730298,704.6257182780446,0.317703500038831
93.66666666666667,1.198,1.2578922086500317,0.09008829283803563,704.6291125241431,0.31770503044545334
93.68333333333334,1.198,1.2578891799890757,0.09008227493024154,704.632505645389,0.31770656034489914
93.7,1.198,1.257886152353473,0.09007625908277497,704.6358976423901,0.31770808973744247
93.71666666666667,1.198,1.257883125742659,0.0900702452944911,704.6392885157545,0.31770961862335756
93.73333333333333,1.198,1.2578801001560702,0.0900642335642459,704.6426782660893,0.317711147002918
93.75,1.198,1.2578770755931428,0.09005822389089622,704.6460668940013,0.31771267487639754
93.76666666666667,1.198,1.2578740520533136,0.09005221627329987,704.6494544000966,0.3177142022440695
93.78333333333333,1.198,1.2578710295360198,0.09004621071031545,704.6528407849815,0.3177157291062071
93.8,1.198,1.2578680080406994,0.09004020720080241,704.6562260492612,0.31771725546308327
93.81666666666666,1.198,1.2578649875667904,0.09003420574362117,704.6596101935407,0.3177187813149708
93.83333333333333,1.198,1.2578619681137315,0.09002820633763296,704.6629932184246,0.31772030666214224
93.85,1.198,1.2578589496809613,0.09002220898169988,704.6663751245169,0.31772183150487004
93.86666666666666,1.198,1.2578559322679197,0.09001621367468489,704.669755912421,0.3177233558434262
93.88333333333334,1.198,1.2578529158740466,0.09001022041545186,704.6731355827405,0.3177248796780828
93.9,1.198,1.2578499004987818,0.09000422920286544,704.676514136078,0.3177264030091117
93.91666666666667,1.198,1.2578468861415661,0.0899982400357913,704.6798915730358,0.31772792583678433
93.93333333333334,1.198,1.257843872801841,0.0899922529130958,704.6832678942154,0.317729448161372
93.95,1.198,1.2578408604790479,0.0899862678336463,704.6866431002188,0.31773096998314604
93.96666666666667,1.198,1.2578378491726283,0.08998028479631093,704.6900171916465,0.31773249130237724
93.98333333333333,1.198,1.2578348388820253,0.08997430379995873,704.693390169099,0.3177340121193364
94.0,1.198,1.257831829606681,0.08996832484345961,704.6967620331765,0.3177355324342941
94.01666666666667,1.198,1.2578288213460396,0.08996234792568428,704.7001327844783,0.3177370522475206
94.03333333333333,1.198,1.2578258140995435,0.08995637304550436,704.7035024236042,0.3177385715592862
94.05,1.198,1.2578228078666378,0.08995040020179235,704.7068709511523,0.31774009036986073
94.06666666666666,1.198,1.2578198026467664,0.0899444293934216,704.7102383677212,0.31774160867951406
94.08333333333333,1.198,1.2578167984393742,0.08993846061926622,704.7136046739085,0.3177431264885156
94.1,1.198,1.2578137952439072,0.08993249387820135,704.7169698703117,0.31774464379713474
94.11666666666666,1.198,1.2578107930598106,0.08992652916910283,704.7203339575277,0.31774616060564065
94.13333333333334,1.198,1.2578077918865302,0.08992056649084745,704.7236969361531,0.3177476769143023
94.15,1.198,1.2578047917235133,0.08991460584231278,704.7270588067838,0.31774919272338836
94.16666666666667,1.198,1.2578017925702067,0.0899086472223773,704.7304195700154,0.3177507080331674
94.18333333333334,1.198,1.2577987944260576,0.08990269062992035,704.7337792264434,0.31775222284390797
94.2,1.198,1.2577957972905138,0.08989673606382206,704.7371377766619,0.31775373715587785
94.21666666666667,1.198,1.257792801163024,0.08989078352296348,704.7404952212659,0.31775525096934537
94.23333333333333,1.198,1.2577898060430364,0.08988483300622645,704.7438515608486,0.31775676428457794
94.25,1.198,1.2577868119300002,0.08987888451249368,704.747206796004,0.31775827710184346
94.26666666666667,1.198,1.2577838188233652,0.08987293804064878,704.7505609273244,0.31775978942140887
94.28333333333333,1.198,1.2577808267225807,0.08986699358957617,704.7539139554029,0.3177613012435418
94.3,1.198,1.2577778356270974,0.08986105115816105,704.7572658808315,0.31776281256850886
94.31666666666666,1.198,1.2577748455363662,0.08985511074528957,704.7606167042014,0.31776432339657695
94.33333333333333,1.198,1.257771856449838,0.08984917234984867,704.7639664261044,0.31776583372801265
94.35,1.198,1.257768868366964,0.08984323597072619,704.7673150471309,0.3177673435630823
94.36666666666666,1.198,1.2577658812871972,0.08983730160681071,704.7706625678712,0.31776885290205203
94.38333333333334,1.198,1.257762895209989,0.08983136925699176,704.7740089889154,0.3177703617451878
94.4,1.198,1.2577599101347927,0.08982543892015961,704.7773543108532,0.3177718700927556
94.41666666666667,1.198,1.2577569260610613,0.08981951059520549,704.780698534273,0.3177733779450208
94.43333333333334,1.198,1.2577539429882485,0.08981358428102137,704.7840416597638,0.31777488530224884
94.45,1.198,1.2577509609158082,0.08980765997650011,704.7873836879138,0.3177763921647049
94.46666666666667,1.198,1.257747979843195,0.0898017376805354,704.7907246193105,0.31777789853265404
94.48333333333333,1.198,1.2577449997698638,0.08979581739202178,704.7940644545412,0.3177794044063609
94.5,1.198,1.2577420206952696,0.08978989910985455,704.797403194193,0.31778090978609025
94.51666666666667,1.198,1.2577390426188684,0.08978398283292996,704.800740838852,0.3177824146721064
94.53333333333333,1.198,1.2577360655401164,0.08977806856014502,704.8040773891042,0.3177839190646735
94.55,1.198,1.2577330894584693,0.08977215629039761,704.8074128455355,0.3177854229640558
94.56666666666666,1.198,1.2577301143733848,0.08976624602258644,704.8107472087308,0.317786926370517
94.58333333333333,1.198,1.2577271402843198,0.08976033775561104,704.8140804792748,0.31778842928432055
94.6,1.198,1.257724167190732,0.08975443148837178,704.8174126577518,0.31778993170573017
94.61666666666666,1.198,1.2577211950920795,0.0897485272197698,704.8207437447456,0.317791433635009
94.63333333333334,1.198,1.257718223987821,0.08974262494870719,704.8240737408396,0.31779293507242
94.65,1.198,1.2577152538774157,0.08973672467408683,704.8274026466166,0.317794436018226
94.66666666666667,1.198,1.2577122847603224,0.08973082639481235,704.8307304626594,0.3177959364726897
94.68333333333334,1.198,1.257709316636001,0.0897249301097883,704.8340571895501,0.3177974364360738
94.7,1.198,1.2577063495039116,0.08971903581792004,704.8373828278701,0.31779893590864017
94.71666666666667,1.198,1.257703383363515,0.08971314351811371,704.8407073782008,0.3178004348906511
94.73333333333333,1.198,1.257700418214272,0.08970725320927632,704.8440308411232,0.3178019333823684
94.75,1.198,1.2576974540556434,0.08970136489031572,704.8473532172176,0.3178034313840539
94.76666666666667,1.198,1.257694490887092,0.08969547856014048,704.8506745070637,0.3178049288959689
94.78333333333333,1.198,1.257691528708079,0.08968959421766014,704.8539947112414,0.317806425918375
94.8,1.198,1.2576885675180676,0.08968371186178498,704.8573138303295,0.31780792245153294
94.81666666666666,1.198,1.2576856073165208,0.08967783149142611,704.8606318649071,0.3178094184957038
94.83333333333333,1.198,1.2576826481029015,0.08967195310549546,704.863948815552,0.3178109140511484
94.85,1.198,1.2576796898766738,0.0896660767029058,704.8672646828423,0.3178124091181272
94.86666666666666,1.198,1.2576767326373017,0.08966020228257068,704.8705794673554,0.3178139036969005
94.88333333333334,1.198,1.2576737763842496,0.08965432984340456,704.8738931696682,0.31781539778772855
94.9,1.198,1.257670821116983,0.08964845938432259,704.8772057903574,0.31781689139087127
94.91666666666667,1.198,1.2576678668349666,0.08964259090424084,704.880517329999,0.3178183845065884
94.93333333333334,1.198,1.257664913537667,0.08963672440207612,704.8838277891687,0.3178198771351395
94.95,1.198,1.2576619612245497,0.08963085987674614,704.8871371684418,0.317821369276784
94.96666666666667,1.198,1.2576590098950813,0.08962499732716936,704.8904454683932,0.3178228609317811
94.98333333333333,1.198,1.257656059548729,0.08961913675226504,704.8937526895976,0.3178243521003899
95.0,1.198,1.25765311018496,0.08961327815095332,704.8970588326285,0.31782584278286896
95.01666666666667,1.198,1.2576501618032425,0.08960742152215513,704.9003638980599,0.31782733297947713
95.03333333333333,1.198,1.257647214403044,0.08960156686479219,704.9036678864649,0.3178288226904728
95.05,1.198,1.2576442679838333,0.08959571417778707,704.9069707984163,0.3178303119161142
95.06666666666666,1.198,1.2576413225450795,0.08958986346006306,704.9102726344862,0.3178318006566594
95.08333333333333,1.198,1.257638378086252,0.08958401471054436,704.9135733952468,0.31783328891236623
95.1,1.198,1.2576354346068201,0.08957816792815598,704.9168730812695,0.31783477668349247
95.11666666666666,1.198,1.2576324921062545,0.08957232311182363,704.9201716931252,0.3178362639702954
95.13333333333334,1.198,1.2576295505840251,0.08956648026047391,704.9234692313851,0.31783775077303267
95.15,1.198,1.2576266100396034,0.08956063937303424,704.9267656966189,0.3178392370919611
95.16666666666667,1.198,1.2576236704724606,0.08955480044843282,704.9300610893965,0.31784072292733767
95.18333333333334,1.198,1.2576207318820682,0.08954896348559864,704.9333554102875,0.3178422082794192
95.2,1.198,1.2576177942678983,0.0895431284834615,704.9366486598609,0.31784369314846217
95.21666666666667,1.198,1.2576148576294237,0.08953729544095206,704.9399408386851,0.3178451775347229
95.23333333333333,1.198,1.257611921966117,0.08953146435700167,704.9432319473283,0.31784666143845774
95.25,1.198,1.2576089872774516,0.0895256352305426,704.9465219863583,0.31784814485992247
95.26666666666667,1.198,1.257606053562901,0.0895198080605078,704.9498109563427,0.3178496277993731
95.28333333333333,1.198,1.2576031208219396,0.08951398284583117,704.953098857848,0.31785111025706503
95.3,1.198,1.2576001890540418,0.08950815958544728,704.9563856914407,0.31785259223325374
95.31666666666666,1.198,1.2575972582586823,0.08950233827829154,704.959671457687,0.3178540737281945
95.33333333333333,1.198,1.257594328435336,0.0894965189233002,704.9629561571528,0.3178555547421425
95.35,1.198,1.2575913995834793,0.08949070151941024,704.9662397904029,0.3178570352753523
95.36666666666666,1.198,1.2575884717025878,0.0894848860655595,704.9695223580026,0.3178585153280788
95.38333333333334,1.198,1.2575855447921378,0.08947907256068656,704.972803860516,0.31785999490057654
95.4,1.198,1.2575826188516062,0.08947326100373083,704.9760842985073,0.3178614739930996
95.41666666666667,1.198,1.2575796938804702,0.0894674513936325,704.9793636725401,0.3178629526059023
95.43333333333334,1.198,1.2575767698782077,0.08946164372933257,704.9826419831774,0.31786443073923837
95.45,1.198,1.257573846844296,0.08945583800977279,704.9859192309821,0.3178659083933618
95.46666666666667,1.198,1.257570924778214,0.08945003423389578,704.9891954165165,0.31786738556852595
95.48333333333333,1.198,1.2575680036794403,0.08944423240064486,704.9924705403429,0.31786886226498434
95.5,1.198,1.2575650835474539,0.08943843250896419,704.9957446030224,0.3178703384829901
95.51666666666667,1.198,1.2575621643817343,0.08943263455779873,704.9990176051165,0.31787181422279626
95.53333333333333,1.198,1.2575592461817617,0.0894268385460942,705.0022895471856,0.3178732894846556
95.55,1.198,1.257556328947016,0.08942104447279714,705.0055604297902,0.31787476426882083
95.56666666666666,1.198,1.257553412676978,0.08941525233685485,705.0088302534903,0.3178762385755443
95.58333333333333,1.198,1.2575504973711287,0.08940946213721544,705.0120990188452,0.31787771240507845
95.6,1.198,1.2575475830289498,0.08940367387282774,705.0153667264142,0.31787918575767515
95.61666666666666,1.198,1.2575446696499228,0.08939788754264148,705.0186333767557,0.31788065863358644
95.63333333333334,1.198,1.25754175723353,0.0893921031456071,705.0218989704284,0.31788213103306406
95.65,1.198,1.2575388457792542,0.08938632068067578,705.0251635079898,0.3178836029563595
95.66666666666667,1.198,1.2575359352865778,0.08938054014679961,705.0284269899976,0.31788507440372404
95.68333333333334,1.198,1.257533025754985,0.08937476154293136,705.0316894170086,0.31788654537540895
95.7,1.198,1.2575301171839588,0.08936898486802464,705.0349507895799,0.3178880158716652
95.71666666666667,1.198,1.257527209572984,0.08936321012103376,705.0382111082672,0.3178894858927436
95.73333333333333,1.198,1.2575243029215442,0.08935743730091393,705.0414703736268,0.31789095543889473
95.75,1.198,1.2575213972291248,0.08935166640662104,705.0447285862139,0.31789242451036903
95.76666666666667,1.198,1.2575184924952116,0.08934589743711177,705.0479857465835,0.3178938931074168
95.78333333333333,1.198,1.2575155887192893,0.08934013039134364,705.0512418552905,0.3178953612302881
95.8,1.198,1.2575126859008445,0.08933436526827487,705.054496912889,0.3178968288792328
95.81666666666666,1.198,1.2575097840393632,0.08932860206686455,705.0577509199327,0.31789829605450065
95.83333333333333,1.198,1.2575068831343326,0.08932284078607244,705.0610038769751,0.31789976275634113
95.85,1.198,1.2575039831852395,0.08931708142485918,705.0642557845692,0.3179012289850036
95.86666666666666,1.198,1.257501084191572,0.08931132398218605,705.0675066432677,0.31790269474073723
95.88333333333334,1.198,1.2574981861528172,0.08930556845701525,705.0707564536228,0.31790416002379107
95.9,1.198,1.2574952890684639,0.08929981484830962,705.0740052161863,0.3179056248344138
95.91666666666667,1.198,1.2574923929380004,0.0892940631550329,705.0772529315096,0.31790708917285426
95.93333333333334,1.198,1.2574894977609168,0.08928831337614951,705.0804996001438,0.3179085530393606
95.95,1.198,1.257486603536701,0.08928256551062466,705.0837452226393,0.3179100164341813
95.96666666666667,1.198,1.2574837102648442,0.08927681955742439,705.0869897995465,0.3179114793575643
95.98333333333333,1.198,1.2574808179448358,0.0892710755155154,705.0902333314152,0.31791294180975765
96.0,1.198,1.2574779265761664,0.08926533338386525,705.0934758187948,0.317914403791009
96.01666666666667,1.198,1.2574750361583271,0.08925959316144223,705.0967172622344,0.3179158653015659
96.03333333333333,1.198,1.2574721466908092,0.08925385484721536,705.0999576622823,0.31791732634167563
96.05,1.198,1.2574692581731044,0.08924811844015454,705.1031970194871,0.3179187869115855
96.06666666666666,1.198,1.2574663706047047,0.08924238393923029,705.1064353343965,0.3179202470115424
96.08333333333333,1.198,1.2574634839851022,0.08923665134341405,705.1096726075579,0.31792170664179337
96.1,1.198,1.2574605983137908,0.0892309206516779,705.1129088395181,0.31792316580258473
96.11666666666666,1.198,1.2574577135902625,0.08922519186299467,705.1161440308242,0.31792462449416325
96.13333333333334,1.198,1.2574548298140111,0.08921946497633812,705.1193781820223,0.3179260827167751
96.15,1.198,1.257451946984531,0.08921373999068258,705.122611293658,0.3179275404706663
96.16666666666667,1.198,1.2574490651013162,0.08920801690500327,705.1258433662767,0.3179289977560828
96.18333333333334,1.198,1.2574461841638613,0.08920229571827609,705.129074400424,0.3179304545732706
96.2,1.198,1.2574433041716617,0.08919657642947776,705.1323043966439,0.31793191092247497
96.21666666666667,1.198,1.2574404251242124,0.0891908590375857,705.1355333554812,0.3179333668039415
96.23333333333333,1.198,1.2574375470210093,0.08918514354157812,705.1387612774795,0.3179348222179153
96.25,1.198,1.2574346698615486,0.08917942994043401,705.1419881631822,0.31793627716464146
96.26666666666667,1.198,1.257431793645327,0.08917371823313308,705.1452140131325,0.3179377316443649
96.28333333333333,1.198,1.257428918371841,0.08916800841865585,705.1484388278732,0.3179391856573302
96.3,1.198,1.2574260440405878,0.08916230049598349,705.1516626079465,0.31794063920378207
96.31666666666666,1.198,1.257423170651066,0.08915659446409804,705.1548853538942,0.31794209228396453
96.33333333333333,1.198,1.2574202982027725,0.08915089032198223,705.1581070662579,0.317943544898122
96.35,1.198,1.2574174266952063,0.08914518806861954,705.1613277455787,0.3179449970464983
96.36666666666666,1.198,1.2574145561278658,0.08913948770299425,705.1645473923974,0.31794644872933736
96.38333333333334,1.198,1.2574116865002505,0.08913378922409133,705.1677660072543,0.3179478999468828
96.4,1.198,1.2574088178118594,0.08912809263089662,705.1709835906893,0.317949350699378
96.41666666666667,1.198,1.2574059500621928,0.08912239792239651,705.1742001432419,0.31795080098706624
96.43333333333334,1.198,1.2574030832507506,0.08911670509757832,705.1774156654516,0.3179522508101907
96.45,1.198,1.2574002173770333,0.08911101415543005,705.1806301578569,0.3179537001689942
96.46666666666667,1.198,1.2573973524405422,0.08910532509494046,705.1838436209961,0.31795514906371963
96.48333333333333,1.198,1.2573944884407784,0.089099637915099,705.1870560554075,0.3179565974946095
96.5,1.198,1.2573916253772437,0.089093952614896,705.1902674616285,0.3179580454619062
96.51666666666667,1.198,1.25738876324944,0.08908826919332237,705.1934778401964,0.31795949296585185
96.53333333333333,1.198,1.2573859020568698,0.08908258764936992,705.196687191648,0.31796094000668873
96.55,1.198,1.2573830417990357,0.0890769079820311,705.1998955165199,0.3179623865846586
96.56666666666666,1.198,1.257380182475441,0.08907123019029914,705.203102815348,0.3179638327000031
96.58333333333333,1.198,1.2573773240855894,0.08906555427316801,705.2063090886679,0.31796527835296384
96.6,1.198,1.2573744666289843,0.08905988022963243,705.2095143370151,0.31796672354378214
96.61666666666666,1.198,1.2573716101051302,0.08905420805868787,705.2127185609245,0.31796816827269925
96.63333333333334,1.198,1.2573687545135317,0.08904853775933053,705.2159217609305,0.3179696125399561
96.65,1.198,1.257365899853694,0.0890428693305573,705.2191239375671,0.3179710563457934
96.66666666666667,1.198,1.2573630461251217,0.08903720277136591,705.2223250913686,0.31797249969045216
96.68333333333334,1.198,1.257360193327321,0.08903153808075474,705.225525222868,0.31797394257417266
96.7,1.198,1.2573573414597983,0.08902587525772301,705.2287243325981,0.31797538499719513
96.71666666666667,1.198,1.2573544905220593,0.08902021430127058,705.2319224210917,0.3179768269597597
96.73333333333333,1.198,1.2573516405136105,0.0890145552103981,705.2351194888812,0.31797826846210664
96.75,1.198,1.2573487914339598,0.08900889798410691,705.2383155364981,0.3179797095044755
96.76666666666667,1.198,1.2573459432826146,0.08900324262139916,705.2415105644741,0.31798115008710587
96.78333333333333,1.198,1.2573430960590826,0.08899758912127764,705.2447045733401,0.31798259021023734
96.8,1.198,1.2573402497628716,0.08899193748274592,705.2478975636269,0.31798402987410906
96.81666666666666,1.198,1.2573374043934908,0.08898628770480838,705.2510895358647,0.3179854690789602
96.83333333333333,1.198,1.2573345599504488,0.08898063978646999,705.2542804905836,0.3179869078250297
96.85,1.198,1.2573317164332547,0.08897499372673656,705.257470428313,0.31798834611255633
96.86666666666666,1.198,1.2573288738414188,0.0889693495246146,705.2606593495822,0.3179897839417786
96.88333333333334,1.198,1.2573260321744506,0.08896370717911134,705.2638472549197,0.31799122131293506
96.9,1.198,1.25732319143186,0.08895806668923478,705.2670341448543,0.317992658226264
96.91666666666667,1.198,1.2573203516131586,0.08895242805399356,705.2702200199138,0.3179940946820033
96.93333333333334,1.198,1.2573175127178566,0.08894679127239717,705.2734048806259,0.31799553068039094
96.95,1.198,1.2573146747454662,0.08894115634345573,705.2765887275177,0.3179969662216647
96.96666666666667,1.198,1.257311837695499,0.08893552326618012,705.2797715611164,0.3179984013060621
96.98333333333333,1.198,1.2573090015674668,0.088929892039582,705.2829533819481,0.3179998359338206
97.0,1.198,1.2573061663608824,0.08892426266267364,705.2861341905394,0.3180012701051773
97.01666666666667,1.198,1.2573033320752585,0.08891863513446815,705.2893139874158,0.31800270382036944
97.03333333333333,1.198,1.2573004987101084,0.08891300945397931,705.2924927731026,0.3180041370796337
97.05,1.198,1.2572976662649455,0.0889073856202216,705.295670548125,0.318005569883207
97.06666666666666,1.198,1.2572948347392838,0.0889017636322103,705.2988473130075,0.31800700223132566
97.08333333333333,1.198,1.2572920041326374,0.08889614348896133,705.3020230682746,0.3180084341242263
97.1,1.198,1.2572891744445214,0.08889052518949143,705.3051978144497,0.31800986556214494
97.11666666666666,1.198,1.2572863456744505,0.08888490873281797,705.3083715520565,0.3180112965453176
97.13333333333334,1.198,1.2572835178219397,0.08887929411795906,705.3115442816185,0.3180127270739804
97.15,1.198,1.257280690886505,0.08887368134393356,705.314716003658,0.3180141571483687
97.16666666666667,1.198,1.2572778648676624,0.08886807040976104,705.3178867186974,0.3180155867687183
97.18333333333334,1.198,1.2572750397649284,0.08886246131446181,705.321056427259,0.31801701593526444
97.2,1.198,1.2572722155778195,0.0888568540570568,705.3242251298641,0.3180184446482423
97.21666666666667,1.198,1.257269392305853,0.08885124863656779,705.3273928270341,0.3180198729078869
97.23333333333333,1.198,1.257266569948546,0.08884564505201721,705.3305595192901,0.3180213007144332
97.25,1.198,1.2572637485054166,0.0888400433024282,705.3337252071522,0.31802272806811577
97.26666666666667,1.198,1.2572609279759828,0.0888344433868246,705.3368898911407,0.3180241549691692
97.28333333333333,1.198,1.257258108359763,0.08882884530423105,705.3400535717756,0.3180255814178279
97.3,1.198,1.2572552896562763,0.08882324905367281,705.3432162495758,0.3180270074143258
97.31666666666666,1.198,1.257252471865042,0.08881765463417592,705.3463779250609,0.31802843295889727
97.33333333333333,1.198,1.257249654985579,0.08881206204476706,705.3495385987492,0.3180298580517759
97.35,1.198,1.2572468390174074,0.08880647128447372,705.352698271159,0.3180312826931956
97.36666666666666,1.198,1.257244023960048,0.08880088235232403,705.3558569428081,0.3180327068833896
97.38333333333334,1.198,1.2572412098130208,0.08879529524734688,705.3590146142144,0.3180341306225914
97.4,1.198,1.2572383965758467,0.08878970996857177,705.3621712858948,0.31803555391103416
97.41666666666667,1.198,1.2572355842480474,0.088784126515029,705.3653269583662,0.31803697674895104
97.43333333333334,1.198,1.2572327728291441,0.08877854488574961,705.368481632145,0.31803839913657467
97.45,1.198,1.257229962318659,0.08877296507976526,705.3716353077473,0.318039821074138
97.46666666666667,1.198,1.2572271527161143,0.08876738709610836,705.3747879856887,0.3180412425618732
97.48333333333333,1.198,1.2572243440210331,0.08876181093381202,705.3779396664847,0.31804266360001293
97.5,1.198,1.2572215362329375,0.08875623659191006,705.3810903506501,0.31804408418878916
97.51666666666667,1.198,1.2572187293513517,0.08875066406943702,705.3842400386995,0.3180455043284341
97.53333333333333,1.198,1.2572159233757991,0.0887450933654281,705.3873887311473,0.3180469240191795
97.55,1.198,1.2572131183058037,0.08873952447891927,705.3905364285072,0.31804834326125697
97.56666666666666,1.198,1.25721031414089,0.08873395740894713,705.3936831312927,0.3180497620548982
97.58333333333333,1.198,1.2572075108805825,0.08872839215454903,705.3968288400172,0.31805118040033464
97.6,1.198,1.2572047085244065,0.08872282871476304,705.3999735551929,0.3180525982977971
97.61666666666666,1.198,1.2572019070718872,0.08871726708862791,705.4031172773327,0.31805401574751696
97.63333333333334,1.198,1.2571991065225507,0.08871170727518304,705.4062600069484,0.3180554327497249
97.65,1.198,1.2571963068759227,0.08870614927346863,705.4094017445518,0.3180568493046518
97.66666666666667,1.198,1.2571935081315302,0.08870059308252548,705.412542490654,0.3180582654125279
97.68333333333334,1.198,1.2571907102888993,0.08869503870139515,705.4156822457662,0.31805968107358384
97.7,1.198,1.2571879133475574,0.08868948612911992,705.4188210103989,0.31806109628804985
97.71666666666667,1.198,1.2571851173070323,0.08868393536474269,705.4219587850622,0.3180625110561558
97.73333333333333,1.198,1.2571823221668514,0.08867838640730712,705.4250955702661,0.3180639253781317
97.75,1.198,1.2571795279265434,0.08867283925585752,705.4282313665199,0.3180653392542072
97.76666666666667,1.198,1.2571767345856362,0.08866729390943898,705.4313661743328,0.3180667526846118
97.78333333333333,1.198,1.2571739421436587,0.0886617503670972,705.4344999942136,0.3180681656695751
97.8,1.198,1.2571711506001404,0.08865620862787858,705.4376328266709,0.31806957820932613
97.81666666666666,1.198,1.2571683599546106,0.08865066869083028,705.4407646722124,0.3180709903040941
97.83333333333333,1.198,1.2571655702065994,0.08864513055500009,705.443895531346,0.3180724019541078
97.85,1.198,1.2571627813556365,0.08863959421943651,705.4470254045789,0.318073813159596
97.86666666666666,1.198,1.257159993401253,0.08863405968318874,705.4501542924181,0.3180752239207873
97.88333333333334,1.198,1.2571572063429794,0.08862852694530667,705.4532821953702,0.31807663423791016
97.9,1.198,1.2571544201803473,0.08862299600484086,705.4564091139415,0.3180780441111927
97.91666666666667,1.198,1.2571516349128877,0.0886174668608426,705.4595350486378,0.3180794535408632
97.93333333333334,1.198,1.257148850540133,0.08861193951236385,705.4626599999646,0.3180808625271494
97.95,1.198,1.2571460670616148,0.08860641395845724,705.4657839684271,0.3180822710702792
97.96666666666667,1.198,1.2571432844768666,0.08860089019817612,705.4689069545302,0.3180836791704802
97.98333333333333,1.198,1.2571405027854206,0.0885953682305745,705.4720289587782,0.31808508682797976
98.0,1.198,1.25713772198681,0.08858984805470711,705.4751499816753,0.31808649404300526
98.01666666666667,1.198,1.2571349420805689,0.08858432966962934,705.4782700237251,0.3180879008157838
98.03333333333333,1.198,1.2571321630662307,0.08857881307439727,705.4813890854313,0.3180893071465423
98.05,1.198,1.2571293849433298,0.08857329826806769,705.4845071672964,0.31809071303550757
98.06666666666666,1.198,1.257126607711401,0.088567785249698,705.4876242698235,0.3180921184829063
98.08333333333333,1.198,1.257123831369979,0.08856227401834636,705.4907403935147,0.3180935234889649
98.1,1.198,1.257121055918599,0.08855676457307163,705.4938555388719,0.31809492805390976
98.11666666666666,1.198,1.257118281356797,0.0885512569129333,705.496969706397,0.318096332177967
98.13333333333334,1.198,1.2571155076841083,0.0885457510369915,705.5000828965907,0.3180977358613626
98.15,1.198,1.2571127349000693,0.08854024694430715,705.5031951099546,0.3180991391043225
98.16666666666667,1.198,1.2571099630042168,0.08853474463394177,705.5063063469886,0.3181005419070723
98.18333333333334,1.198,1.2571071919960877,0.0885292441049576,705.5094166081932,0.31810194426983757
98.2,1.198,1.2571044218752194,0.08852374535641758,705.5125258940681,0.31810334619284353
98.21666666666667,1.198,1.257101652641149,0.0885182483873852,705.5156342051129,0.3181047476763156
98.23333333333333,1.198,1.2570988842934148,0.08851275319692485,705.5187415418266,0.31810614872047865
98.25,1.198,1.2570961168315549,0.0885072597841014,705.5218479047079,0.3181075493255576
98.26666666666667,1.198,1.257093350255108,0.08850176814798044,705.5249532942553,0.31810894949177726
98.28333333333333,1.198,1.257090584563613,0.08849627828762834,705.5280577109669,0.3181103492193621
98.3,1.198,1.2570878197566089,0.088490790202112,705.5311611553404,0.3181117485085365
98.31666666666666,1.198,1.2570850558336355,0.08848530389049913,705.5342636278731,0.3181131473595248
98.33333333333333,1.198,1.2570822927942327,0.08847981935185803,705.5373651290619,0.31811454577255105
98.35,1.198,1.2570795306379408,0.08847433658525766,705.5404656594037,0.3181159437478393
98.36666666666666,1.198,1.2570767693643004,0.08846885558976772,705.5435652193946,0.3181173412856131
98.38333333333334,1.198,1.2570740089728518,0.08846337636445856,705.5466638095306,0.3181187383860961
98.4,1.198,1.2570712494631366,0.08845789890840115,705.5497614303075,0.31812013504951203
98.41666666666667,1.198,1.2570684908346967,0.08845242322066724,705.5528580822202,0.3181215312760839
98.43333333333334,1.198,1.257065733087074,0.08844694930032915,705.5559537657637,0.31812292706603484
98.45,1.198,1.2570629762198098,0.08844147714645988,705.5590484814328,0.3181243224195881
98.46666666666667,1.198,1.2570602202324477,0.08843600675813318,705.5621422297214,0.31812571733696626
98.48333333333333,1.198,1.25705746512453,0.08843053813442336,705.5652350111235,0.31812711181839204
98.5,1.198,1.2570547108955996,0.0884250712744055,705.5683268261328,0.31812850586408814
98.51666666666667,1.198,1.257051957545201,0.0884196061771553,705.5714176752418,0.31812989947427667
98.53333333333333,1.198,1.257049205072877,0.08841414284174907,705.5745075589442,0.31813129264918
98.55,1.198,1.2570464534781727,0.08840868126726392,705.5775964777317,0.31813268538901995
98.56666666666666,1.198,1.2570437027606316,0.08840322145277749,705.5806844320971,0.31813407769401875
98.58333333333333,1.198,1.2570409529197994,0.08839776339736818,705.5837714225315,0.3181354695643978
98.6,1.198,1.2570382039552206,0.088392307100115,705.5868574495267,0.3181368610003789
98.61666666666666,1.198,1.2570354558664414,0.08838685256009768,705.5899425135738,0.3181382520021833
98.63333333333334,1.198,1.2570327086530069,0.08838139977639653,705.5930266151634,0.31813964257003247
98.65,1.198,1.2570299623144634,0.08837594874809261,705.5961097547859,0.31814103270414734
98.66666666666667,1.198,1.2570272168503578,0.08837049947426757,705.5991919329314,0.3181424224047488
98.68333333333334,1.198,1.2570244722602364,0.08836505195400379,705.6022731500894,0.3181438116720579
98.7,1.198,1.2570217285436462,0.08835960618638426,705.6053534067497,0.31814520050629513
98.71666666666667,1.198,1.2570189857001348,0.08835416217049265,705.6084327034009,0.31814658890768094
98.73333333333333,1.198,1.2570162437292502,0.08834871990541328,705.6115110405317,0.3181479768764357
98.75,1.198,1.2570135026305402,0.08834327939023116,705.6145884186308,0.3181493644127797
98.76666666666667,1.198,1.2570107624035531,0.08833784062403192,705.6176648381856,0.31815075151693273
98.78333333333333,1.198,1.2570080230478382,0.08833240360590186,705.6207402996841,0.31815213818911475
98.8,1.198,1.2570052845629436,0.08832696833492792,705.6238148036136,0.3181535244295456
98.81666666666666,1.198,1.2570025469484194,0.08832153481019776,705.626888350461,0.3181549102384447
98.83333333333333,1.198,1.2569998102038147,0.08831610303079963,705.6299609407129,0.3181562956160316
98.85,1.198,1.2569970743286802,0.08831067299582246,705.6330325748554,0.31815768056252536
98.86666666666666,1.198,1.2569943393225658,0.08830524470435587,705.6361032533746,0.31815906507814506
98.88333333333334,1.198,1.256991605185022,0.08829981815549004,705.6391729767561,0.3181604491631098
98.9,1.198,1.2569888719156,0.0882943933483159,705.6422417454851,0.3181618328176384
98.91666666666667,1.198,1.256986139513851,0.08828897028192499,705.6453095600465,0.31816321604194925
98.93333333333334,1.198,1.2569834079793265,0.08828354895540949,705.6483764209249,0.31816459883626114
98.95,1.198,1.2569806773115786,0.08827812936786228,705.6514423286045,0.31816598120079215
98.96666666666667,1.198,1.2569779475101597,0.08827271151837686,705.6545072835692,0.31816736313576055
98.98333333333333,1.198,1.256975218574622,0.08826729540604734,705.6575712863023,0.31816874464138434
99.0,1.198,1.2569724905045185,0.08826188102996858,705.6606343372872,0.31817012571788134
99.01666666666667,1.198,1.2569697632994021,0.08825646838923602,705.6636964370072,0.31817150636546954
99.03333333333333,1.198,1.256967036958827,0.08825105748294573,705.666757585944,0.31817288658436604
99.05,1.198,1.2569643114823466,0.08824564831019452,705.6698177845803,0.3181742663747887
99.06666666666666,1.198,1.256961586869515,0.08824024087007974,705.672877033398,0.31817564573695445
99.08333333333333,1.198,1.2569588631198867,0.08823483516169947,705.6759353328783,0.31817702467108055
99.1,1.198,1.256956140233017,0.08822943118415238,705.6789926835025,0.31817840317738394
99.11666666666666,1.198,1.2569534182084598,0.08822402893653783,705.6820490857517,0.3181797812560815
99.13333333333334,1.198,1.2569506970457718,0.08821862841795579,705.6851045401062,0.31818115890738974
99.15,1.198,1.256947976744508,0.08821322962750687,705.6881590470459,0.31818253613152514
99.16666666666667,1.198,1.2569452573042246,0.0882078325642924,705.6912126070512,0.31818391292870424
99.18333333333334,1.198,1.2569425387244781,0.08820243722741429,705.694265220601,0.3181852892991431
99.2,1.198,1.256939821004825,0.08819704361597505,705.6973168881748,0.31818666524305766
99.21666666666667,1.198,1.2569371041448225,0.08819165172907793,705.7003676102515,0.3181880407606641
99.23333333333333,1.198,1.2569343881440276,0.08818626156582676,705.7034173873094,0.3181894158521779
99.25,1.198,1.2569316730019984,0.08818087312532603,705.7064662198267,0.31819079051781474
99.26666666666667,1.198,1.2569289587182924,0.0881754864066809,705.7095141082812,0.3181921647577901
99.28333333333333,1.198,1.2569262452924679,0.08817010140899709,705.7125610531505,0.3181935385723193
99.3,1.198,1.2569235327240833,0.08816471813138103,705.7156070549116,0.3181949119616174
99.31666666666666,1.198,1.256920821012698,0.08815933657293978,705.7186521140413,0.3181962849258993
99.33333333333333,1.198,1.256918110157871,0.08815395673278102,705.7216962310165,0.31819765746538015
99.35,1.198,1.2569154001591618,0.08814857861001309,705.7247394063128,0.3181990295802743
99.36666666666666,1.198,1.2569126910161301,0.08814320220374494,705.7277816404064,0.3182004012707965
99.38333333333334,1.198,1.2569099827283359,0.08813782751308616,705.7308229337726,0.3182017725371611
99.4,1.198,1.2569072752953396,0.08813245453714702,705.7338632868867,0.31820314337958233
99.41666666666667,1.198,1.2569045687167024,0.08812708327503836,705.7369027002234,0.31820451379827425
99.43333333333334,1.198,1.256901862991985,0.08812171372587169,705.7399411742572,0.3182058837934508
99.45,1.198,1.2568991581207494,0.08811634588875916,705.742978709462,0.3182072533653257
99.46666666666667,1.198,1.256896454102556,0.08811097976281355,705.7460153063125,0.31820862251411286
99.48333333333333,1.198,1.256893750936968,0.08810561534714828,705.7490509652813,0.31820999124002547
99.5,1.198,1.2568910486235472,0.08810025264087737,705.752085686842,0.31821135954327706
99.51666666666667,1.198,1.2568883471618562,0.08809489164311551,705.7551194714674,0.3182127274240808
99.53333333333333,1.198,1.256885646551458,0.088089532352978,705.7581523196301,0.3182140948826498
99.55,1.198,1.2568829467919158,0.08808417476958078,705.7611842318018,0.3182154619191967
99.56666666666666,1.198,1.2568802478827932,0.08807881889204042,705.7642152084551,0.3182168285339345
99.58333333333333,1.198,1.2568775498236542,0.08807346471947411,705.767245250061,0.3182181947270758
99.6,1.198,1.2568748526140625,0.08806811225099967,705.7702743570908,0.31821956049883293
99.61666666666666,1.198,1.256872156253583,0.08806276148573555,705.7733025300155,0.31822092584941825
99.63333333333334,1.198,1.2568694607417803,0.08805741242280088,705.7763297693056,0.31822229077904396
99.65,1.198,1.2568667660782193,0.08805206506131534,705.7793560754313,0.3182236552879221
99.66666666666667,1.198,1.2568640722624658,0.08804671940039928,705.7823814488623,0.31822501937626435
99.68333333333334,1.198,1.256861379294085,0.08804137543917363,705.7854058900687,0.31822638304428263
99.7,1.198,1.2568586871726437,0.08803603317676005,705.7884293995189,0.3182277462921884
99.71666666666667,1.198,1.2568559958977072,0.08803069261228072,705.7914519776826,0.31822910912019314
99.73333333333333,1.198,1.256853305468843,0.08802535374485845,705.794473625028,0.3182304715285081
99.75,1.198,1.2568506158856174,0.08802001657361677,705.7974943420235,0.3182318335173444
99.76666666666667,1.198,1.2568479271475979,0.08801468109767974,705.8005141291368,0.31823319508691306
99.78333333333333,1.198,1.256845239254352,0.08800934731617208,705.8035329868358,0.31823455623742486
99.8,1.198,1.2568425522054478,0.08800401522821913,705.8065509155875,0.31823591696909054
99.81666666666666,1.198,1.2568398660004527,0.08799868483294682,705.8095679158591,0.31823727728212065
99.83333333333333,1.198,1.256837180638936,0.08799335612948178,705.8125839881171,0.31823863717672546
99.85,1.198,1.256834496120466,0.08798802911695117,705.8155991328279,0.3182399966531154
99.86666666666666,1.198,1.2568318124446116,0.08798270379448281,705.8186133504574,0.31824135571150053
99.88333333333334,1.198,1.2568291296109428,0.08797738016120515,705.8216266414715,0.3182427143520908
99.9,1.198,1.2568264476190283,0.08797205821624729,705.8246390063352,0.318244072575096
99.91666666666667,1.198,1.256823766468439,0.08796673795873884,705.8276504455138,0.3182454303807257
99.93333333333334,1.198,1.2568210861587448,0.08796141938781014,705.8306609594716,0.31824678776918963
99.95,1.198,1.2568184066895163,0.08795610250259212,705.8336705486734,0.318248144740697
99.96666666666667,1.198,1.2568157280603243,0.0879507873022163,705.8366792135829,0.3182495012954571
99.98333333333333,1.198,1.2568130502707398,0.0879454737858148,705.8396869546642,0.3182508574336791
100.0,1.198,1.2568103733203346,0.0879401619525204,705.8426937723805,0.3182522131555718
100.01666666666667,1.198,1.2568076972086806,0.0879348518014665,705.8456996671948,0.318253568461344
100.03333333333333,1.198,1.2568050219353495,0.08792954333178708,705.84870463957,0.3182549233512045
100.05,1.198,1.2568023474999137,0.08792423654261673,705.8517086899685,0.3182562778253617
100.06666666666666,1.198,1.2567996739019462,0.08791893143309072,705.8547118188524,0.31825763188402395
100.08333333333333,1.198,1.2567970011410199,0.08791362800234485,705.8577140266835,0.3182589855273995
100.1,1.198,1.2567943292167076,0.08790832624951558,705.8607153139236,0.31826033875569654
100.11666666666666,1.198,1.2567916581285838,0.08790302617373999,705.8637156810335,0.3182616915691228
100.13333333333334,1.198,1.2567889878762217,0.08789772777415569,705.8667151284739,0.31826304396788613
100.15,1.198,1.2567863184591954,0.08789243104990105,705.8697136567058,0.3182643959521943
100.16666666666667,1.198,1.2567836498770797,0.08788713600011488,705.8727112661888,0.3182657475222546
100.18333333333334,1.198,1.2567809821294496,0.08788184262393672,705.8757079573836,0.31826709867827463
100.2,1.198,1.2567783152158796,0.08787655092050672,705.8787037307493,0.3182684494204614
100.21666666666667,1.198,1.2567756491359459,0.08787126088896555,705.8816985867448,0.318269799749022
100.23333333333333,1.198,1.2567729838892228,0.08786597252845454,705.8846925258298,0.3182711496641635
100.25,1.198,1.2567703194752877,0.08786068583811568,705.8876855484623,0.31827249916609246
100.26666666666667,1.198,1.2567676558937162,0.08785540081709148,705.890677655101,0.31827384825501576
100.28333333333333,1.198,1.2567649931440847,0.08785011746452508,705.8936688462038,0.31827519693113987
100.3,1.198,1.2567623312259708,0.08784483577956025,705.8966591222281,0.31827654519467097
100.31666666666666,1.198,1.256759670138951,0.08783955576134134,705.8996484836315,0.3182778930458153
100.33333333333333,1.198,1.2567570098826029,0.08783427740901331,705.902636930871,0.31827924048477907
100.35,1.198,1.2567543504565044,0.08782900072172178,705.9056244644034,0.31828058751176813
100.36666666666666,1.198,1.2567516918602335,0.08782372569861291,705.9086110846849,0.3182819341269883
100.38333333333334,1.198,1.2567490340933685,0.08781845233883345,705.9115967921718,0.3182832803306452
100.4,1.198,1.2567463771554879,0.08781318064153085,705.9145815873198,0.3182846261229443
100.41666666666667,1.198,1.256743721046171,0.08780791060585301,705.9175654705845,0.318285971504091
100.43333333333334,1.198,1.256741065764997,0.08780264223094854,705.9205484424205,0.3182873164742904
100.45,1.198,1.2567384113115447,0.08779737551596666,705.9235305032832,0.3182886610337478
100.46666666666667,1.198,1.256735757685395,0.08779211046005714,705.926511653627,0.31829000518266803
100.48333333333333,1.198,1.2567331048861274,0.08778684706237036,705.9294918939062,0.3182913489212559
100.5,1.198,1.2567304529133225,0.08778158532205732,705.9324712245743,0.3182926922497159
100.51666666666667,1.198,1.2567278017665606,0.0877763252382696,705.9354496460854,0.31829403516825283
100.53333333333333,1.198,1.2567251514454232,0.08777106681015939,705.9384271588924,0.31829537767707083
100.55,1.198,1.2567225019494914,0.08776581003687947,705.9414037634484,0.3182967197763743
100.56666666666666,1.198,1.256719853278347,0.08776055491758321,705.9443794602058,0.3182980614663671
100.58333333333333,1.198,1.2567172054315714,0.0877553014514246,705.9473542496174,0.3182994027472534
100.6,1.198,1.2567145584087474,0.08775004963755823,705.9503281321348,0.3183007436192369
100.61666666666666,1.198,1.2567119122094568,0.08774479947513927,705.95330110821,0.3183020840825213
100.63333333333334,1.198,1.256709266833283,0.08773955096332345,705.9562731782943,0.31830342413731016
100.65,1.198,1.2567066222798084,0.08773430410126715,705.9592443428388,0.3183047637838069
100.66666666666667,1.198,1.2567039785486167,0.08772905888812733,705.962214602294,0.3183061030222145
100.68333333333334,1.198,1.2567013356392918,0.08772381532306153,705.9651839571108,0.3183074418527364
100.7,1.198,1.2566986935514168,0.0877185734052279,705.9681524077391,0.3183087802755755
100.71666666666667,1.198,1.256696052284577,0.08771333313378515,705.9711199546289,0.3183101182909345
100.73333333333333,1.198,1.256693411838356,0.08770809450789266,705.9740865982295,0.31831145589901616
100.75,1.198,1.2566907722123386,0.08770285752671025,705.9770523389906,0.3183127931000231
100.76666666666667,1.198,1.2566881334061106,0.08769762218939853,705.9800171773605,0.3183141298941575
100.78333333333333,1.198,1.2566854954192566,0.08769238849511855,705.9829811137884,0.31831546628162194
100.8,1.198,1.2566828582513627,0.08768715644303199,705.9859441487222,0.3183168022626184
100.81666666666666,1.198,1.256680221902015,0.08768192603230118,705.9889062826101,0.3183181378373488
100.83333333333333,1.198,1.2566775863707993,0.08767669726208893,705.9918675158996,0.31831947300601515
100.85,1.198,1.2566749516573021,0.08767147013155872,705.9948278490384,0.3183208077688191
100.86666666666666,1.198,1.256672317761111,0.0876662446398746,705.9977872824733,0.31832214212596216
100.88333333333334,1.198,1.256669684681812,0.08766102078620121,706.0007458166511,0.31832347607764594
100.9,1.198,1.2566670524189936,0.08765579856970371,706.0037034520184,0.3183248096240715
100.91666666666667,1.198,1.2566644209722424,0.08765057798954799,706.0066601890212,0.31832614276544025
100.93333333333334,1.198,1.256661790341147,0.08764535904490037,706.0096160281055,0.31832747550195306
100.95,1.198,1.2566591605252952,0.08764014173492785,706.0125709697169,0.31832880783381096
100.96666666666667,1.198,1.2566565315242764,0.087634926058798,706.0155250143001,0.31833013976121444
100.98333333333333,1.198,1.2566539033376785,0.08762971201567896,706.0184781623008,0.3183314712843644
101.0,1.198,1.2566512759650912,0.08762449960473945,706.0214304141631,0.3183328024034611
101.01666666666667,1.198,1.2566486494061033,0.08761928882514877,706.0243817703316,0.31833413311870506
101.03333333333333,1.198,1.2566460236603052,0.08761407967607684,706.02733223125,0.31833546343029634
101.05,1.198,1.2566433987272865,0.08760887215669413,706.0302817973626,0.3183367933384351
101.06666666666666,1.198,1.2566407746066373,0.08760366626617168,706.0332304691123,0.31833812284332125
101.08333333333333,1.198,1.2566381512979483,0.08759846200368114,706.0361782469423,0.31833945194515456
101.1,1.198,1.2566355288008106,0.08759325936839474,706.0391251312954,0.3183407806441345
101.11666666666666,1.198,1.2566329071148148,0.08758805835948527,706.0420711226143,0.31834210894046105
101.13333333333334,1.198,1.2566302862395526,0.0875828589761261,706.045016221341,0.31834343683433314
101.15,1.198,1.2566276661746156,0.08757766121749119,706.0479604279174,0.31834476432595016
101.16666666666667,1.198,1.2566250469195956,0.0875724650827551,706.0509037427852,0.31834609141551123
101.18333333333334,1.198,1.2566224284740852,0.0875672705710929,706.0538461663857,0.31834741810321543
101.2,1.198,1.2566198108376767,0.08756207768168034,706.0567876991597,0.3183487443892614
101.21666666666667,1.198,1.256617194009963,0.08755688641369365,706.059728341548,0.3183500702738479
101.23333333333333,1.198,1.256614577990537,0.08755169676630967,706.0626680939912,0.31835139575717364
101.25,1.198,1.2566119627789922,0.08754650873870588,706.065606956929,0.3183527208394368
101.26666666666667,1.198,1.2566093483749226,0.08754132233006019,706.0685449308014,0.31835404552083585
101.28333333333333,1.198,1.2566067347779213,0.08753613753955124,706.0714820160481,0.318355369801569
101.3,1.198,1.256604121987583,0.08753095436635815,706.074418213108,0.3183566936818341
101.31666666666666,1.198,1.2566015100035026,0.08752577280966065,706.0773535224198,0.31835801716182904
101.33333333333333,1.198,1.256598898825274,0.08752059286863903,706.0802879444223,0.3183593402417516
101.35,1.198,1.2565962884524933,0.08751541454247413,706.0832214795539,0.31836066292179954
101.36666666666666,1.198,1.2565936788847551,0.08751023783034745,706.0861541282525,0.31836198520217013
101.38333333333334,1.198,1.2565910701216552,0.08750506273144093,706.0890858909559,0.318363307083061
101.4,1.198,1.2565884621627894,0.0874998892449372,706.0920167681012,0.31836462856466896
101.41666666666667,1.198,1.2565858550077542,0.0874947173700194,706.0949467601257,0.3183659496471914
101.43333333333334,1.198,1.256583248656146,0.08748954710587128,706.0978758674661,0.3183672703308251
101.45,1.198,1.2565806431075608,0.08748437845167711,706.100804090559,0.31836859061576706
101.46666666666667,1.198,1.2565780383615968,0.08747921140662174,706.1037314298405,0.3183699105022137
101.48333333333333,1.198,1.2565754344178508,0.0874740459698906,706.1066578857465,0.31837122999036166
101.5,1.198,1.25657283127592,0.0874688821406697,706.1095834587127,0.3183725490804075
101.51666666666667,1.198,1.2565702289354026,0.08746371991814561,706.1125081491745,0.31837386777254734
101.53333333333333,1.198,1.2565676273958966,0.08745855930150548,706.1154319575666,0.3183751860669773
101.55,1.198,1.2565650266570008,0.08745340028993699,706.1183548843238,0.3183765039638934
101.56666666666666,1.198,1.2565624267183135,0.08744824288262842,706.1212769298805,0.3183778214634915
101.58333333333333,1.198,1.2565598275794339,0.0874430870787686,706.1241980946711,0.31837913856596745
101.6,1.198,1.256557229239961,0.08743793287754695,706.1271183791292,0.3183804552715168
101.61666666666666,1.198,1.2565546316994944,0.0874327802781534,706.1300377836884,0.3183817715803349
101.63333333333334,1.198,1.256552034957634,0.0874276292797785,706.1329563087819,0.31838308749261734
101.65,1.198,1.25654943901398,0.08742247988161334,706.1358739548426,0.3183844030085591
101.66666666666667,1.198,1.2565468438681326,0.0874173320828496,706.138790722303,0.3183857181283552
101.68333333333334,1.198,1.2565442495196921,0.08741218588267943,706.1417066115959,0.31838703285220077
101.7,1.198,1.25654165596826,0.08740704128029568,706.144621623153,0.31838834718029063
101.71666666666667,1.198,1.2565390632134372,0.0874018982748917,706.1475357574061,0.31838966111281936
101.73333333333333,1.198,1.256536471254825,0.08739675686566134,706.1504490147867,0.31839097464998145
101.75,1.198,1.2565338800920256,0.08739161705179908,706.1533613957259,0.3183922877919714
101.76666666666667,1.198,1.2565312897246403,0.08738647883249998,706.1562729006548,0.3183936005389834
101.78333333333333,1.198,1.2565287001522722,0.08738134220695959,706.1591835300039,0.31839491289121175
101.8,1.198,1.2565261113745234,0.08737620717437405,706.1620932842035,0.3183962248488504
101.81666666666666,1.198,1.2565235233909966,0.08737107373394011,706.1650021636834,0.31839753641209306
101.83333333333333,1.198,1.2565209362012952,0.087365941884855,706.1679101688736,0.31839884758113374
101.85,1.198,1.256518349805022,0.08736081162631652,706.1708173002035,0.3184001583561659
101.86666666666666,1.198,1.2565157642017817,0.08735568295752309,706.173723558102,0.3184014687373831
101.88333333333334,1.198,1.2565131793911775,0.08735055587767362,706.176628942998,0.31840277872497863
101.9,1.198,1.2565105953728135,0.08734543038596762,706.1795334553204,0.31840408831914585
101.91666666666667,1.198,1.2565080121462946,0.08734030648160512,706.1824370954969,0.3184053975200776
101.93333333333334,1.198,1.2565054297112255,0.08733518416378672,706.1853398639558,0.31840670632796714
101.95,1.198,1.2565028480672107,0.08733006343171357,706.1882417611249,0.3184080147430071
101.96666666666667,1.198,1.2565002672138557,0.08732494428458744,706.1911427874314,0.3184093227653903
101.98333333333333,1.198,1.2564976871507667,0.08731982672161051,706.1940429433023,0.31841063039530915
102.0,1.198,1.2564951078775488,0.08731471074198568,706.1969422291645,0.3184119376329562
102.01666666666667,1.198,1.2564925293938083,0.08730959634491628,706.1998406454445,0.3184132444785238
102.03333333333333,1.198,1.2564899516991517,0.08730448352960624,706.2027381925686,0.3184145509322041
102.05,1.198,1.2564873747931855,0.08729937229526002,706.2056348709629,0.3184158569941891
102.06666666666666,1.198,1.2564847986755163,0.08729426264108268,706.2085306810526,0.3184171626646708
102.08333333333333,1.198,1.2564822233457522,0.0872891545662798,706.2114256232634,0.3184184679438409
102.1,1.198,1.2564796488035,0.08728404807005748,706.2143196980203,0.31841977283189105
102.11666666666666,1.198,1.2564770750483674,0.08727894315162242,706.217212905748,0.3184210773290129
102.13333333333334,1.198,1.2564745020799624,0.08727383981018187,706.2201052468713,0.3184223814353978
102.15,1.198,1.2564719298978935,0.08726873804494358,706.222996721814,0.31842368515123687
102.16666666666667,1.198,1.256469358501769,0.08726363785511589,706.2258873310001,0.3184249884767214
102.18333333333334,1.198,1.256466787891198,0.08725853923990765,706.2287770748535,0.31842629141204243
102.2,1.198,1.2564642180657892,0.08725344219852832,706.2316659537975,0.3184275939573908
102.21666666666667,1.198,1.2564616490251523,0.08724834673018783,706.234553968255,0.31842889611295727
102.23333333333333,1.198,1.2564590807688965,0.08724325283409676,706.2374411186489,0.3184301978789324
102.25,1.198,1.2564565132966319,0.08723816050946609,706.2403274054017,0.31843149925550684
102.26666666666667,1.198,1.2564539466079687,0.08723306975550754,706.2432128289354,0.3184328002428707
102.28333333333333,1.198,1.2564513807025173,0.08722798057143316,706.2460973896722,0.3184341008412145
102.3,1.198,1.2564488155798883,0.08722289295645572,706.2489810880335,0.31843540105072804
102.31666666666666,1.198,1.2564462512396926,0.08721780690978842,706.251863924441,0.31843670087160164
102.33333333333333,1.198,1.2564436876815417,0.08721272243064507,706.2547458993153,0.3184380003040249
102.35,1.198,1.2564411249050464,0.08720763951823998,706.2576270130776,0.31843929934818777
102.36666666666666,1.198,1.2564385629098194,0.08720255817178803,706.2605072661481,0.3184405980042796
102.38333333333334,1.198,1.2564360016954719,0.08719747839050468,706.2633866589472,0.31844189627249
102.4,1.198,1.2564334412616165,0.08719240017360583,706.2662651918948,0.3184431941530082
102.41666666666667,1.198,1.2564308816078658,0.08718732352030803,706.2691428654106,0.3184444916460236
102.43333333333334,1.198,1.2564283227338324,0.08718224842982825,706.2720196799138,0.3184457887517252
102.45,1.198,1.2564257646391297,0.08717717490138413,706.2748956358236,0.31844708547030187
102.46666666666667,1.198,1.256423207323371,0.08717210293419381,706.2777707335587,0.3184483818019424
102.48333333333333,1.198,1.2564206507861693,0.08716703252747587,706.2806449735378,0.3184496777468358
102.5,1.198,1.2564180950271393,0.0871619636804496,706.2835183561789,0.3184509733051703
102.51666666666667,1.198,1.2564155400458943,0.0871568963923347,706.2863908819003,0.3184522684771346
102.53333333333333,1.198,1.2564129858420492,0.08715183066235144,706.2892625511195,0.31845356326291696
102.55,1.198,1.2564104324152188,0.08714676648972064,706.2921333642536,0.31845485766270537
102.56666666666666,1.198,1.2564078797650178,0.08714170387366363,706.2950033217201,0.3184561516766881
102.58333333333333,1.198,1.2564053278910612,0.08713664281340233,706.2978724239357,0.31845744530505316
102.6,1.198,1.2564027767929646,0.08713158330815918,706.3007406713169,0.3184587385479882
102.61666666666666,1.198,1.256400226470344,0.08712652535715709,706.3036080642801,0.3184600314056809
102.63333333333334,1.198,1.2563976769228151,0.08712146895961959,706.3064746032412,0.31846132387831894
102.65,1.198,1.256395128149994,0.08711641411477071,706.3093402886159,0.3184626159660897
102.66666666666667,1.198,1.2563925801514977,0.08711136082183499,706.3122051208195,0.3184639076691804
102.68333333333334,1.198,1.2563900329269422,0.08710630908003757,706.3150691002675,0.3184651989877785
102.7,1.198,1.2563874864759452,0.08710125888860404,706.3179322273743,0.31846648992207066
102.71666666666667,1.198,1.2563849407981236,0.08709621024676059,706.3207945025549,0.31846778047224417
102.73333333333333,1.198,1.256382395893095,0.08709116315373391,706.3236559262235,0.3184690706384856
102.75,1.198,1.2563798517604772,0.08708611760875128,706.3265164987941,0.31847036042098187
102.76666666666667,1.198,1.2563773083998886,0.08708107361104037,706.3293762206804,0.3184716498199192
102.78333333333333,1.198,1.2563747658109474,0.08707603115982954,706.3322350922958,0.3184729388354843
102.8,1.198,1.2563722239932715,0.08707099025434759,706.3350931140538,0.31847422746786336
102.81666666666666,1.198,1.2563696829464808,0.08706595089382387,706.3379502863671,0.31847551571724253
102.83333333333333,1.198,1.2563671426701937,0.08706091307748826,706.3408066096484,0.318476803583808
102.85,1.198,1.2563646031640296,0.08705587680457122,706.34366208431,0.31847809106774555
102.86666666666666,1.198,1.2563620644276088,0.08705084207430364,706.346516710764,0.318479378169241
102.88333333333334,1.198,1.2563595264605503,0.08704580888591701,706.3493704894225,0.31848066488848015
102.9,1.198,1.2563569892624749,0.08704077723864331,706.3522234206966,0.31848195122564843
102.91666666666667,1.198,1.2563544528330024,0.08703574713171511,706.3550755049979,0.3184832371809314
102.93333333333334,1.198,1.256351917171754,0.08703071856436542,706.357926742737,0.31848452275451417
102.95,1.198,1.2563493822783507,0.08702569153582784,706.3607771343251,0.3184858079465821
102.96666666666667,1.198,1.256346848152413,0.08702066604533644,706.3636266801723,0.31848709275732023
102.98333333333333,1.198,1.2563443147935627,0.08701564209212592,706.3664753806888,0.3184883771869134
103.0,1.198,1.256341782201422,0.08701061967543136,706.3693232362846,0.31848966123554645
103.01666666666667,1.198,1.256339250375612,0.08700559879448849,706.3721702473694,0.3184909449034042
103.03333333333333,1.198,1.2563367193157553,0.08700057944853348,706.375016414352,0.3184922281906709
103.05,1.198,1.2563341890214745,0.08699556163680311,706.377861737642,0.31849351109753127
103.06666666666666,1.198,1.2563316594923923,0.0869905453585346,706.380706217648,0.31849479362416955
103.08333333333333,1.198,1.2563291307281312,0.08698553061296571,706.3835498547787,0.31849607577077
103.1,1.198,1.2563266027283149,0.08698051739933477,706.3863926494421,0.3184973575375165
103.11666666666666,1.198,1.256324075492567,0.08697550571688058,706.389234602046,0.3184986389245931
103.13333333333334,1.198,1.256321549020511,0.08697049556484246,706.3920757129986,0.3184999199321837
103.15,1.198,1.256319023311771,0.08696548694246031,706.3949159827071,0.31850120056047193
103.16666666666667,1.198,1.2563164983659711,0.08696047984897448,706.3977554115784,0.3185024808096413
103.18333333333334,1.198,1.2563139741827358,0.08695547428362593,706.4005940000196,0.3185037606798753
103.2,1.198,1.2563114507616904,0.086950470245656,706.4034317484372,0.3185050401713572
103.21666666666667,1.198,1.256308928102459,0.08694546773430668,706.4062686572378,0.3185063192842704
103.23333333333333,1.198,1.2563064062046678,0.08694046674882043,706.4091047268271,0.31850759801879786
103.25,1.198,1.2563038850679416,0.08693546728844022,706.4119399576113,0.31850887637512265
103.26666666666667,1.198,1.256301364691907,0.08693046935240954,706.4147743499954,0.31851015435342733
103.28333333333333,1.198,1.2562988450761892,0.08692547293997242,706.4176079043849,0.31851143195389486
103.3,1.198,1.256296326220415,0.08692047805037338,706.4204406211849,0.3185127091767078
103.31666666666666,1.198,1.2562938081242108,0.08691548468285747,706.4232725007998,0.3185139860220486
103.33333333333333,1.198,1.2562912907872033,0.08691049283667027,706.4261035436344,0.3185152624900996
103.35,1.198,1.2562887742090196,0.08690550251105783,706.4289337500926,0.31851653858104306
103.36666666666666,1.198,1.2562862583892875,0.08690051370526677,706.4317631205785,0.31851781429506104
103.38333333333334,1.198,1.256283743327634,0.08689552641854419,706.4345916554953,0.3185190896323355
103.4,1.198,1.2562812290236864,0.08689054065013768,706.4374193552469,0.3185203645930485
103.41666666666667,1.198,1.2562787154770743,0.08688555639929545,706.4402462202361,0.3185216391773815
103.43333333333334,1.198,1.2562762026874248,0.08688057366526608,706.4430722508657,0.31852291338551636
103.45,1.198,1.2562736906543666,0.08687559244729878,706.4458974475383,0.3185241872176345
103.46666666666667,1.198,1.256271179377529,0.0868706127446432,706.4487218106561,0.31852546067391724
103.48333333333333,1.198,1.2562686688565405,0.08686563455654954,706.4515453406214,0.3185267337545459
103.5,1.198,1.256266159091031,0.0868606578822685,706.4543680378355,0.3185280064597016
103.51666666666667,1.198,1.2562636500806297,0.08685568272105129,706.4571899027002,0.31852927878956533
103.53333333333333,1.198,1.2562611418249665,0.08685070907214963,706.4600109356167,0.31853055074431813
103.55,1.198,1.2562586343236715,0.08684573693481575,706.4628311369856,0.31853182232414057
103.56666666666666,1.198,1.2562561275763753,0.0868407663083024,706.4656505072079,0.31853309352921344
103.58333333333333,1.198,1.2562536215827078,0.08683579719186282,706.468469046684,0.3185343643597172
103.6,1.198,1.2562511163423005,0.0868308295847508,706.4712867558138,0.3185356348158323
103.61666666666666,1.198,1.256248611854784,0.0868258634862206,706.4741036349975,0.3185369048977391
103.63333333333334,1.198,1.25624610811979,0.08682089889552694,706.4769196846344,0.3185381746056176
103.65,1.198,1.2562436051369494,0.08681593581192516,706.4797349051241,0.3185394439396481
103.66666666666667,1.198,1.2562411029058953,0.08681097423467105,706.4825492968655,0.31854071290001035
103.68333333333334,1.198,1.2562386014262583,0.08680601416302089,706.4853628602574,0.31854198148688423
103.7,1.198,1.256236100697672,0.08680105559623151,706.4881755956984,0.3185432497004494
103.71666666666667,1.198,1.256233600719768,0.08679609853356018,706.4909875035869,0.31854451754088553
103.73333333333333,1.198,1.2562311014921796,0.08679114297426474,706.4937985843206,0.3185457850083719
103.75,1.198,1.25622860301454,0.08678618891760354,706.4966088382976,0.31854705210308804
103.76666666666667,1.198,1.2562261052864818,0.08678123636283538,706.4994182659152,0.31854831882521306
103.78333333333333,1.198,1.2562236083076395,0.08677628530921958,706.5022268675705,0.31854958517492604
103.8,1.198,1.2562211120776463,0.086771335756016,706.5050346436606,0.318550851152406
103.81666666666666,1.198,1.256218616596136,0.08676638770248496,706.5078415945824,0.31855211675783196
103.83333333333333,1.198,1.2562161218627437,0.08676144114788734,706.5106477207318,0.31855338199138233
103.85,1.198,1.2562136278771034,0.08675649609148442,706.5134530225055,0.31855464685323603
103.86666666666666,1.198,1.2562111346388505,0.08675155253253806,706.516257500299,0.3185559113435713
103.88333333333334,1.198,1.2562086421476188,0.08674661047031063,706.5190611545083,0.31855717546256684
103.9,1.198,1.256206150403045,0.08674166990406496,706.5218639855284,0.3185584392104006
103.91666666666667,1.198,1.2562036594047639,0.0867367308330644,706.5246659937548,0.31855970258725097
103.93333333333334,1.198,1.256201169152411,0.08673179325657279,706.527467179582,0.3185609655932959
103.95,1.198,1.256198679645623,0.0867268571738545,706.5302675434049,0.3185622282287133
103.96666666666667,1.198,1.2561961908840358,0.08672192258417438,706.5330670856175,0.3185634904936809
103.98333333333333,1.198,1.256193702867286,0.08671698948679774,706.5358658066141,0.31856475238837645
104.0,1.198,1.2561912155950106,0.08671205788099048,706.5386637067884,0.3185660139129775
104.01666666666667,1.198,1.256188729066846,0.08670712776601888,706.541460786534,0.3185672750676614
104.03333333333333,1.198,1.25618624328243,0.08670219914114984,706.5442570462442,0.3185685358526057
104.05,1.198,1.2561837582413995,0.08669727200565067,706.547052486312,0.31856979626798754
104.06666666666666,1.198,1.2561812739433929,0.08669234635878917,706.5498471071302,0.3185710563139838
104.08333333333333,1.198,1.256178790388048,0.08668742219983375,706.5526409090911,0.31857231599077157
104.1,1.198,1.2561763075750028,0.08668249952805318,706.5554338925871,0.31857357529852776
104.11666666666666,1.198,1.256173825503896,0.0866775783427168,706.5582260580103,0.3185748342374291
104.13333333333334,1.198,1.256171344174366,0.08667265864309442,706.5610174057522,0.31857609280765214
104.15,1.198,1.2561688635860517,0.0866677404284564,706.5638079362044,0.3185773510093735
104.16666666666667,1.198,1.2561663837385928,0.08666282369807349,706.566597649758,0.31857860884276945
104.18333333333334,1.198,1.2561639046316286,0.08665790845121699,706.5693865468041,0.3185798663080164
104.2,1.198,1.2561614262647987,0.08665299468715873,706.572174627733,0.31858112340529016
104.21666666666667,1.198,1.2561589486377425,0.086648082405171,706.5749618929358,0.31858238013476725
104.23333333333333,1.198,1.256156471750101,0.08664317160452652,706.577748342802,0.3185836364966232
104.25,1.198,1.2561539956015142,0.08663826228449861,706.5805339777219,0.318584892491034
104.26666666666667,1.198,1.2561515201916227,0.08663335444436103,706.5833187980851,0.31858614811817537
104.28333333333333,1.198,1.2561490455200677,0.08662844808338806,706.5861028042808,0.3185874033782227
104.3,1.198,1.25614657158649,0.08662354320085436,706.5888859966983,0.31858865827135163
104.31666666666666,1.198,1.2561440983905308,0.08661863979603524,706.5916683757265,0.31858991279773746
104.33333333333333,1.198,1.256141625931832,0.08661373786820645,706.5944499417541,0.3185911669575554
104.35,1.198,1.2561391542100357,0.08660883741664413,706.5972306951692,0.31859242075098043
104.36666666666666,1.198,1.2561366832247836,0.08660393844062504,706.6000106363599,0.31859367417818774
104.38333333333334,1.198,1.2561342129757185,0.08659904093942634,706.6027897657143,0.318594927239352
104.4,1.198,1.2561317434624821,0.08659414491232575,706.60556808362,0.31859617993464817
104.41666666666667,1.198,1.2561292746847177,0.0865892503586014,706.6083455904642,0.31859743226425086
104.43333333333334,1.198,1.2561268066420688,0.08658435727753198,706.6111222866341,0.3185986842283345
104.45,1.198,1.2561243393341779,0.08657946566839661,706.6138981725163,0.3185999358270736
104.46666666666667,1.198,1.256121872760689,0.08657457553047493,706.6166732484977,0.3186011870606424
104.48333333333333,1.198,1.2561194069212456,0.08656968686304706,706.6194475149645,0.3186024379292151
104.5,1.198,1.2561169418154918,0.08656479966539361,706.6222209723026,0.3186036884329657
104.51666666666667,1.198,1.2561144774430721,0.08655991393679567,706.624993620898,0.31860493857206834
104.53333333333333,1.198,1.2561120138036308,0.0865550296765348,706.6277654611362,0.3186061883466968
104.55,1.198,1.2561095508968125,0.08655014688389306,706.6305364934024,0.31860743775702466
104.56666666666666,1.198,1.2561070887222625,0.08654526555815302,706.6333067180816,0.31860868680322557
104.58333333333333,1.198,1.2561046272796255,0.08654038569859769,706.6360761355588,0.3186099354854731
104.6,1.198,1.2561021665685472,0.0865355073045106,706.6388447462185,0.31861118380394066
104.61666666666666,1.198,1.2560997065886732,0.08653063037517567,706.6416125504452,0.31861243175880155
104.63333333333334,1.198,1.2560972473396497,0.08652575490987743,706.6443795486225,0.3186136793502288
104.65,1.198,1.2560947888211222,0.08652088090790086,706.6471457411344,0.31861492657839546
104.66666666666667,1.198,1.2560923310327377,0.08651600836853138,706.6499111283644,0.31861617344347454
104.68333333333334,1.198,1.2560898739741426,0.08651113729105489,706.6526757106956,0.3186174199456387
104.7,1.198,1.2560874176449834,0.0865062676747578,706.6554394885114,0.3186186660850609
104.71666666666667,1.198,1.256084962044908,0.08650139951892702,706.6582024621944,0.3186199118619135
104.73333333333333,1.198,1.256082507173563,0.08649653282284989,706.6609646321269,0.318621157276369
104.75,1.198,1.2560800530305962,0.08649166758581424,706.6637259986915,0.3186224023285999
104.76666666666667,1.198,1.2560775996156557,0.08648680380710841,706.66648656227,0.31862364701877827
104.78333333333333,1.198,1.2560751469283888,0.0864819414860212,706.6692463232444,0.31862489134707633
104.8,1.198,1.2560726949684444,0.0864770806218419,706.6720052819958,0.31862613531366607
104.81666666666666,1.198,1.2560702437354707,0.08647222121386022,706.674763438906,0.3186273789187195
104.83333333333333,1.198,1.2560677932291164,0.08646736326136645,706.6775207943557,0.31862862216240834
104.85,1.198,1.2560653434490308,0.08646250676365125,706.6802773487254,0.3186298650449041
104.86666666666666,1.198,1.2560628943948626,0.08645765172000583,706.6830331023963,0.31863110756637864
104.88333333333334,1.198,1.2560604460662619,0.08645279812972187,706.6857880557479,0.3186323497270031
104.9,1.198,1.256057998462878,0.08644794599209149,706.6885422091608,0.31863359152694914
104.91666666666667,1.198,1.2560555515843603,0.08644309530640731,706.6912955630146,0.31863483296638784
104.93333333333334,1.198,1.2560531054303596,0.08643824607196242,706.6940481176887,0.3186360740454903
104.95,1.198,1.2560506600005266,0.08643339828805041,706.6967998735622,0.3186373147644274
104.96666666666667,1.198,1.256048215294511,0.0864285519539653,706.6995508310144,0.3186385551233703
104.98333333333333,1.198,1.256045771311964,0.08642370706900161,706.7023009904242,0.31863979512248963
105.0,1.198,1.2560433280525367,0.08641886363245431,706.70505035217,0.31864103476195615
105.01666666666667,1.198,1.2560408855158804,0.08641402164361886,706.7077989166298,0.31864227404194034
105.03333333333333,1.198,1.2560384437016465,0.08640918110179122,706.7105466841818,0.31864351296261256
105.05,1.198,1.2560360026094872,0.0864043420062678,706.7132936552039,0.3186447515241433
105.06666666666666,1.198,1.256033562239054,0.08639950435634544,706.7160398300734,0.31864598972670266
105.08333333333333,1.198,1.2560311225899994,0.0863946681513215,706.7187852091678,0.3186472275704608
105.1,1.198,1.2560286836619758,0.08638983339049383,706.721529792864,0.31864846505558775
105.11666666666666,1.198,1.2560262454546358,0.0863850000731607,706.7242735815388,0.31864970218225336
105.13333333333334,1.198,1.2560238079676322,0.08638016819862088,706.7270165755687,0.3186509389506274
105.15,1.198,1.2560213712006187,0.0863753377661736,706.7297587753301,0.31865217536087953
105.16666666666667,1.198,1.256018935153248,0.08637050877511854,706.7325001811989,0.3186534114131793
105.18333333333334,1.198,1.2560164998251742,0.0863656812247559,706.735240793551,0.31865464710769614
105.2,1.198,1.256014065216051,0.08636085511438629,706.7379806127619,0.3186558824445994
105.21666666666667,1.198,1.2560116313255323,0.08635603044331083,706.7407196392072,0.31865711742405844
105.23333333333333,1.198,1.2560091981532728,0.08635120721083112,706.7434578732615,0.3186583520462421
105.25,1.198,1.2560067656989264,0.08634638541624919,706.7461953152998,0.3186595863113195
105.26666666666667,1.198,1.2560043339621483,0.08634156505886752,706.7489319656968,0.31866082021945963
105.28333333333333,1.198,1.2560019029425937,0.08633674613798913,706.7516678248265,0.31866205377083107
105.3,1.198,1.2559994726399173,0.08633192865291742,706.7544028930635,0.31866328696560264
105.31666666666666,1.198,1.2559970430537752,0.08632711260295631,706.757137170781,0.31866451980394284
105.33333333333333,1.198,1.2559946141838223,0.08632229798741019,706.7598706583532,0.31866575228602007
105.35,1.198,1.255992186029715,0.0863174848055839,706.7626033561529,0.31866698441200275
105.36666666666666,1.198,1.2559897585911093,0.08631267305678275,706.7653352645536,0.3186682161820591
105.38333333333334,1.198,1.2559873318676613,0.0863078627403125,706.768066383928,0.3186694475963572
105.4,1.198,1.2559849058590284,0.08630305385547937,706.7707967146487,0.3186706786550649
105.41666666666667,1.198,1.2559824805648665,0.08629824640159008,706.7735262570883,0.3186719093583505
105.43333333333334,1.198,1.2559800559848333,0.08629344037795175,706.7762550116184,0.31867313970638134
105.45,1.198,1.2559776321185858,0.08628863578387204,706.7789829786116,0.3186743696993254
105.46666666666667,1.198,1.2559752089657812,0.08628383261865905,706.781710158439,0.3186755993373501
105.48333333333333,1.198,1.2559727865260777,0.08627903088162128,706.7844365514721,0.318676828620623
105.5,1.198,1.2559703647991332,0.08627423057206776,706.7871621580822,0.3186780575493114
105.51666666666667,1.198,1.2559679437846056,0.08626943168930795,706.7898869786402,0.31867928612358254
105.53333333333333,1.198,1.2559655234821534,0.08626463423265182,706.7926110135166,0.3186805143436035
105.55,1.198,1.2559631038914354,0.08625983820140971,706.7953342630822,0.31868174220954143
105.56666666666666,1.198,1.2559606850121106,0.08625504359489247,706.7980567277066,0.318682969721563
105.58333333333333,1.198,1.2559582668438374,0.08625025041241147,706.8007784077604,0.31868419687983535
105.6,1.198,1.255955849386276,0.08624545865327841,706.8034993036129,0.31868542368452485
105.61666666666666,1.198,1.255953432639085,0.08624066831680557,706.8062194156336,0.31868665013579833
105.63333333333334,1.198,1.255951016601925,0.08623587940230562,706.8089387441917,0.31868787623382205
105.65,1.198,1.2559486012744556,0.08623109190909167,706.8116572896565,0.3186891019787627
105.66666666666667,1.198,1.255946186656337,0.08622630583647736,706.8143750523964,0.3186903273707861
105.68333333333334,1.198,1.2559437727472296,0.08622152118377677,706.8170920327801,0.31869155241005886
105.7,1.198,1.2559413595467943,0.08621673795030438,706.8198082311758,0.31869277709674676
105.71666666666667,1.198,1.2559389470546916,0.0862119561353752,706.8225236479515,0.3186940014310157
105.73333333333333,1.198,1.2559365352705831,0.08620717573830461,706.8252382834747,0.3186952254130316
105.75,1.198,1.2559341241941295,0.08620239675840856,706.8279521381138,0.3186964490429603
105.76666666666667,1.198,1.255931713824993,0.08619761919500334,706.8306652122352,0.3186976723209672
105.78333333333333,1.198,1.255929304162835,0.08619284304740576,706.8333775062064,0.31869889524721784
105.8,1.198,1.2559268952073177,0.08618806831493307,706.8360890203942,0.3187001178218777
105.81666666666666,1.198,1.2559244869581032,0.08618329499690298,706.838799755165,0.318701340045112
105.83333333333333,1.198,1.255922079414854,0.08617852309263366,706.8415097108855,0.318702561917086
105.85,1.198,1.2559196725772328,0.0861737526014437,706.8442188879214,0.31870378343796474
105.86666666666666,1.198,1.2559172664449023,0.08616898352265218,706.8469272866389,0.3187050046079131
105.88333333333334,1.198,1.255914861017526,0.0861642158555786,706.8496349074036,0.31870622542709615
105.9,1.198,1.2559124562947663,0.08615944959954294,706.8523417505808,0.31870744589567845
105.91666666666667,1.198,1.255910052276288,0.08615468475386566,706.8550478165357,0.31870866601382475
105.93333333333334,1.198,1.2559076489617542,0.08614992131786756,706.8577531056332,0.3187098857816995
105.95,1.198,1.2559052463508291,0.08614515929087008,706.860457618238,0.31871110519946727
105.96666666666667,1.198,1.255902844443177,0.08614039867219486,706.8631613547144,0.3187123242672921
105.98333333333333,1.198,1.2559004432384622,0.08613563946116422,706.8658643154268,0.3187135429853385
106.0,1.198,1.2558980427363489,0.0861308816571008,706.8685665007395,0.3187147613537706
106.01666666666667,1.198,1.255895642936503,0.08612612525932775,706.8712679110156,0.31871597937275215
106.03333333333333,1.198,1.2558932438385888,0.08612137026716861,706.8739685466189,0.3187171970424472
106.05,1.198,1.2558908454422721,0.08611661667994741,706.8766684079127,0.31871841436301956
106.06666666666666,1.198,1.2558884477472183,0.08611186449698865,706.87936749526,0.3187196313346328
106.08333333333333,1.198,1.255886050753093,0.08610711371761727,706.8820658090237,0.31872084795745076
106.1,1.198,1.255883654459562,0.08610236434115859,706.8847633495664,0.3187220642316366
106.11666666666666,1.198,1.2558812588662922,0.08609761636693845,706.8874601172499,0.31872328015735385
106.13333333333334,1.198,1.2558788639729497,0.08609286979428311,706.890156112437,0.31872449573476586
106.15,1.198,1.2558764697792009,0.08608812462251929,706.892851335489,0.3187257109640355
106.16666666666667,1.198,1.255874076284713,0.08608338085097411,706.895545786768,0.3187269258453261
106.18333333333334,1.198,1.2558716834891526,0.0860786384789752,706.8982394666352,0.3187281403788006
106.2,1.198,1.2558692913921876,0.08607389750585062,706.9009323754517,0.31872935456462165
106.21666666666667,1.198,1.2558668999934857,0.08606915793092884,706.9036245135784,0.318730568402952
106.23333333333333,1.198,1.2558645092927139,0.08606441975353882,706.906315881376,0.3187317818939544
106.25,1.198,1.2558621192895405,0.08605968297300992,706.9090064792051,0.3187329950377914
106.26666666666667,1.198,1.2558597299836338,0.08605494758867198,706.9116963074257,0.31873420783462525
106.28333333333333,1.198,1.2558573413746619,0.08605021359985528,706.914385366398,0.31873542028461843
106.3,1.198,1.2558549534622936,0.08604548100589053,706.9170736564816,0.31873663238793304
106.31666666666666,1.198,1.2558525662461981,0.08604074980610886,706.9197611780361,0.31873784414473116
106.33333333333333,1.198,1.2558501797260435,0.08603601999984188,706.922447931421,0.318739055555175
106.35,1.198,1.2558477939015,0.08603129158642164,706.9251339169948,0.3187402666194262
106.36666666666666,1.198,1.2558454087722368,0.08602656456518062,706.9278191351168,0.31874147733764663
106.38333333333334,1.198,1.2558430243379233,0.08602183893545175,706.9305035861455,0.3187426877099981
106.4,1.198,1.2558406405982296,0.08601711469656838,706.9331872704391,0.31874389773664197
106.41666666666667,1.198,1.2558382575528262,0.08601239184786431,706.9358701883559,0.31874510741773987
106.43333333333334,1.198,1.255835875201383,0.08600767038867384,706.9385523402539,0.3187463167534531
106.45,1.198,1.2558334935435707,0.08600295031833158,706.9412337264905,0.31874752574394305
106.46666666666667,1.198,1.25583111257906,0.0859982316361727,706.9439143474232,0.3187487343893707
106.48333333333333,1.198,1.2558287323075223,0.08599351434153277,706.9465942034094,0.3187499426898972
106.5,1.198,1.2558263527286284,0.08598879843374777,706.9492732948057,0.31875115064568343
106.51666666666667,1.198,1.2558239738420498,0.08598408391215415,706.9519516219693,0.31875235825689047
106.53333333333333,1.198,1.2558215956474579,0.08597937077608878,706.9546291852565,0.31875356552367884
106.55,1.198,1.2558192181445251,0.085974659024889,706.9573059850234,0.3187547724462092
106.56666666666666,1.198,1.2558168413329234,0.08596994865789256,706.9599820216264,0.3187559790246422
106.58333333333333,1.198,1.2558144652123246,0.08596523967443766,706.9626572954211,0.31875718525913815
106.6,1.198,1.2558120897824017,0.08596053207386292,706.9653318067632,0.31875839114985743
106.61666666666666,1.198,1.2558097150428271,0.08595582585550741,706.9680055560082,0.3187595966969604
106.63333333333334,1.198,1.255807340993274,0.0859511210187106,706.9706785435108,0.318760801900607
106.65,1.198,1.2558049676334153,0.08594641756281245,706.9733507696262,0.3187620067609574
106.66666666666667,1.198,1.2558025949629248,0.08594171548715335,706.976022234709,0.31876321127817125
106.68333333333334,1.198,1.2558002229814753,0.08593701479107407,706.9786929391139,0.31876441545240874
106.7,1.198,1.2557978516887414,0.08593231547391589,706.9813628831947,0.3187656192838293
106.71666666666667,1.198,1.2557954810843965,0.08592761753502047,706.9840320673057,0.3187668227725926
106.73333333333333,1.198,1.2557931111681155,0.0859229209737299,706.9867004918005,0.3187680259188582
106.75,1.198,1.2557907419395722,0.08591822578938674,706.9893681570329,0.31876922872278557
106.76666666666667,1.198,1.2557883733984412,0.08591353198133397,706.992035063356,0.3187704311845339
106.78333333333333,1.198,1.2557860055443977,0.08590883954891498,706.994701211123,0.31877163330426245
106.8,1.198,1.2557836383771166,0.08590414849147361,706.9973666006864,0.3187728350821302
106.81666666666666,1.198,1.2557812718962735,0.08589945880835417,707.0000312323994,0.31877403651829633
106.83333333333333,1.198,1.2557789061015436,0.08589477049890133,707.0026951066138,0.31877523761291954
106.85,1.198,1.2557765409926025,0.08589008356246024,707.0053582236823,0.3187764383661587
106.86666666666666,1.198,1.2557741765691264,0.08588539799837644,707.0080205839564,0.31877763877817256
106.88333333333334,1.198,1.2557718128307909,0.08588071380599595,707.0106821877882,0.3187788388491197
106.9,1.198,1.2557694497772727,0.08587603098466519,707.0133430355291,0.3187800385791585
106.91666666666667,1.198,1.2557670874082487,0.08587134953373099,707.0160031275302,0.3187812379684474
106.93333333333334,1.198,1.2557647257233953,0.0858666694525407,707.0186624641426,0.3187824370171446
106.95,1.198,1.2557623647223894,0.08586199074044198,707.0213210457173,0.3187836357254084
106.96666666666667,1.198,1.2557600044049082,0.08585731339678297,707.0239788726047,0.3187848340933969
106.98333333333333,1.198,1.2557576447706291,0.08585263742091226,707.0266359451554,0.318786032121268
107.0,1.198,1.25575528581923,0.08584796281217885,707.0292922637192,0.31878722980917956
107.01666666666667,1.198,1.2557529275503883,0.08584328956993219,707.0319478286463,0.3187884271572894
107.03333333333333,1.198,1.2557505699637823,0.0858386176935221,707.034602640286,0.31878962416575507
107.05,1.198,1.25574821305909,0.08583394718229886,707.0372566989885,0.3187908208347343
107.06666666666666,1.198,1.25574585683599,0.08582927803561322,707.0399100051025,0.31879201716438454
107.08333333333333,1.198,1.255743501294161,0.08582461025281624,707.0425625589769,0.31879321315486303
107.1,1.198,1.2557411464332817,0.08581994383325953,707.0452143609608,0.31879440880632715
107.11666666666666,1.198,1.2557387922530314,0.08581527877629506,707.0478654114027,0.31879560411893393
107.13333333333334,1.198,1.2557364387530892,0.08581061508127527,707.050515710651,0.31879679909284064
107.15,1.198,1.2557340859331345,0.08580595274755295,707.0531652590536,0.31879799372820405
107.16666666666667,1.198,1.255731733792847,0.0858012917744814,707.0558140569586,0.3187991880251812
107.18333333333334,1.198,1.255729382331907,0.08579663216141427,707.0584621047138,0.31880038198392874
107.2,1.198,1.255727031549994,0.08579197390770568,707.0611094026665,0.3188015756046034
107.21666666666667,1.198,1.2557246814467886,0.08578731701271017,707.0637559511639,0.31880276888736164
107.23333333333333,1.198,1.2557223320219717,0.08578266147578267,707.066401750553,0.31880396183236
107.25,1.198,1.2557199832752237,0.08577800729627857,707.0690468011807,0.31880515443975477
107.26666666666667,1.198,1.2557176352062251,0.08577335447355368,707.0716911033934,0.31880634670970226
107.28333333333333,1.198,1.255715287814658,0.08576870300696421,707.0743346575376,0.3188075386423587
107.3,1.198,1.255712941100203,0.08576405289586679,707.0769774639595,0.31880873023788003
107.31666666666666,1.198,1.255710595062542,0.0857594041396185,707.0796195230046,0.3188099214964223
107.33333333333333,1.198,1.2557082497013567,0.0857547567375768,707.082260835019,0.3188111124181413
107.35,1.198,1.2557059050163293,0.08575011068909963,707.084901400348,0.3188123030031928
107.36666666666666,1.198,1.2557035610071414,0.08574546599354531,707.0875412193369,0.3188134932517325
107.38333333333334,1.198,1.2557012176734759,0.08574082265027255,707.0901802923306,0.31881468316391604
107.4,1.198,1.255698875015015,0.08573618065864054,707.092818619674,0.3188158727398987
107.41666666666667,1.198,1.2556965330314422,0.08573154001800883,707.0954562017116,0.31881706197983595
107.43333333333334,1.198,1.25569419172244,0.08572690072773748,707.0980930387877,0.318818250883883
107.45,1.198,1.2556918510876913,0.08572226278718686,707.1007291312467,0.3188194394521951
107.46666666666667,1.198,1.2556895111268802,0.08571762619571785,707.1033644794322,0.3188206276849272
107.48333333333333,1.198,1.25568717183969,0.08571299095269166,707.1059990836881,0.3188218155822344
107.5,1.198,1.2556848332258044,0.08570835705747001,707.1086329443579,0.3188230031442715
107.51666666666667,1.198,1.2556824952849077,0.08570372450941495,707.1112660617845,0.3188241903711932
107.53333333333333,1.198,1.2556801580166836,0.08569909330788901,707.1138984363115,0.3188253772631544
107.55,1.198,1.2556778214208177,0.0856944634522551,707.1165300682812,0.3188265638203093
107.56666666666666,1.198,1.2556754854969936,0.08568983494187657,707.1191609580364,0.31882775004281266
107.58333333333333,1.198,1.2556731502448963,0.08568520777611721,707.1217911059197,0.3188289359308188
107.6,1.198,1.2556708156642113,0.08568058195434113,707.1244205122729,0.3188301214844819
107.61666666666666,1.198,1.2556684817546238,0.08567595747591292,707.1270491774382,0.31883130670395626
107.63333333333334,1.198,1.2556661485158187,0.08567133434019761,707.1296771017571,0.31883249158939586
107.65,1.198,1.2556638159474822,0.08566671254656061,707.1323042855713,0.31883367614095476
107.66666666666667,1.198,1.2556614840493,0.08566209209436774,707.1349307292221,0.31883486035878683
107.68333333333334,1.198,1.255659152820958,0.08565747298298525,707.1375564330505,0.31883604424304585
107.7,1.198,1.2556568222621427,0.08565285521177977,707.1401813973973,0.3188372277938854
107.71666666666667,1.198,1.2556544923725408,0.0856482387801184,707.1428056226031,0.3188384110114591
107.73333333333333,1.198,1.2556521631518385,0.08564362368736861,707.1454291090084,0.31883959389592054
107.75,1.198,1.255649834599723,0.08563900993289827,707.1480518569535,0.31884077644742315
107.76666666666667,1.198,1.2556475067158812,0.08563439751607572,707.1506738667783,0.31884195866612003
107.78333333333333,1.198,1.2556451795000005,0.08562978643626967,707.1532951388226,0.31884314055216456
107.8,1.198,1.2556428529517687,0.08562517669284922,707.1559156734257,0.31884432210570957
107.81666666666666,1.198,1.255640527070873,0.08562056828518397,707.1585354709273,0.31884550332690836
107.83333333333333,1.198,1.2556382018570016,0.08561596121264378,707.1611545316664,0.3188466842159137
107.85,1.198,1.2556358773098426,0.08561135547459908,707.1637728559817,0.3188478647728785
107.86666666666666,1.198,1.255633553429084,0.08560675107042061,707.1663904442123,0.31884904499795536
107.88333333333334,1.198,1.2556312302144144,0.08560214799947956,707.1690072966963,0.3188502248912969
107.9,1.198,1.2556289076655227,0.08559754626114752,707.1716234137722,0.3188514044530556
107.91666666666667,1.198,1.2556265857820978,0.08559294585479646,707.1742387957778,0.31885258368338393
107.93333333333334,1.198,1.2556242645638287,0.08558834677979882,707.1768534430511,0.31885376258243425
107.95,1.198,1.2556219440104048,0.08558374903552739,707.1794673559297,0.31885494115035873
107.96666666666667,1.198,1.2556196241215154,0.0855791526213554,707.1820805347509,0.31885611938730946
107.98333333333333,1.198,1.2556173048968504,0.08557455753665648,707.184692979852,0.3188572972934386
108.0,1.198,1.2556149863361,0.08556996378080466,707.1873046915698,0.31885847486889785
108.01666666666667,1.198,1.2556126684389535,0.08556537135317438,707.1899156702414,0.3188596521138393
108.03333333333333,1.198,1.2556103512051018,0.0855607802531405,707.1925259162031,0.31886082902841467
108.05,1.198,1.2556080346342353,0.08555619048007826,707.195135429791,0.3188620056127754
108.06666666666666,1.198,1.2556057187260445,0.08555160203336337,707.1977442113417,0.3188631818670733
108.08333333333333,1.198,1.2556034034802208,0.08554701491237184,707.2003522611907,0.3188643577914595
108.1,1.198,1.2556010888964548,0.08554242911648013,707.2029595796739,0.31886553338608564
108.11666666666666,1.198,1.2555987749744382,0.08553784464506517,707.2055661671268,0.31886670865110284
108.13333333333334,1.198,1.255596461713862,0.08553326149750422,707.2081720238846,0.3188678835866624
108.15,1.198,1.2555941491144185,0.08552867967317496,707.2107771502822,0.3188690581929151
108.16666666666667,1.198,1.2555918371757993,0.08552409917145548,707.2133815466545,0.31887023247001217
108.18333333333334,1.198,1.2555895258976963,0.08551951999172426,707.2159852133362,0.31887140641810446
108.2,1.198,1.2555872152798024,0.08551494213336022,707.2185881506617,0.31887258003734265
108.21666666666667,1.198,1.2555849053218093,0.08551036559574264,707.2211903589655,0.3188737533278776
108.23333333333333,1.198,1.2555825960234104,0.08550579037825123,707.2237918385808,0.31887492628985953
108.25,1.198,1.255580287384298,0.0855012164802661,707.2263925898422,0.3188760989234394
108.26666666666667,1.198,1.2555779794041655,0.08549664390116773,707.2289926130828,0.31887727122876736
108.28333333333333,1.198,1.2555756720827063,0.08549207264033706,707.231591908636,0.3188784432059936
108.3,1.198,1.2555733654196137,0.08548750269715538,707.234190476835,0.3188796148552685
108.31666666666666,1.198,1.2555710594145815,0.08548293407100438,707.2367883180128,0.3188807861767422
108.33333333333333,1.198,1.2555687540673033,0.08547836676126619,707.2393854325021,0.31888195717056467
108.35,1.198,1.2555664493774739,0.08547380076732333,707.2419818206353,0.31888312783688577
108.36666666666666,1.198,1.2555641453447863,0.08546923608855866,707.2445774827446,0.3188842981758554
108.38333333333334,1.198,1.2555618419689363,0.08546467272435554,707.2471724191623,0.31888546818762314
108.4,1.198,1.2555595392496175,0.08546011067409766,707.2497666302204,0.3188866378723389
108.41666666666667,1.198,1.2555572371865258,0.08545554993716914,707.2523601162502,0.318887807230152
108.43333333333334,1.198,1.2555549357793552,0.08545099051295445,707.2549528775835,0.318888976261212
108.45,1.198,1.2555526350278017,0.08544643240083849,707.2575449145513,0.31889014496566825
108.46666666666667,1.198,1.2555503349315604,0.08544187560020661,707.2601362274846,0.3188913133436698
108.48333333333333,1.198,1.2555480354903272,0.0854373201104445,707.2627268167145,0.31889248139536613
108.5,1.198,1.2555457367037977,0.08543276593093821,707.2653166825714,0.3188936491209061
108.51666666666667,1.198,1.2555434385716677,0.08542821306107426,707.2679058253858,0.31889481652043883
108.53333333333333,1.198,1.2555411410936341,0.08542366150023956,707.2704942454878,0.31889598359411303
108.55,1.198,1.2555388442693929,0.08541911124782134,707.2730819432076,0.31889715034207766
108.56666666666666,1.198,1.2555365480986407,0.08541456230320733,707.2756689188747,0.3188983167644812
108.58333333333333,1.198,1.2555342525810744,0.0854100146657856,707.278255172819,0.3188994828614725
108.6,1.198,1.255531957716391,0.08540546833494461,707.2808407053695,0.31890064863319995
108.61666666666666,1.198,1.2555296635042879,0.08540092331007323,707.2834255168557,0.31890181407981194
108.63333333333334,1.198,1.255527369944462,0.08539637959056072,707.2860096076063,0.31890297920145677
108.65,1.198,1.255525077036611,0.08539183717579674,707.2885929779502,0.31890414399828276
108.66666666666667,1.198,1.2555227847804333,0.08538729606517134,707.2911756282159,0.318905308470438
108.68333333333334,1.198,1.255520493175626,0.08538275625807495,707.2937575587317,0.31890647261807054
108.7,1.198,1.255518202221888,0.08537821775389842,707.2963387698256,0.3189076364413282
108.71666666666667,1.198,1.2555159119189176,0.08537368055203298,707.2989192618256,0.31890879994035887
108.73333333333333,1.198,1.255513622266413,0.08536914465187026,707.3014990350596,0.3189099631153104
108.75,1.198,1.2555113332640726,0.08536461005280224,707.3040780898549,0.3189111259663305
108.76666666666667,1.198,1.2555090449115962,0.08536007675422137,707.3066564265389,0.3189122884935666
108.78333333333333,1.198,1.2555067572086824,0.08535554475552043,707.3092340454385,0.3189134506971663
108.8,1.198,1.2555044701550309,0.0853510140560926,707.3118109468808,0.3189146125772768
108.81666666666666,1.198,1.2555021837503408,0.08534648465533148,707.3143871311922,0.3189157741340456
108.83333333333333,1.198,1.255499897994312,0.08534195655263102,707.3169625986997,0.31891693536761984
108.85,1.198,1.2554976128866444,0.0853374297473856,707.3195373497289,0.3189180962781465
108.86666666666666,1.198,1.255495328427038,0.08533290423898995,707.3221113846064,0.3189192568657728
108.88333333333334,1.198,1.2554930446151935,0.08532838002683925,707.3246847036576,0.31892041713064545
108.9,1.198,1.2554907614508108,0.085323857110329,707.3272573072085,0.3189215770729114
108.91666666666667,1.198,1.255488478933591,0.08531933548885513,707.3298291955844,0.3189227366927174
108.93333333333334,1.198,1.2554861970632345,0.08531481516181395,707.3324003691105,0.3189238959902101
108.95,1.198,1.2554839158394429,0.08531029612860216,707.3349708281119,0.3189250549655359
108.96666666666667,1.198,1.2554816352619171,0.08530577838861685,707.3375405729133,0.3189262136188415
108.98333333333333,1.198,1.2554793553303587,0.08530126194125545,707.3401096038396,0.318927371950273
109.0,1.198,1.2554770760444691,0.0852967467859159,707.3426779212149,0.3189285299599769
109.01666666666667,1.198,1.2554747974039504,0.08529223292199638,707.3452455253637,0.3189296876480993
109.03333333333333,1.198,1.2554725194085044,0.08528772034889559,707.3478124166097,0.3189308450147862
109.05,1.198,1.2554702420578334,0.08528320906601247,707.350378595277,0.3189320020601837
109.06666666666666,1.198,1.2554679653516396,0.08527869907274652,707.3529440616892,0.3189331587844378
109.08333333333333,1.198,1.2554656892896259,0.08527419036849747,707.3555088161694,0.3189343151876941
109.1,1.198,1.2554634138714948,0.08526968295266553,707.358072859041,0.3189354712700985
109.11666666666666,1.198,1.2554611390969495,0.08526517682465126,707.3606361906269,0.3189366270317965
109.13333333333334,1.198,1.2554588649656926,0.08526067198385559,707.3631988112502,0.3189377824729338
109.15,1.198,1.2554565914774278,0.08525616842967987,707.3657607212332,0.3189389375936557
109.16666666666667,1.198,1.255454318631859,0.08525166616152582,707.3683219208981,0.3189400923941075
109.18333333333334,1.198,1.2554520464286896,0.08524716517879555,707.3708824105674,0.31894124687443465
109.2,1.198,1.255449774867623,0.08524266548089153,707.3734421905632,0.31894240103478233
109.21666666666667,1.198,1.255447503948364,0.08523816706721668,707.3760012612071,0.3189435548752956
109.23333333333333,1.198,1.2554452336706166,0.08523366993717418,707.3785596228204,0.3189447083961192
109.25,1.198,1.255442964034085,0.08522917409016773,707.381117275725,0.31894586159739846
109.26666666666667,1.198,1.2554406950384744,0.08522467952560132,707.3836742202417,0.3189470144792778
109.28333333333333,1.198,1.2554384266834893,0.08522018624287936,707.3862304566915,0.31894816704190215
109.3,1.198,1.2554361589688348,0.08521569424140664,707.3887859853953,0.31894931928541614
109.31666666666666,1.198,1.255433891894216,0.0852112035205883,707.3913408066736,0.31895047120996417
109.33333333333333,1.198,1.2554316254593383,0.0852067140798299,707.393894920847,0.3189516228156909
109.35,1.198,1.255429359663908,0.08520222591853736,707.396448328235,0.3189527741027404
109.36666666666666,1.198,1.2554270945076293,0.08519773903611702,707.3990010291585,0.31895392507125736
109.38333333333334,1.198,1.2554248299902098,0.08519325343197554,707.4015530239366,0.31895507572138554
109.4,1.198,1.2554225661113552,0.08518876910552,707.404104312889,0.31895622605326923
109.41666666666667,1.198,1.255420302870771,0.08518428605615784,707.4066548963351,0.3189573760670524
109.43333333333334,1.198,1.255418040268165,0.08517980428329691,707.4092047745941,0.31895852576287886
109.45,1.198,1.255415778303243,0.08517532378634537,707.4117539479851,0.31895967514089263
109.46666666666667,1.198,1.255413516975712,0.08517084456471187,707.4143024168264,0.3189608242012372
109.48333333333333,1.198,1.2554112562852793,0.08516636661780533,707.4168501814372,0.3189619729440564
109.5,1.198,1.2554089962316524,0.0851618899450351,707.4193972421353,0.3189631213694937
109.51666666666667,1.198,1.255406736814538,0.08515741454581091,707.4219435992393,0.3189642694776926
109.53333333333333,1.198,1.2554044780336446,0.08515294041954286,707.4244892530669,0.3189654172687963
109.55,1.198,1.2554022198886796,0.0851484675656414,707.427034203936,0.31896656474294827
109.56666666666666,1.198,1.255399962379351,0.0851439959835174,707.429578452164,0.31896771190029155
109.58333333333333,1.198,1.2553977055053671,0.08513952567258211,707.4321219980685,0.3189688587409694
109.6,1.198,1.255395449266436,0.08513505663224709,707.4346648419667,0.31897000526512476
109.61666666666666,1.198,1.2553931936622669,0.08513058886192434,707.4372069841754,0.31897115147290056
109.63333333333334,1.198,1.255390938692568,0.08512612236102624,707.4397484250112,0.3189722973644395
109.65,1.198,1.2553886843570485,0.0851216571289655,707.4422891647911,0.31897344293988444
109.66666666666667,1.198,1.2553864306554174,0.08511719316515523,707.4448292038312,0.318974588199378
109.68333333333334,1.198,1.255384177587384,0.08511273046900891,707.4473685424479,0.3189757331430628
109.7,1.198,1.2553819251526577,0.0851082690399404,707.4499071809569,0.3189768777710813
109.71666666666667,1.198,1.2553796733509486,0.08510380887736395,707.4524451196742,0.31897802208357573
109.73333333333333,1.198,1.2553774221819658,0.08509934998069414,707.4549823589153,0.31897916608068866
109.75,1.198,1.2553751716454202,0.08509489234934597,707.4575188989957,0.318980309762562
109.76666666666667,1.198,1.2553729217410217,0.08509043598273479,707.4600547402305,0.31898145312933807
109.78333333333333,1.198,1.2553706724684803,0.08508598088027627,707.4625898829348,0.3189825961811589
109.8,1.198,1.2553684238275071,0.08508152704138658,707.4651243274233,0.3189837389181662
109.81666666666666,1.198,1.2553661758178118,0.08507707446548071,707.4676580740114,0.3189848813405025
109.83333333333333,1.198,1.2553639284391067,0.08507262315197758,707.4701911230125,0.31898602344830884
109.85,1.198,1.255361681691103,0.08506817310029427,707.4727234747406,0.318987165241727
109.86666666666666,1.198,1.2553594355735114,0.0850637243098481,707.4752551295103,0.3189883067208986
109.88333333333334,1.198,1.2553571900860436,0.08505927678005692,707.4777860876352,0.3189894478859652
109.9,1.198,1.2553549452284116,0.08505483051033906,707.4803163494288,0.31899058873706815
109.91666666666667,1.198,1.2553527010003267,0.08505038550011315,707.4828459152047,0.31899172927434877
109.93333333333334,1.198,1.2553504574015013,0.08504594174879823,707.4853747852765,0.31899286949794853
109.95,1.198,1.2553482144316472,0.08504149925581375,707.4879029599568,0.31899400940800826
109.96666666666667,1.198,1.2553459720904774,0.0850370580205795,707.4904304395586,0.31899514900466924
109.98333333333333,1.198,1.2553437303777044,0.08503261804251563,707.4929572243946,0.3189962882880723
110.0,1.198,1.2553414892930406,0.08502817932104272,707.4954833147772,0.31899742725835845
110.01666666666667,1.198,1.2553392488361992,0.08502374185558166,707.4980087110187,0.3189985659156684
110.03333333333333,1.198,1.2553370090068932,0.08501930564555375,707.5005334134311,0.3189997042601429
110.05,1.198,1.2553347698048363,0.0850148706903806,707.5030574223263,0.3190008422919225
110.06666666666666,1.198,1.2553325312297414,0.08501043698948431,707.505580738016,0.3190019800111478
110.08333333333333,1.198,1.2553302932813228,0.08500600454228718,707.5081033608117,0.3190031174179592
110.1,1.198,1.2553280559592939,0.08500157334821203,707.5106252910247,0.3190042545124972
110.11666666666666,1.198,1.2553258192633692,0.08499714340668194,707.5131465289661,0.31900539129490185
110.13333333333334,1.198,1.2553235831932625,0.08499271471712042,707.5156670749468,0.3190065277653134
110.15,1.198,1.2553213477486886,0.0849882872789513,707.5181869292774,0.319007663923872
110.16666666666667,1.198,1.2553191129293615,0.08498386109159883,707.5207060922687,0.3190087997707177
110.18333333333334,1.198,1.2553168787349966,0.08497943615448761,707.5232245642306,0.3190099353059903
110.2,1.198,1.2553146451653088,0.08497501246704256,707.5257423454736,0.31901107052982963
110.21666666666667,1.198,1.2553124122200128,0.08497059002868901,707.5282594363076,0.31901220544237563
110.23333333333333,1.198,1.255310179898824,0.08496616883885261,707.5307758370423,0.31901334004376775
110.25,1.198,1.2553079482014582,0.08496174889695943,707.5332915479871,0.31901447433414565
110.26666666666667,1.198,1.255305717127631,0.0849573302024359,707.5358065694516,0.31901560831364884
110.28333333333333,1.198,1.2553034866770583,0.08495291275470879,707.5383209017448,0.31901674198241664
110.3,1.198,1.2553012568494555,0.08494849655320523,707.5408345451757,0.31901787534058845
110.31666666666666,1.198,1.2552990276445397,0.08494408159735273,707.5433475000531,0.3190190083883034
110.33333333333333,1.198,1.2552967990620267,0.08493966788657917,707.5458597666857,0.31902014112570065
110.35,1.198,1.255294571101633,0.08493525542031274,707.548371345382,0.3190212735529194
110.36666666666666,1.198,1.2552923437630759,0.08493084419798208,707.5508822364496,0.3190224056700985
110.38333333333334,1.198,1.2552901170460717,0.0849264342190161,707.5533924401973,0.3190235374773768
110.4,1.198,1.255287890950338,0.08492202548284417,707.5559019569325,0.3190246689748931
110.41666666666667,1.198,1.255285665475592,0.08491761798889591,707.558410786963,0.3190258001627862
110.43333333333334,1.198,1.2552834406215507,0.08491321173660141,707.5609189305961,0.3190269310411947
110.45,1.198,1.2552812163879319,0.08490880672539101,707.5634263881393,0.3190280616102571
110.46666666666667,1.198,1.2552789927744539,0.08490440295469552,707.5659331598994,0.3190291918701118
110.48333333333333,1.198,1.2552767697808342,0.08490000042394605,707.5684392461834,0.31903032182089724
110.5,1.198,1.255274547406791,0.08489559913257408,707.5709446472978,0.3190314514627517
110.51666666666667,1.198,1.2552723256520428,0.08489119908001146,707.5734493635496,0.3190325807958134
110.53333333333333,1.198,1.2552701045163084,0.08488680026569037,707.5759533952445,0.31903370982022033
110.55,1.198,1.2552678839993057,0.08488240268904337,707.5784567426891,0.31903483853611064
110.56666666666666,1.198,1.255265664100754,0.08487800634950343,707.5809594061891,0.31903596694362224
110.58333333333333,1.198,1.2552634448203726,0.08487361124650379,707.5834613860502,0.31903709504289296
110.6,1.198,1.2552612261578804,0.08486921737947811,707.585962682578,0.3190382228340605
110.61666666666666,1.198,1.2552590081129968,0.08486482474786035,707.588463296078,0.3190393503172627
110.63333333333334,1.198,1.2552567906854417,0.0848604333510849,707.590963226855,0.319040477492637
110.65,1.198,1.2552545738749346,0.08485604318858644,707.5934624752146,0.31904160436032103
110.66666666666667,1.198,1.2552523576811951,0.08485165425980004,707.595961041461,0.31904273092045216
110.68333333333334,1.198,1.2552501421039437,0.08484726656416117,707.5984589258992,0.31904385717316774
110.7,1.198,1.2552479271429007,0.08484288010110558,707.6009561288332,0.319044983118605
110.71666666666667,1.198,1.2552457127977865,0.08483849487006942,707.6034526505676,0.3190461087569012
110.73333333333333,1.198,1.2552434990683217,0.08483411087048917,707.6059484914065,0.31904723408819335
110.75,1.198,1.2552412859542272,0.08482972810180169,707.6084436516533,0.31904835911261836
110.76666666666667,1.198,1.255239073455224,0.0848253465634442,707.6109381316122,0.3190494838303134
110.78333333333333,1.198,1.2552368615710332,0.08482096625485425,707.6134319315862,0.319050608241415
110.8,1.198,1.2552346503013756,0.08481658717546975,707.6159250518789,0.31905173234606016
110.81666666666666,1.198,1.2552324396459735,0.084812209324729,707.6184174927934,0.31905285614438544
110.83333333333333,1.198,1.255230229604548,0.08480783270207058,707.6209092546325,0.31905397963652754
110.85,1.198,1.2552280201768218,0.08480345730693353,707.6234003376987,0.31905510282262267
110.86666666666666,1.198,1.2552258113625159,0.08479908313875717,707.6258907422952,0.3190562257028075
110.88333333333334,1.198,1.255223603161353,0.08479471019698115,707.6283804687237,0.3190573482772182
110.9,1.198,1.2552213955730553,0.08479033848104559,707.6308695172868,0.3190584705459912
110.91666666666667,1.198,1.2552191885973456,0.08478596799039077,707.6333578882861,0.31905959250926247
110.93333333333334,1.198,1.2552169822339465,0.08478159872445755,707.6358455820239,0.3190607141671682
110.95,1.198,1.2552147764825807,0.08477723068268696,707.6383325988012,0.31906183551984424
110.96666666666667,1.198,1.2552125713429718,0.08477286386452049,707.64081893892,0.3190629565674267
110.98333333333333,1.198,1.2552103668148424,0.08476849826939992,707.6433046026812,0.3190640773100513
111.0,1.198,1.2552081628979164,0.08476413389676743,707.6457895903858,0.31906519774785375
111.01666666666667,1.198,1.255205959591917,0.08475977074606551,707.6482739023351,0.3190663178809698
111.03333333333333,1.198,1.2552037568965682,0.08475540881673704,707.6507575388292,0.3190674377095349
111.05,1.198,1.255201554811594,0.0847510481082252,707.653240500169,0.3190685572336846
111.06666666666666,1.198,1.2551993533367183,0.08474668861997356,707.6557227866548,0.3190696764535544
111.08333333333333,1.198,1.2551971524716656,0.08474233035142607,707.6582043985863,0.3190707953692793
111.1,1.198,1.2551949522161603,0.08473797330202695,707.660685336264,0.3190719139809949
